"address","city","country_code","domain","fid","kgmid","latitude","longitude","neighborhood","phone","phone_unformatted","place_id","popular_times_weekly/0/close","popular_times_weekly/0/day","popular_times_weekly/0/open","popular_times_weekly/1/close","popular_times_weekly/1/day","popular_times_weekly/1/open","popular_times_weekly/2/close","popular_times_weekly/2/day","popular_times_weekly/2/open","popular_times_weekly/3/close","popular_times_weekly/3/day","popular_times_weekly/3/open","popular_times_weekly/4/close","popular_times_weekly/4/day","popular_times_weekly/4/open","popular_times_weekly/5/close","popular_times_weekly/5/day","popular_times_weekly/5/open","popular_times_weekly/6/close","popular_times_weekly/6/day","popular_times_weekly/6/open","popular_times_weekly/7/close","popular_times_weekly/7/day","popular_times_weekly/7/open","postal_code","reviews_count","state","street","title","total_score","website"
"30 Bali Ln, KULON, Singapore 189866","Singapore","SG",,"0x31da19b412e46883:0xa427c00a224fab63","/g/11hs3v1bn1","1.3012255","103.8584004","30 Bali Ln","+6569294686","6929 4686","ChIJg2jkErQZ2jERY6tPIgrAJ6Q",,"Monday",,,"Monday",,,,,,,,,,,,,,,,,,,,"189866",,,"30 Bali Ln","KULON",,
"54 Zion Rd, IndoChili, Singapore 247779","Singapore","SG",,"0x31da19836ef50bb9:0x8e73d74c5232aa12","/g/11rvw520n","1.2929351","103.831227","54 Zion Rd","+6589228185","8922 8185","ChIJuQv1boMZ2jEREqoyUkzXc44","3pm","Monday","11:30am","3pm","Monday","11:30am",,,,,,,,,,,,,,,,,,,"247779",,,"54 Zion Rd","IndoChili",,
"94 Lor 4 Toa Payoh, #01-22 THREE. by Garamika, Singapore 310094","Singapore","SG",,"0x31da176a6ec198c3:0xe0cbad1787b9d7c4","/g/11k581v0qb","1.3388227","103.8496748","94 Lor 4 Toa Payoh, #01-22","+6580271333","8027 1333","ChIJw5jBbmoX2jERxNe5hxety-A","3pm","Monday","11am","3pm","Monday","11am",,,,,,,,,,,,,,,,,,,"310094",,,"94 Lor 4 Toa Payoh, #01-22","THREE. by Garamika",,
"6 Raffles Blvd, #02-201 Makan Makan, Singapore 039594","Singapore","SG",,"0x31da19252670010f:0x7ce44654e3752159","/g/11rydxypxv","1.2912061","103.8576768","6 Raffles Blvd, #02-201","+6562529848","6252 9848","ChIJDwFwJiUZ2jERWSF141RG5Hw","4pm","Monday","11am","4pm","Monday","11am",,,,,,,,,,,,,,,,,,,"039594",,,"6 Raffles Blvd, #02-201","Makan Makan",,
"Altez / Icon Village Extension, 16 Enggor St, #01-10 Bara Food Tanjong Pagar, Singapore 079717","Singapore","SG",,"0x31da1970b386aa81:0x3fe1694d371af197","/g/11frj609q2","1.2744873","103.8443179","Altez / Icon Village Extension, 16 Enggor St, #01-10","+6581826876","8182 6876","ChIJgaqGs3AZ2jERl_EaN01p4T8","8pm","Monday","8am","8pm","Monday","8am",,,,,,,,,,,,,,,,,,,"079717",,,"Altez / Icon Village Extension, 16 Enggor St, #01-10","Bara Food Tanjong Pagar",,
"304 Orchard Rd, #01-45 Paris Van Java, Lucky Plaza, Singapore 238863","Singapore","SG",,"0x31da19004bf68a03:0x232bd452cb131835","/g/11trh_0q5w","1.3045795","103.8340621","304 Orchard Rd, #01-45 Lucky Plaza","+6565399313","6539 9313","ChIJA4r2SwAZ2jERNRgTy1LUKyM","9pm","Monday","11am","9pm","Monday","11am",,,,,,,,,,,,,,,,,,,"238863",,,"304 Orchard Rd, #01-45 Lucky Plaza","Paris Van Java",,
"Lucky Plaza, 304 Orchard Rd, #01-42 Bebek Goreng Pak Ndut @Lucky Plaza, Orchard, Singapore 238863","Singapore","SG",,"0x31da199270bd8a55:0x3ce988ae33fdb9ab","/g/11g7zgnwrj","1.3045755","103.8340344","Lucky Plaza, 304 Orchard Rd, #01-42 Orchard","+6567344787","6734 4787","ChIJVYq9cJIZ2jERq7n9M66I6Tw","9:30pm","Monday","11am","9:30pm","Monday","11am",,,,,,,,,,,,,,,,,,,"238863",,,"Lucky Plaza, 304 Orchard Rd, #01-42 Orchard","Bebek Goreng Pak Ndut @Lucky Plaza",,
"10 Paya Lebar Rd, #02-09 Pondok Jawa, Singapore 409057","Singapore","SG",,"0x31da191e9b9fecc1:0x1ed1d8c4467b6319","/g/11xmv9m0q2","1.3175284","103.8928037","10 Paya Lebar Rd, #02-09","+6589052722","8905 2722","ChIJweyfmx4Z2jERGWN7RsTY0R4",,,,,,,,,,,,,,,,,,,,,,,,,"409057",,,"10 Paya Lebar Rd, #02-09","Pondok Jawa",,
"17 Petir Rd, #B2-57/58 Ayam Penyet President, Singapore 678278","Singapore","SG",,"0x31da11bb500fb449:0x1e834a4b6efe44d2","/g/11dx9x1xg_","1.3784644","103.7636339","17 Petir Rd, #B2-57/58","+6562655945","6265 5945","ChIJSbQPULsR2jER0kT-bktKgx4","9pm","Monday","7:30am","9pm","Monday","7:30am",,,,,,,,,,,,,,,,,,,"678278",,,"17 Petir Rd, #B2-57/58","Ayam Penyet President",,
"371 Beach Rd, #02-28 Palapa Indonesian Fast Food, City Gate, Singapore 199597","Singapore","SG",,"0x31da193f0b67dd21:0xde3cee62b0aa0c7b","/g/11y5gdwcr1","1.3023209","103.8623237","371 Beach Rd, #02-28 City Gate",,,"ChIJId1nCz8Z2jERewyqsGLuPN4","9pm","Monday","11am","9pm","Monday","11am",,,,,,,,,,,,,,,,,,,"199597",,,"371 Beach Rd, #02-28 City Gate","Palapa Indonesian Fast Food",,
"304 Orchard Rd, #03-39 Manise Indo Cuisine - Lucky Plaza, Lucky Plaza, Singapore 238863","Singapore","SG",,"0x31da13b9a77809c5:0xa8dcbf7f832e6b","/g/11tfx4q40d","1.3045795","103.8340621","304 Orchard Rd, #03-39 Lucky Plaza","+6594577363","9457 7363","ChIJxQl4p7kT2jERay6Df7_cqAA","7:30pm","Monday","11am","7:30pm","Monday","11am",,,,,,,,,,,,,,,,,,,"238863",,,"304 Orchard Rd, #03-39 Lucky Plaza","Manise Indo Cuisine - Lucky Plaza",,
"14 Scotts Rd, #05-22/23 Pondok Jawa Timur, Far East Plaza, Singapore 228213","Singapore","SG",,"0x31da19b0d446610d:0x3ad23ff6ed7de527","/g/11b6_nqh4h","1.3075867","103.8335336","14 Scotts Rd, #05-22/23 Far East Plaza","+6568845853","6884 5853","ChIJDWFG1LAZ2jERJ-V97fY_0jo","8pm","Monday","11am","8pm","Monday","11am",,,,,,,,,,,,,,,,,,,"228213",,,"14 Scotts Rd, #05-22/23 Far East Plaza","Pondok Jawa Timur",,
"601 MacPherson Rd, #01-61 WARUNG IJO | VEGETARIAN | VEGAN | INDONESIAN CUISINES | NO ALCOHOL | NO ONION GARLIC, Grantral Mall Tai Seng, Singapore 368242","Singapore","SG",,"0x31da1949d857c60d:0x52f4188e45fd31c","/g/11h4qmbw93","1.3338869","103.8881309","601 MacPherson Rd, #01-61 Grantral Mall Tai Seng","+6588578600","8857 8600","ChIJDcZX2EkZ2jERHNNf5IhBLwU","3pm","Monday","11am","3pm","Monday","11am",,,,,,,,,,,,,,,,,,,"368242",,,"601 MacPherson Rd, #01-61 Grantral Mall Tai Seng","WARUNG IJO | VEGETARIAN | VEGAN | INDONESIAN CUISINES | NO ALCOHOL | NO ONION GARLIC",,
"162 Rochor Rd, Warung Leko, Singapore 188437","Singapore","SG",,"0x31da19007c4e6f23:0x55ec356d022a2f71","/g/11yj7t00fp","1.3008967","103.8553637","162 Rochor Rd","+6585037499","8503 7499","ChIJI29OfAAZ2jERcS8qAm017FU","10pm","Monday","11am","10pm","Monday","11am",,,,,,,,,,,,,,,,,,,"188437",,,"162 Rochor Rd","Warung Leko",,
"290 Orchard Rd, #B1 - 44 Tambuah Mas Indonesian Restaurant Paragon Orchard | Michelin Guide, Paragon, Singapore 238859","Singapore","SG",,"0x31da1992320efb97:0x4f68b1b22f90990f","/g/1tj86z1_","1.3036434","103.8349946","290 Orchard Rd, #B1 - 44 Paragon","+6588262181","8826 2181","ChIJl_sOMpIZ2jERD5mQL7KxaE8","10pm","Monday","11am","10pm","Monday","11am",,,,,,,,,,,,,,,,,,,"238859",,,"290 Orchard Rd, #B1 - 44 Paragon","Tambuah Mas Indonesian Restaurant Paragon Orchard | Michelin Guide",,
"14 Scotts Rd, #01-23 Indo Rasa Singapore, Far East Plaza, Singapore 228213","Singapore","SG",,"0x31da19a9093e5909:0x9cb1c2afe10eeec4","/g/11sss93fls","1.3073044","103.8333325","14 Scotts Rd, #01-23 Far East Plaza","+6597202721","9720 2721","ChIJCVk-CakZ2jERxO4O4a_CsZw","9pm","Monday","10am","9pm","Monday","10am",,,,,,,,,,,,,,,,,,,"228213","437",,"14 Scotts Rd, #01-23 Far East Plaza","Indo Rasa Singapore","4.5",
"block 462 Crawford Ln, Impian Wahyu, Singapore 190462","Singapore","SG",,"0x31da19b9b7a17217:0x6a5cde6b75db03e8","/g/11cn0467mc","1.3048687","103.8616632","block 462 Crawford Ln","+6581207192","8120 7192","ChIJF3Kht7kZ2jER6APbdWveXGo","6pm","Monday","11am","6pm","Monday","11am",,,,,,,,,,,,,,,,,,,"190462",,,"block 462 Crawford Ln","Impian Wahyu",,
"6 Tanjong Pagar Plz, #02-06 Indonesian Cuisine, Singapore 081006","Singapore","SG",,"0x31da1900737c6615:0xbaf9957e47776e88","/g/11m5xwn1wq","1.2766945","103.8431415","6 Tanjong Pagar Plz, #02-06",,,"ChIJFWZ8cwAZ2jERiG53R36V-bo","3pm","Monday","9am","3pm","Sunday","9am",,"Saturday",,"3pm","Friday","9am","3pm","Thursday","9am","3pm","Wednesday","9am","3pm","Tuesday","9am","3pm","Monday","9am","081006","11",,"6 Tanjong Pagar Plz, #02-06","Indonesian Cuisine","4.7",
"50 Tras St, Cumi Bali, Singapore 078989","Singapore","SG",,"0x31da196d447f0e0f:0xa1bfeb8cfb7ee197","/g/1vs1pcp6","1.2781374","103.844249","50 Tras St","+6562206619","6220 6619","ChIJDw5_RG0Z2jERl-F--4zrv6E","2:30pm","Monday","11:30am","2:30pm","Sunday","11:30am","2:30pm","Saturday","11:30am","2:30pm","Friday","11:30am","2:30pm","Thursday","11:30am","2:30pm","Wednesday","11:30am","2:30pm","Tuesday","11:30am","2:30pm","Monday","11:30am","078989","724",,"50 Tras St","Cumi Bali","4.1",
"44 Kandahar St, Bumbu Restaurant, Singapore 198897","Singapore","SG",,"0x31da19b122a36dfd:0xe888a54734731ea7","/g/1tf7v78b","1.3018761","103.8599942","44 Kandahar St","+6563928628","6392 8628","ChIJ_W2jIrEZ2jERpx5zNEeliOg",,"Monday",,"3pm","Sunday","11am","3pm","Saturday","11am","3pm","Friday","11am","3pm","Thursday","11am","3pm","Wednesday","11am","3pm","Tuesday","11am",,"Monday",,"198897","606",,"44 Kandahar St","Bumbu Restaurant","4.4",
"23 Serangoon Central, #01-57 Ayam Penyet Ria - Nex, NEX, Singapore 556083","Singapore","SG",,"0x31da172db057dda3:0x14dfcc27d35b636","/g/11s3wg6s02","1.349972","103.8731256","23 Serangoon Central, #01-57 NEX","+6566772011","6677 2011","ChIJo91XsC0X2jERNrY1fcL8TQE","9:30pm","Monday","11am","9:30pm","Sunday","11am","9:30pm","Saturday","11am","9:30pm","Friday","11am","9:30pm","Thursday","11am","9:30pm","Wednesday","11am","9:30pm","Tuesday","11am","9:30pm","Monday","11am","556083","1100",,"23 Serangoon Central, #01-57 NEX","Ayam Penyet Ria - Nex","4.6",
"Telok Ayer St, #88 - 90 Pagi Sore Indonesian Restaurant (Family Business in Singapore since 1989), Singapore 048470","Singapore","SG",,"0x31da190c45674969:0x32ead82129cb068b","/g/1v_n913p","1.2826195","103.8486534","Telok Ayer St, #88 - 90","+6562256002","6225 6002","ChIJaUlnRQwZ2jERiwbLKSHY6jI","2pm","Monday","11:30am","2pm","Sunday","11:30am","2pm","Saturday","11:30am","2pm","Friday","11:30am","2pm","Thursday","11:30am","2pm","Wednesday","11:30am","2pm","Tuesday","11:30am","2pm","Monday","11:30am","048470","608",,"Telok Ayer St, #88 - 90","Pagi Sore Indonesian Restaurant (Family Business in Singapore since 1989)","4.1",
"10 Eunos Rd 8, B1-130 Bebek Goreng Pak Ndut @SingPost Centre, SingPost Centre, Singapore 408600","Singapore","SG",,"0x31da19005131c12f:0x6273d46dbdf09312","/g/11w37__7bw","1.3189418","103.8944605","10 Eunos Rd 8, B1-130 SingPost Centre","+6565137787","6513 7787","ChIJL8ExUQAZ2jEREpPwvW3Uc2I","9:30pm","Monday","11am","9:30pm","Sunday","11am","9:30pm","Saturday","11am","9:30pm","Friday","11am","9:30pm","Thursday","11am","9:30pm","Wednesday","11am","9:30pm","Tuesday","11am","9:30pm","Monday","11am","408600","263",,"10 Eunos Rd 8, B1-130 SingPost Centre","Bebek Goreng Pak Ndut @SingPost Centre","4.6",
"6 Eu Tong Sen St, #02-72 to 75/77/92 Rendezvous Restaurant Hock Lock Kee, The Central, Singapore 059817","Singapore","SG",,"0x31da190a9bbec0d7:0x35b0563210393588","/g/11r97xg_w","1.289174","103.846216","6 Eu Tong Sen St, #02-72 to 75/77/92 The Central","+6563397508","6339 7508","ChIJ18C-mwoZ2jERiDU5EDJWsDU","8:30pm","Monday","11:30am","8:30pm","Sunday","11:30am","8:30pm","Saturday","11:30am","8:30pm","Friday","11:30am","8:30pm","Thursday","11:30am","8:30pm","Wednesday","11:30am","8:30pm","Tuesday","11:30am","8:30pm","Monday","11:30am","059817","648",,"6 Eu Tong Sen St, #02-72 to 75/77/92 The Central","Rendezvous Restaurant Hock Lock Kee","4.2",
"3 Gateway Dr, #B1-11 Bebek Goreng Pak Ndut @Westgate, Westgate, Singapore 608532","Singapore","SG",,"0x31da1151af263f5f:0xa2517cc82d442a52","/g/11j4mw73r2","1.3337357","103.7425365","3 Gateway Dr, #B1-11 Westgate","+6565654787","6565 4787","ChIJXz8mr1ER2jERUipELch8UaI","9:30pm","Monday","11am","9:30pm","Sunday","11am","9:30pm","Saturday","11am","9:30pm","Friday","11am","9:30pm","Thursday","11am","9:30pm","Wednesday","11am","9:30pm","Tuesday","11am","9:30pm","Monday","11am","608532","560",,"3 Gateway Dr, #B1-11 Westgate","Bebek Goreng Pak Ndut @Westgate","4.5",
"18 & 18A Kandahar Street, Rumah Makan Minang - Kandahar Street, Singapore 198884","Singapore","SG",,"0x31da19b126f40b5d:0xf5b1f9ae92a2f622","/g/1tj30ms4","1.3022991","103.8595966","18 & 18A Kandahar Street","+6569777064","6977 7064","ChIJXQv0JrEZ2jERIvaikq75sfU","6:30pm","Monday","7:30am","6:30pm","Sunday","7:30am","6:30pm","Saturday","7:30am","6:30pm","Friday","7:30am","6:30pm","Thursday","7:30am","6:30pm","Wednesday","7:30am","6:30pm","Tuesday","7:30am","6:30pm","Monday","7:30am","198884","1529",,"18 & 18A Kandahar Street","Rumah Makan Minang - Kandahar Street","4.3",
"273 Tanjong Katong Rd, Ben’s Kitchen, Singapore 437056","Singapore","SG",,"0x31da1925bb4e735f:0x779b0d738e506706","/g/11k3wmcwxq","1.3070829","103.895667","273 Tanjong Katong Rd","+6560150232","6015 0232","ChIJX3NOuyUZ2jERBmdQjnMNm3c","3pm","Monday","11am","9pm","Sunday","11am","9pm","Saturday","11am","3pm","Friday","11am","3pm","Thursday","11am","3pm","Wednesday","11am","3pm","Tuesday","11am","3pm","Monday","11am","437056","378",,"273 Tanjong Katong Rd","Ben’s Kitchen","4.3",
"23 Serangoon Central, #01-57 WAYANG - NEX, NEX, Singapore 556083","Singapore","SG",,"0x31da1960d52ccefb:0x50ade511c51c851b","/g/11txnxk6_q","1.3507142","103.872392","23 Serangoon Central, #01-57 NEX","+6566772011","6677 2011","ChIJ-84s1WAZ2jERG4UcxRHlrVA","9pm","Monday","11am","9pm","Sunday","11am","9pm","Saturday","11am","9pm","Friday","11am","9pm","Thursday","11am","9pm","Wednesday","11am","9pm","Tuesday","11am","9pm","Monday","11am","556083","140",,"23 Serangoon Central, #01-57 NEX","WAYANG - NEX","4.5",
"405 Havelock Rd, Level 3 Kintamani Restaurant, Furama Riverfront, Singapore 169633","Singapore","SG",,"0x31da1977b165dfcd:0x536bab441be18fb7","/g/1tf7k223","1.2875615","103.8359488","405 Havelock Rd, Level 3 Furama Riverfront","+6567396463","6739 6463","ChIJzd9lsXcZ2jERt4_hG0Sra1M","2:30pm","Monday","12","2:30pm","Sunday","12","2:30pm","Saturday","12","2:30pm","Friday","12","2:30pm","Thursday","12","2:30pm","Wednesday","12","2:30pm","Tuesday","12","2:30pm","Monday","12","169633","1141",,"405 Havelock Rd, Level 3 Furama Riverfront","Kintamani Restaurant","4",
"78 Airport Blvd., #03-225/226 Tambuah Mas Jewel | Indonesian Restaurant, Jewel Changi Airport, Singapore 819666","Singapore","SG",,"0x31da3de05e6e543b:0xde0769c2c6c365d7","/g/11m77mf3tf","1.3597664","103.9897447","78 Airport Blvd., #03-225/226 Jewel Changi Airport","+6586832181","8683 2181","ChIJO1RuXuA92jER12XDxsJpB94","10pm","Monday","10am","10pm","Sunday","10am","10pm","Saturday","10am","10pm","Friday","10am","10pm","Thursday","10am","10pm","Wednesday","10am","10pm","Tuesday","10am","10pm","Monday","10am","819666","261",,"78 Airport Blvd., #03-225/226 Jewel Changi Airport","Tambuah Mas Jewel | Indonesian Restaurant","4.2",
"2 Tampines Central 5, #B1-20 Ayam Penyet President - Century Square Tampines, Century Square, Singapore 529509","Singapore","SG",,"0x31da3d11893d3b8f:0x79fe1217a808b049","/g/11b76v5qhz","1.352505","103.9439658","2 Tampines Central 5, #B1-20 Century Square","+6562602469","6260 2469","ChIJjzs9iRE92jERSbAIqBcS_nk","9pm","Monday","11:30am","9pm","Sunday","11am","9:30pm","Saturday","11am","9:30pm","Friday","11:30am","9pm","Thursday","11:30am","9pm","Wednesday","11:30am","9pm","Tuesday","11:30am","9pm","Monday","11:30am","529509","1256",,"2 Tampines Central 5, #B1-20 Century Square","Ayam Penyet President - Century Square Tampines","4.6",
"1 Kim Seng Promenade, B1-110/111 Tambuah Mas Great World | Halal Indonesian Restaurant, Great World, Singapore 237994","Singapore","SG",,"0x31da19a543cf7f43:0xca7549d7eacef751","/g/11fq_bb3w1","1.2931253","103.8319286","1 Kim Seng Promenade, B1-110/111 Great World","+6587112181","8711 2181","ChIJQ3_PQ6UZ2jERUffO6tdJdco","10pm","Monday","11am","10pm","Sunday","11am","10pm","Saturday","11am","10pm","Friday","11am","10pm","Thursday","11am","10pm","Wednesday","11am","10pm","Tuesday","11am","10pm","Monday","11am","237994","454",,"1 Kim Seng Promenade, B1-110/111 Great World","Tambuah Mas Great World | Halal Indonesian Restaurant","4.2",
"3 Temasek Blvd, B1-100 / 101 Chopstix & Rice | Indonesian Restaurant | Padang | Halal | Suntec City SG, Singapore 038983","Singapore","SG",,"0x31da198cd02537dd:0xa9f2e91e0223bee7","/g/1tg6s6wl","1.2950089","103.8599579","3 Temasek Blvd, B1-100 / 101","+6585337228","8533 7228","ChIJ3Tcl0IwZ2jER574jAh7p8qk","9:30pm","Monday","11am","9:30pm","Sunday","11am","9:30pm","Saturday","11am","9:30pm","Friday","11am","9:30pm","Thursday","11am","9:30pm","Wednesday","11am","9:30pm","Tuesday","11am","9:30pm","Monday","11am","038983","1326",,"3 Temasek Blvd, B1-100 / 101","Chopstix & Rice | Indonesian Restaurant | Padang | Halal | Suntec City SG","4.5",
"11 Jln Pisang, Hjh Maimunah Restaurant and Catering, Singapore 199078","Singapore","SG",,"0x31da19b72d5852b7:0xa32d8c892f4a6229","/g/1tkqxsy2","1.303149","103.8585258","11 Jln Pisang","+6562974294","6297 4294","ChIJt1JYLbcZ2jERKWJKL4mMLaM","7pm","Monday","7:30am",,"Sunday",,"7pm","Saturday","7:30am","7pm","Friday","7:30am","7pm","Thursday","7:30am","7pm","Wednesday","7:30am","7pm","Tuesday","7:30am","7pm","Monday","7:30am","199078","3357",,"11 Jln Pisang","Hjh Maimunah Restaurant and Catering","4.5",
"68 S Bridge Rd, #01-01 Fangko House, Singapore 058698","Singapore","SG",,"0x31da190af2522f29:0x8b45498c96b4c314","/g/11lhzg2fw2","1.2872892","103.8480636","68 S Bridge Rd, #01-01","+6592318849","9231 8849","ChIJKS9S8goZ2jERFMO0loxJRYs","6pm","Monday","8am","6pm","Sunday","8am","11pm","Saturday","8am","11pm","Friday","8am","11pm","Thursday","8am","11pm","Wednesday","8am","8:30pm","Tuesday","8am","6pm","Monday","8am","058698","1564",,"68 S Bridge Rd, #01-01","Fangko House","4.7",
"117 Aljunied Ave 2, #01-06 Indonesian Food House, Singapore 380117","Singapore","SG",,"0x31da1823c27ac89b:0x771e6fb914d843ef","/g/11hbg8vcmd","1.3208431","103.8868911","117 Aljunied Ave 2, #01-06",,,"ChIJm8h6wiMY2jER70PYFLlvHnc","11am","Monday","6:30","11am","Sunday","6:30","11am","Saturday","6:30","11am","Friday","6:30","11am","Thursday","6:30","11am","Wednesday","6:30","11am","Tuesday","6:30","11am","Monday","6:30","380117","37",,"117 Aljunied Ave 2, #01-06","Indonesian Food House","4.5",
"1 Pasir Ris Cl, #01-104 D'Penyetz - Downtown East, Singapore 519599","Singapore","SG",,"0x31da3d47ce894975:0xfd917d2afb1ead67","/g/11lgjnkvdl","1.3762197","103.9556301","1 Pasir Ris Cl, #01-104",,,"ChIJdUmJzkc92jERZ60e-yp9kf0","9:30pm","Monday","11am","9:30pm","Sunday","11am","9:30pm","Saturday","11am","9:30pm","Friday","11am","9:30pm","Thursday","11am","9:30pm","Wednesday","11am","9:30pm","Tuesday","11am","9:30pm","Monday","11am","519599","252",,"1 Pasir Ris Cl, #01-104","D'Penyetz - Downtown East","4.3",
"304 Orchard Rd, #02-66/67 Minang House, Lucky Plaza, Singapore 238863","Singapore","SG",,"0x31da19926d40711d:0x7b0be1d0321bdd4b","/g/1wk7nd3c",,,"304 Orchard Rd, #02-66/67 Lucky Plaza","+6568874702","6887 4702","ChIJHXFAbZIZ2jERS90bMtDhC3s","6pm","Monday","10:30am","6pm","Sunday","10:30am","6pm","Saturday","10:30am","6pm","Friday","10:30am","6pm","Thursday","10:30am","6pm","Wednesday","10:30am","6pm","Tuesday","10:30am","6pm","Monday","10:30am","238863","358",,"304 Orchard Rd, #02-66/67 Lucky Plaza","Minang House",,
"7 Pasir Ris Central, B2-37 Taste of Indonesia @ Pasir Ris Mall, Mall 519612","Mall","SG",,"0x31da3d0048926795:0x5114e839e1fe6692","/g/11vzlnjd03",,,"7 Pasir Ris Central, B2-37","+6569887204","6988 7204","ChIJlWeSSAA92jERkmb-4TnoFFE","9:30pm","Monday","10:30am","9:30pm","Sunday","10:30am","10:30pm","Saturday","10:30am","10:30pm","Friday","10:30am","9:30pm","Thursday","10:30am","9:30pm","Wednesday","10:30am","9:30pm","Tuesday","10:30am","9:30pm","Monday","10:30am","519612","62",,"7 Pasir Ris Central, B2-37","Taste of Indonesia @ Pasir Ris Mall",,
"268A Toa Payoh E, Roso Jowo Indonesian Cuisine By Mbak Siti Osbel, Singapore 311268","Singapore","SG",,"0x31da177ff2274e15:0xa8e63ad8cddd6f65","/g/11nr54t1ll",,,"268A Toa Payoh E","+6581101093","8110 1093","ChIJFU4n8n8X2jERZW_dzdg65qg",,"Monday",,"3pm","Sunday","8am","10pm","Saturday","11am",,"Friday",,,"Thursday",,,"Wednesday",,,"Tuesday",,,"Monday",,"311268","2",,"268A Toa Payoh E","Roso Jowo Indonesian Cuisine By Mbak Siti Osbel",,
"129 Bedok North Street 2, #01-46 Pak Lek, Block 129, Singapore 460129","Singapore","SG",,"0x31da3d9b90e8b725:0xc8b1368e05bce880","/g/11t9qxqgwc",,,"129 Bedok North Street 2, #01-46 Block 129",,,"ChIJJbfokJs92jERgOi8BY42scg","7pm","Monday","7am","7pm","Sunday","7am","7pm","Saturday","7am","7pm","Friday","7am","7pm","Thursday","7am","7pm","Wednesday","7am",,"Tuesday",,"7pm","Monday","7am","460129","8",,"129 Bedok North Street 2, #01-46 Block 129","Pak Lek",,
"51 Bencoolen St, #01-05 Putra Minang Restaurant Bencoolen, Singapore 189630","Singapore","SG",,"0x31da19faa330d147:0x815145de046b9fd8","/g/11p02qpf64",,,"51 Bencoolen St, #01-05","+6582623535","8262 3535","ChIJR9Ewo_oZ2jER2J9rBN5FUYE","9pm","Monday","9am","9pm","Sunday","9am","9pm","Saturday","9am","9pm","Friday","9am","9pm","Thursday","9am","9pm","Wednesday","9am","9pm","Tuesday","9am","9pm","Monday","9am","189630","635",,"51 Bencoolen St, #01-05","Putra Minang Restaurant Bencoolen",,
"151 Lorong Chuan, #01-24 D'Penyetz Lorong Chuan, Singapore 556741","Singapore","SG",,"0x31da1750bdf39553:0x9829e7011a2388d6","/g/11r36grjtf",,,"151 Lorong Chuan, #01-24",,,"ChIJU5XzvVAX2jER1ogjGgHnKZg","8:30pm","Monday","11am","8:30pm","Sunday","11am","8:30pm","Saturday","11am","8:30pm","Friday","11am","8:30pm","Thursday","11am","8:30pm","Wednesday","11am","8:30pm","Tuesday","11am","8:30pm","Monday","11am","556741","133",,"151 Lorong Chuan, #01-24","D'Penyetz Lorong Chuan",,
"Blk 810, #05-06 Geylang Rd, Waroeng Bakso by Hamburguesa, City Plaza, Singapore 409286","Singapore","SG",,"0x31da1910b21ec1ed:0xcb3a9a544387ba36","/g/11q7ft4yt2",,,"Blk 810, #05-06 Geylang Rd, City Plaza","+6589000901","8900 0901","ChIJ7cEeshAZ2jERNrqHQ1SaOss",,"Monday",,"8pm","Sunday","10am","8pm","Saturday","10am",,"Friday",,,"Thursday",,,"Wednesday",,,"Tuesday",,,"Monday",,"409286","57",,"Blk 810, #05-06 Geylang Rd, City Plaza","Waroeng Bakso by Hamburguesa",,
"930 Yishun Ave 2, B1-54 Ayam Penyet President, Northpoint City North Wing, Singapore 769098","Singapore","SG",,"0x31da146f818230eb:0x3f08f74d65860828","/g/11fx95kt_h",,,"930 Yishun Ave 2, B1-54 Northpoint City North Wing","+6562572991","6257 2991","ChIJ6zCCgW8U2jERKAiGZU33CD8","9pm","Monday","11:30am","9pm","Sunday","11am","9:30pm","Saturday","11am","9:30pm","Friday","11:30am","9pm","Thursday","11:30am","9pm","Wednesday","11:30am","9pm","Tuesday","11:30am","9pm","Monday","11:30am","769098","1.395",,"930 Yishun Ave 2, B1-54 Northpoint City North Wing","Ayam Penyet President",,
"6 Woodlands Square, Mall, B2-03 Ayam Penyet Ria, Woods Square, Singapore 737737","Singapore","SG",,"0x31da1375734a765f:0xce6ff52986406841","/g/11n_2c5cdw",,,"6 Woodlands Square, Mall, B2-03 Woods Square","+6565133125","6513 3125","ChIJX3ZKc3UT2jERQWhAhin1b84","9pm","Monday","11am","9pm","Sunday","11am","9pm","Saturday","11am","9pm","Friday","11am","9pm","Thursday","11am","9pm","Wednesday","11am","9pm","Tuesday","11am","9pm","Monday","11am","737737","380",,"6 Woodlands Square, Mall, B2-03 Woods Square","Ayam Penyet Ria",,
"304 Orchard Rd, #04-25/27 Ayam Penyet Ria - Lucky Plaza, Singapore 238863","Singapore","SG",,"0x31da1992129014d1:0x869f55c820947fad","/g/1tdd2smt",,,"304 Orchard Rd, #04-25/27","+6562357385","6235 7385","ChIJ0RSQEpIZ2jERrX-UIMhVn4Y","8:30pm","Monday","11am","8:30pm","Sunday","10am","8:30pm","Saturday","11am","8:30pm","Friday","11am","8:30pm","Thursday","11am","8:30pm","Wednesday","11am","8:30pm","Tuesday","11am","8:30pm","Monday","11am","238863","1.146",,"304 Orchard Rd, #04-25/27","Ayam Penyet Ria - Lucky Plaza",,
"220 Orchard Rd, B1-04/05 Jtown Cafe, Midpoint Orchard, Singapore 238852","Singapore","SG",,"0x31da19913385be13:0x1b399aca74759ac6","/g/1tls0c2f",,,"220 Orchard Rd, B1-04/05 Midpoint Orchard","+6592305040","9230 5040","ChIJE76FM5EZ2jERxpp1dMqaORs",,"Monday",,"8pm","Sunday","11:30am","8:15pm","Saturday","11:45am","8:15pm","Friday","11:45am","8pm","Thursday","11:45am","8pm","Wednesday","11:45am","8pm","Tuesday","11:45am",,"Monday",,"238852","627",,"220 Orchard Rd, B1-04/05 Midpoint Orchard","Jtown Cafe",,
"B2-K3, 15 Paya Lebar Rd, Papa Ayam PLQ Mall, Singapore 409049","Singapore","SG",,"0x31da19c0cfd0806f:0x8359b70230e090e5","/g/11k0695zyg",,,"B2-K3, 15 Paya Lebar Rd","+6586983921","8698 3921","ChIJb4DQz8AZ2jER5ZDgMAK3WYM","9:30pm","Monday","10:30am","9:30pm","Sunday","10:30am","9:30pm","Saturday","10:30am","9:30pm","Friday","10:30am","9:30pm","Thursday","10:30am","9:30pm","Wednesday","10:30am","9:30pm","Tuesday","10:30am","9:30pm","Monday","10:30am","409049","326",,"B2-K3, 15 Paya Lebar Rd","Papa Ayam PLQ Mall",,
"68 Orchard Rd, #06-15/17 Riverside Indonesian BBQ, Singapore 238839","Singapore","SG",,"0x31da19bd7ec8ac73:0x7379f59ccf5fae1a","/g/1tgyt6tg",,,"68 Orchard Rd, #06-15/17",,,"ChIJc6zIfr0Z2jERGq5fz5z1eXM","10pm","Monday","10am","10pm","Sunday","10am","10pm","Saturday","10am","10pm","Friday","10am","10pm","Thursday","10am","10pm","Wednesday","10am","10pm","Tuesday","10am","10pm","Monday","10am","238839","168",,"68 Orchard Rd, #06-15/17","Riverside Indonesian BBQ",,
"30 Bali Ln, KULON, Singapore 189866","Singapore","SG",,"0x31da19b412e46883:0xa427c00a224fab63","/g/11hs3v1bn1","1.3012255","103.8584004","30 Bali Ln","+6569294686","6929 4686","ChIJg2jkErQZ2jERY6tPIgrAJ6Q",,"Monday",,,"Monday",,,,,,,,,,,,,,,,,,,,"189866",,,"30 Bali Ln","KULON",,
"94 Lor 4 Toa Payoh, #01-22 THREE. by Garamika, Singapore 310094","Singapore","SG",,"0x31da176a6ec198c3:0xe0cbad1787b9d7c4","/g/11k581v0qb","1.3388227","103.8496748","94 Lor 4 Toa Payoh, #01-22","+6580271333","8027 1333","ChIJw5jBbmoX2jERxNe5hxety-A","3pm","Monday","11am","3pm","Monday","11am",,,,,,,,,,,,,,,,,,,"310094",,,"94 Lor 4 Toa Payoh, #01-22","THREE. by Garamika",,
"54 Zion Rd, IndoChili, Singapore 247779","Singapore","SG",,"0x31da19836ef50bb9:0x8e73d74c5232aa12","/g/11rvw520n","1.2929351","103.831227","54 Zion Rd","+6589228185","8922 8185","ChIJuQv1boMZ2jEREqoyUkzXc44","3pm","Monday","11:30am","3pm","Monday","11:30am",,,,,,,,,,,,,,,,,,,"247779",,,"54 Zion Rd","IndoChili",,
"304 Orchard Rd, #01-45 Paris Van Java, Lucky Plaza, Singapore 238863","Singapore","SG",,"0x31da19004bf68a03:0x232bd452cb131835","/g/11trh_0q5w","1.3045795","103.8340621","304 Orchard Rd, #01-45 Lucky Plaza","+6565399313","6539 9313","ChIJA4r2SwAZ2jERNRgTy1LUKyM","9pm","Monday","11am","9pm","Monday","11am",,,,,,,,,,,,,,,,,,,"238863",,,"304 Orchard Rd, #01-45 Lucky Plaza","Paris Van Java",,
"Altez / Icon Village Extension, 16 Enggor St, #01-10 Bara Food Tanjong Pagar, Singapore 079717","Singapore","SG",,"0x31da1970b386aa81:0x3fe1694d371af197","/g/11frj609q2","1.2744873","103.8443179","Altez / Icon Village Extension, 16 Enggor St, #01-10","+6581826876","8182 6876","ChIJgaqGs3AZ2jERl_EaN01p4T8","8pm","Monday","8am","8pm","Monday","8am",,,,,,,,,,,,,,,,,,,"079717",,,"Altez / Icon Village Extension, 16 Enggor St, #01-10","Bara Food Tanjong Pagar",,
"Lucky Plaza, 304 Orchard Rd, #01-42 Bebek Goreng Pak Ndut @Lucky Plaza, Orchard, Singapore 238863","Singapore","SG",,"0x31da199270bd8a55:0x3ce988ae33fdb9ab","/g/11g7zgnwrj","1.3045755","103.8340344","Lucky Plaza, 304 Orchard Rd, #01-42 Orchard","+6567344787","6734 4787","ChIJVYq9cJIZ2jERq7n9M66I6Tw","9:30pm","Monday","11am","9:30pm","Monday","11am",,,,,,,,,,,,,,,,,,,"238863",,,"Lucky Plaza, 304 Orchard Rd, #01-42 Orchard","Bebek Goreng Pak Ndut @Lucky Plaza",,
"162 Rochor Rd, Warung Leko, Singapore 188437","Singapore","SG",,"0x31da19007c4e6f23:0x55ec356d022a2f71","/g/11yj7t00fp","1.3008967","103.8553637","162 Rochor Rd","+6585037499","8503 7499","ChIJI29OfAAZ2jERcS8qAm017FU","10pm","Monday","11am","10pm","Monday","11am",,,,,,,,,,,,,,,,,,,"188437",,,"162 Rochor Rd","Warung Leko",,
"601 MacPherson Rd, #01-61 WARUNG IJO | VEGETARIAN | VEGAN | INDONESIAN CUISINES | NO ALCOHOL | NO ONION GARLIC, Grantral Mall Tai Seng, Singapore 368242","Singapore","SG",,"0x31da1949d857c60d:0x52f4188e45fd31c","/g/11h4qmbw93","1.3338869","103.8881309","601 MacPherson Rd, #01-61 Grantral Mall Tai Seng","+6588578600","8857 8600","ChIJDcZX2EkZ2jERHNNf5IhBLwU","3pm","Monday","11am","3pm","Monday","11am",,,,,,,,,,,,,,,,,,,"368242",,,"601 MacPherson Rd, #01-61 Grantral Mall Tai Seng","WARUNG IJO | VEGETARIAN | VEGAN | INDONESIAN CUISINES | NO ALCOHOL | NO ONION GARLIC",,
"17 Petir Rd, #B2-57/58 Ayam Penyet President, Singapore 678278","Singapore","SG",,"0x31da11bb500fb449:0x1e834a4b6efe44d2","/g/11dx9x1xg_","1.3784644","103.7636339","17 Petir Rd, #B2-57/58","+6562655945","6265 5945","ChIJSbQPULsR2jER0kT-bktKgx4","9pm","Monday","7:30am","9pm","Monday","7:30am",,,,,,,,,,,,,,,,,,,"678278",,,"17 Petir Rd, #B2-57/58","Ayam Penyet President",,
"304 Orchard Rd, #04-61/62 INDONESIA BOLEH, Singapore 238863","Singapore","SG",,"0x31da19005009d5df:0xc4786cf40756eece","/g/11xly5wwf3","1.3045755","103.8340344","304 Orchard Rd, #04-61/62","+6587863687","8786 3687","ChIJ39UJUAAZ2jERzu5WB_RseMQ","7:30pm","Monday","10:30am","7:30pm","Monday","10:30am",,,,,,,,,,,,,,,,,,,"238863",,,"304 Orchard Rd, #04-61/62","INDONESIA BOLEH",,
"14 Scotts Rd, #05-22/23 Pondok Jawa Timur, Far East Plaza, Singapore 228213","Singapore","SG",,"0x31da19b0d446610d:0x3ad23ff6ed7de527","/g/11b6_nqh4h","1.3075867","103.8335336","14 Scotts Rd, #05-22/23 Far East Plaza","+6568845853","6884 5853","ChIJDWFG1LAZ2jERJ-V97fY_0jo","8pm","Monday","11am","8pm","Monday","11am",,,,,,,,,,,,,,,,,,,"228213",,,"14 Scotts Rd, #05-22/23 Far East Plaza","Pondok Jawa Timur",,
"block 462 Crawford Ln, Impian Wahyu, Singapore 190462","Singapore","SG",,"0x31da19b9b7a17217:0x6a5cde6b75db03e8","/g/11cn0467mc","1.3048687","103.8616632","block 462 Crawford Ln","+6581207192","8120 7192","ChIJF3Kht7kZ2jER6APbdWveXGo","6pm","Monday","11am","6pm","Monday","11am",,,,,,,,,,,,,,,,,,,"190462",,,"block 462 Crawford Ln","Impian Wahyu",,
"18 & 18A Kandahar Street, Rumah Makan Minang - Kandahar Street, Singapore 198884","Singapore","SG",,"0x31da19b126f40b5d:0xf5b1f9ae92a2f622","/g/1tj30ms4","1.3022991","103.8595966","18 & 18A Kandahar Street","+6569777064","6977 7064","ChIJXQv0JrEZ2jERIvaikq75sfU","6:30pm","Monday","7:30am","6:30pm","Monday","7:30am",,,,,,,,,,,,,,,,,,,"198884",,,"18 & 18A Kandahar Street","Rumah Makan Minang - Kandahar Street",,
"371 Beach Rd, #02-28 Palapa Indonesian Fast Food, City Gate, Singapore 199597","Singapore","SG",,"0x31da193f0b67dd21:0xde3cee62b0aa0c7b","/g/11y5gdwcr1","1.3023209","103.8623237","371 Beach Rd, #02-28 City Gate",,,"ChIJId1nCz8Z2jERewyqsGLuPN4","9pm","Monday","11am","9pm","Monday","11am",,,,,,,,,,,,,,,,,,,"199597",,,"371 Beach Rd, #02-28 City Gate","Palapa Indonesian Fast Food",,
"50 Tras St, Cumi Bali, Singapore 078989","Singapore","SG",,"0x31da196d447f0e0f:0xa1bfeb8cfb7ee197","/g/1vs1pcp6","1.2781374","103.844249","50 Tras St","+6562206619","6220 6619","ChIJDw5_RG0Z2jERl-F--4zrv6E","2:30pm","Monday","11:30am","2:30pm","Sunday","11:30am","2:30pm","Saturday","11:30am","2:30pm","Friday","11:30am","2:30pm","Thursday","11:30am","2:30pm","Wednesday","11:30am","2:30pm","Tuesday","11:30am","2:30pm","Monday","11:30am","078989","724",,"50 Tras St","Cumi Bali","4.1",
"6 Tanjong Pagar Plz, #02-06 Indonesian Cuisine, Singapore 081006","Singapore","SG",,"0x31da1900737c6615:0xbaf9957e47776e88","/g/11m5xwn1wq","1.2766945","103.8431415","6 Tanjong Pagar Plz, #02-06",,,"ChIJFWZ8cwAZ2jERiG53R36V-bo","3pm","Monday","9am","3pm","Sunday","9am",,"Saturday",,"3pm","Friday","9am","3pm","Thursday","9am","3pm","Wednesday","9am","3pm","Tuesday","9am","3pm","Monday","9am","081006","11",,"6 Tanjong Pagar Plz, #02-06","Indonesian Cuisine","4.7",
"44 Kandahar St, Bumbu Restaurant, Singapore 198897","Singapore","SG",,"0x31da19b122a36dfd:0xe888a54734731ea7","/g/1tf7v78b","1.3018761","103.8599942","44 Kandahar St","+6563928628","6392 8628","ChIJ_W2jIrEZ2jERpx5zNEeliOg",,"Monday",,"3pm","Sunday","11am","3pm","Saturday","11am","3pm","Friday","11am","3pm","Thursday","11am","3pm","Wednesday","11am","3pm","Tuesday","11am",,"Monday",,"198897","606",,"44 Kandahar St","Bumbu Restaurant","4.4",
"290 Orchard Rd, #B1 - 44 Tambuah Mas Indonesian Restaurant Paragon Orchard | Michelin Guide, Paragon, Singapore 238859","Singapore","SG",,"0x31da1992320efb97:0x4f68b1b22f90990f","/g/1tj86z1_","1.3036434","103.8349946","290 Orchard Rd, #B1 - 44 Paragon","+6588262181","8826 2181","ChIJl_sOMpIZ2jERD5mQL7KxaE8","10pm","Monday","11am","10pm","Sunday","11am","10pm","Saturday","11am","10pm","Friday","11am","10pm","Thursday","11am","10pm","Wednesday","11am","10pm","Tuesday","11am","10pm","Monday","11am","238859","1102",,"290 Orchard Rd, #B1 - 44 Paragon","Tambuah Mas Indonesian Restaurant Paragon Orchard | Michelin Guide","4.1",
"Telok Ayer St, #88 - 90 Pagi Sore Indonesian Restaurant (Family Business in Singapore since 1989), Singapore 048470","Singapore","SG",,"0x31da190c45674969:0x32ead82129cb068b","/g/1v_n913p","1.2826195","103.8486534","Telok Ayer St, #88 - 90","+6562256002","6225 6002","ChIJaUlnRQwZ2jERiwbLKSHY6jI","2pm","Monday","11:30am","2pm","Sunday","11:30am","2pm","Saturday","11:30am","2pm","Friday","11:30am","2pm","Thursday","11:30am","2pm","Wednesday","11:30am","2pm","Tuesday","11:30am","2pm","Monday","11:30am","048470","608",,"Telok Ayer St, #88 - 90","Pagi Sore Indonesian Restaurant (Family Business in Singapore since 1989)","4.1",
"11 Jln Pisang, Hjh Maimunah Restaurant and Catering, Singapore 199078","Singapore","SG",,"0x31da19b72d5852b7:0xa32d8c892f4a6229","/g/1tkqxsy2","1.303149","103.8585258","11 Jln Pisang","+6562974294","6297 4294","ChIJt1JYLbcZ2jERKWJKL4mMLaM","7pm","Monday","7:30am",,"Sunday",,"7pm","Saturday","7:30am","7pm","Friday","7:30am","7pm","Thursday","7:30am","7pm","Wednesday","7:30am","7pm","Tuesday","7:30am","7pm","Monday","7:30am","199078","3357",,"11 Jln Pisang","Hjh Maimunah Restaurant and Catering","4.5",
"1 Pasir Ris Cl, #01-104 D'Penyetz - Downtown East, Singapore 519599","Singapore","SG",,"0x31da3d47ce894975:0xfd917d2afb1ead67","/g/11lgjnkvdl","1.3762197","103.9556301","1 Pasir Ris Cl, #01-104",,,"ChIJdUmJzkc92jERZ60e-yp9kf0","9:30pm","Monday","11am","9:30pm","Sunday","11am","9:30pm","Saturday","11am","9:30pm","Friday","11am","9:30pm","Thursday","11am","9:30pm","Wednesday","11am","9:30pm","Tuesday","11am","9:30pm","Monday","11am","519599","252",,"1 Pasir Ris Cl, #01-104","D'Penyetz - Downtown East","4.3",
"6 Eu Tong Sen St, #02-72 to 75/77/92 Rendezvous Restaurant Hock Lock Kee, The Central, Singapore 059817","Singapore","SG",,"0x31da190a9bbec0d7:0x35b0563210393588","/g/11r97xg_w","1.289174","103.846216","6 Eu Tong Sen St, #02-72 to 75/77/92 The Central","+6563397508","6339 7508","ChIJ18C-mwoZ2jERiDU5EDJWsDU","8:30pm","Monday","11:30am","8:30pm","Sunday","11:30am","8:30pm","Saturday","11:30am","8:30pm","Friday","11:30am","8:30pm","Thursday","11:30am","8:30pm","Wednesday","11:30am","8:30pm","Tuesday","11:30am","8:30pm","Monday","11:30am","059817","648",,"6 Eu Tong Sen St, #02-72 to 75/77/92 The Central","Rendezvous Restaurant Hock Lock Kee","4.2",
"78 Airport Blvd., #03-225/226 Tambuah Mas Jewel | Indonesian Restaurant, Jewel Changi Airport, Singapore 819666","Singapore","SG",,"0x31da3de05e6e543b:0xde0769c2c6c365d7","/g/11m77mf3tf","1.3597664","103.9897447","78 Airport Blvd., #03-225/226 Jewel Changi Airport","+6586832181","8683 2181","ChIJO1RuXuA92jER12XDxsJpB94","10pm","Monday","10am","10pm","Sunday","10am","10pm","Saturday","10am","10pm","Friday","10am","10pm","Thursday","10am","10pm","Wednesday","10am","10pm","Tuesday","10am","10pm","Monday","10am","819666","261",,"78 Airport Blvd., #03-225/226 Jewel Changi Airport","Tambuah Mas Jewel | Indonesian Restaurant","4.2",
"3 Gateway Dr, #B1-11 Bebek Goreng Pak Ndut @Westgate, Westgate, Singapore 608532","Singapore","SG",,"0x31da1151af263f5f:0xa2517cc82d442a52","/g/11j4mw73r2","1.3337357","103.7425365","3 Gateway Dr, #B1-11 Westgate","+6565654787","6565 4787","ChIJXz8mr1ER2jERUipELch8UaI","9:30pm","Monday","11am","9:30pm","Sunday","11am","9:30pm","Saturday","11am","9:30pm","Friday","11am","9:30pm","Thursday","11am","9:30pm","Wednesday","11am","9:30pm","Tuesday","11am","9:30pm","Monday","11am","608532","560",,"3 Gateway Dr, #B1-11 Westgate","Bebek Goreng Pak Ndut @Westgate","4.5",
"1 Kim Seng Promenade, B1-110/111 Tambuah Mas Great World | Halal Indonesian Restaurant, Great World, Singapore 237994","Singapore","SG",,"0x31da19a543cf7f43:0xca7549d7eacef751","/g/11fq_bb3w1","1.2931253","103.8319286","1 Kim Seng Promenade, B1-110/111 Great World","+6587112181","8711 2181","ChIJQ3_PQ6UZ2jERUffO6tdJdco","10pm","Monday","11am","10pm","Sunday","11am","10pm","Saturday","11am","10pm","Friday","11am","10pm","Thursday","11am","10pm","Wednesday","11am","10pm","Tuesday","11am","10pm","Monday","11am","237994","454",,"1 Kim Seng Promenade, B1-110/111 Great World","Tambuah Mas Great World | Halal Indonesian Restaurant","4.2",
"7 Pasir Ris Central, B2-37 Taste of Indonesia @ Pasir Ris Mall, Mall 519612","Mall","SG",,"0x31da3d0048926795:0x5114e839e1fe6692","/g/11vzlnjd03","1.3733193","103.9489642","7 Pasir Ris Central, B2-37","+6569887204","6988 7204","ChIJlWeSSAA92jERkmb-4TnoFFE","9:30pm","Monday","10:30am","9:30pm","Sunday","10:30am","10:30pm","Saturday","10:30am","10:30pm","Friday","10:30am","9:30pm","Thursday","10:30am","9:30pm","Wednesday","10:30am","9:30pm","Tuesday","10:30am","9:30pm","Monday","10:30am","519612","62",,"7 Pasir Ris Central, B2-37","Taste of Indonesia @ Pasir Ris Mall","4.1",
"304 Orchard Rd, #02-66/67 Minang House, Lucky Plaza, Singapore 238863","Singapore","SG",,"0x31da19926d40711d:0x7b0be1d0321bdd4b","/g/1wk7nd3c","1.3048263","103.8337223","304 Orchard Rd, #02-66/67 Lucky Plaza","+6568874702","6887 4702","ChIJHXFAbZIZ2jERS90bMtDhC3s","6pm","Monday","10:30am","6pm","Sunday","10:30am","6pm","Saturday","10:30am","6pm","Friday","10:30am","6pm","Thursday","10:30am","6pm","Wednesday","10:30am","6pm","Tuesday","10:30am","6pm","Monday","10:30am","238863","358",,"304 Orchard Rd, #02-66/67 Lucky Plaza","Minang House","4.4",
"2 Tampines Central 5, #B1-20 Ayam Penyet President - Century Square Tampines, Century Square, Singapore 529509","Singapore","SG",,"0x31da3d11893d3b8f:0x79fe1217a808b049","/g/11b76v5qhz","1.352505","103.9439658","2 Tampines Central 5, #B1-20 Century Square","+6562602469","6260 2469","ChIJjzs9iRE92jERSbAIqBcS_nk","9pm","Monday","11:30am","9pm","Sunday","11am","9:30pm","Saturday","11am","9:30pm","Friday","11:30am","9pm","Thursday","11:30am","9pm","Wednesday","11:30am","9pm","Tuesday","11:30am","9pm","Monday","11:30am","529509","1256",,"2 Tampines Central 5, #B1-20 Century Square","Ayam Penyet President - Century Square Tampines","4.6",
"Our Tampines Hub, 1 Tampines Walk, #B1-47A Rumah Makan Minang - Our Tampines Hub, Singapore 528523","Singapore","SG",,"0x31da3d71240d609d:0x83e4881ce4d1e9a1","/g/11f3n3wkfz","1.3536011","103.9396535","Our Tampines Hub, 1 Tampines Walk, #B1-47A","+6569777065","6977 7065","ChIJnWANJHE92jERoenR5ByI5IM","6:30pm","Monday","7:30am","6:30pm","Sunday","7:30am","6:30pm","Saturday","7:30am","6:30pm","Friday","7:30am","6:30pm","Thursday","7:30am","6:30pm","Wednesday","7:30am","6:30pm","Tuesday","7:30am","6:30pm","Monday","7:30am","528523","1064",,"Our Tampines Hub, 1 Tampines Walk, #B1-47A","Rumah Makan Minang - Our Tampines Hub","4.5",
"290 Jln Besar, 290 Indonesia Melayu Food, Singapore 208953","Singapore","SG",,"0x31da19f62c5a47cd:0xb8802772e0717230","/g/11g_z8b4_9","1.3107278","103.8588865","290 Jln Besar","+6591449122","9144 9122","ChIJzUdaLPYZ2jERMHJx4HIngLg","24 hours","Monday","24 hours","24 hours","Sunday","24 hours","24 hours","Saturday","24 hours","24 hours","Friday","24 hours","24 hours","Thursday","24 hours","24 hours","Wednesday","24 hours","24 hours","Tuesday","24 hours","24 hours","Monday","24 hours","208953","30",,"290 Jln Besar","290 Indonesia Melayu Food","4.5",
"273 Tanjong Katong Rd, Ben’s Kitchen, Singapore 437056","Singapore","SG",,"0x31da1925bb4e735f:0x779b0d738e506706","/g/11k3wmcwxq","1.3070829","103.895667","273 Tanjong Katong Rd","+6560150232","6015 0232","ChIJX3NOuyUZ2jERBmdQjnMNm3c","3pm","Monday","11am","9pm","Sunday","11am","9pm","Saturday","11am","3pm","Friday","11am","3pm","Thursday","11am","3pm","Wednesday","11am","3pm","Tuesday","11am","3pm","Monday","11am","437056","378",,"273 Tanjong Katong Rd","Ben’s Kitchen","4.3",
"405 Havelock Rd, Level 3 Kintamani Restaurant, Furama Riverfront, Singapore 169633","Singapore","SG",,"0x31da1977b165dfcd:0x536bab441be18fb7","/g/1tf7k223","1.2875615","103.8359488","405 Havelock Rd, Level 3 Furama Riverfront","+6567396463","6739 6463","ChIJzd9lsXcZ2jERt4_hG0Sra1M","2:30pm","Monday","12","2:30pm","Sunday","12","2:30pm","Saturday","12","2:30pm","Friday","12","2:30pm","Thursday","12","2:30pm","Wednesday","12","2:30pm","Tuesday","12","2:30pm","Monday","12","169633","1141",,"405 Havelock Rd, Level 3 Furama Riverfront","Kintamani Restaurant","4",
"3 Temasek Blvd, B1-100 / 101 Chopstix & Rice | Indonesian Restaurant | Padang | Halal | Suntec City SG, Singapore 038983","Singapore","SG",,"0x31da198cd02537dd:0xa9f2e91e0223bee7","/g/1tg6s6wl","1.2950089","103.8599579","3 Temasek Blvd, B1-100 / 101","+6585337228","8533 7228","ChIJ3Tcl0IwZ2jER574jAh7p8qk","9:30pm","Monday","11am","9:30pm","Sunday","11am","9:30pm","Saturday","11am","9:30pm","Friday","11am","9:30pm","Thursday","11am","9:30pm","Wednesday","11am","9:30pm","Tuesday","11am","9:30pm","Monday","11am","038983","1326",,"3 Temasek Blvd, B1-100 / 101","Chopstix & Rice | Indonesian Restaurant | Padang | Halal | Suntec City SG","4.5",
"304 Orchard Rd, #04-25/27 Ayam Penyet Ria - Lucky Plaza, Singapore 238863","Singapore","SG",,"0x31da1992129014d1:0x869f55c820947fad","/g/1tdd2smt","1.3045795","103.8340621","304 Orchard Rd, #04-25/27","+6562357385","6235 7385","ChIJ0RSQEpIZ2jERrX-UIMhVn4Y","8:30pm","Monday","11am","8:30pm","Sunday","10am","8:30pm","Saturday","11am","8:30pm","Friday","11am","8:30pm","Thursday","11am","8:30pm","Wednesday","11am","8:30pm","Tuesday","11am","8:30pm","Monday","11am","238863","1146",,"304 Orchard Rd, #04-25/27","Ayam Penyet Ria - Lucky Plaza","4",
"249 Victoria St, Ayam Penyet Ria - Bugis Street, Singapore 188034","Singapore","SG",,"0x31da195c61fe9197:0xd5c039e87545b317","/g/11t6zyvjx1","1.3004312","103.8553295","249 Victoria St","+6569516031","6951 6031","ChIJl5H-YVwZ2jERF7NFdeg5wNU","9:30pm","Monday","11am","9:30pm","Sunday","11am","9:30pm","Saturday","11am","9:30pm","Friday","11am","9:30pm","Thursday","11am","9:30pm","Wednesday","11am","9:30pm","Tuesday","11am","9:30pm","Monday","11am","188034","202",,"249 Victoria St","Ayam Penyet Ria - Bugis Street","3.7",
"RESTORAN ZARANI, 26, Jalan Johar 4, Taman Desa Cemerlang, 81800 Ulu Tiram, Johor, Malaysia","Ulu Tiram","MY",,"0x31da6f001f7af1cd:0x8d9e8dc91ad519ec","/g/11xzz_sg_h",,,"26, Jalan Johar 4",,,"ChIJzfF6HwBv2jER7BnVGsmNno0",,,,,,,,,,,,,,,,,,,,,,,,,"81800","6","Johor","26, Jalan Johar 4","RESTORAN ZARANI",,
"270 Queen St, Pondok Makan Indonesia, Singapore 180270","Singapore","SG",,"0x31da19ba50cf3f01:0x52b0ca048c23c696","/g/11c6r9j9k0",,,"270 Queen St",,,"ChIJAT_PULoZ2jERlsYjjATKsFI","7pm","Monday","8am","8pm","Sunday","8am","8pm","Saturday","8am","8pm","Friday","8am","8pm","Thursday","8am","8pm","Wednesday","8am","7pm","Tuesday","8am","7pm","Monday","8am","180270","127",,"270 Queen St","Pondok Makan Indonesia",,
"151 Lorong Chuan, #01-24 D'Penyetz Lorong Chuan, Singapore 556741","Singapore","SG",,"0x31da1750bdf39553:0x9829e7011a2388d6","/g/11r36grjtf",,,"151 Lorong Chuan, #01-24",,,"ChIJU5XzvVAX2jER1ogjGgHnKZg","8:30pm","Monday","11am","8:30pm","Sunday","11am","8:30pm","Saturday","11am","8:30pm","Friday","11am","8:30pm","Thursday","11am","8:30pm","Wednesday","11am","8:30pm","Tuesday","11am","8:30pm","Monday","11am","556741","133",,"151 Lorong Chuan, #01-24","D'Penyetz Lorong Chuan",,
"Restoran Aliff Cawangan iParc Tg Pelepas ( Nasi Padang ), TAMAN PERINDUSTRIAN, 1, Jalan Pelepas 2/1, Tanjung Pelepas, 81550 Gelang Patah, Johor, Malaysia","Gelang Patah","MY",,"0x31da097a28c09319:0x7df6262a3bf2e50","/g/11n57bz6pn",,,"TAMAN PERINDUSTRIAN, 1, Jalan Pelepas 2/1","+6078276823","07-827 6823","ChIJGZPAKHoJ2jERUC6_o2Ji3wc","24 hours","Monday","24 hours","24 hours","Sunday","24 hours","24 hours","Saturday","24 hours","24 hours","Friday","24 hours","24 hours","Thursday","24 hours","24 hours","Wednesday","24 hours","24 hours","Tuesday","24 hours","24 hours","Monday","24 hours","81550","17","Johor","TAMAN PERINDUSTRIAN, 1, Jalan Pelepas 2/1","Restoran Aliff Cawangan iParc Tg Pelepas ( Nasi Padang )",,
"268A Toa Payoh E, Roso Jowo Indonesian Cuisine By Mbak Siti Osbel, Singapore 311268","Singapore","SG",,"0x31da177ff2274e15:0xa8e63ad8cddd6f65","/g/11nr54t1ll",,,"268A Toa Payoh E","+6581101093","8110 1093","ChIJFU4n8n8X2jERZW_dzdg65qg",,"Monday",,"3pm","Sunday","8am","10pm","Saturday","11am",,"Friday",,,"Thursday",,,"Wednesday",,,"Tuesday",,,"Monday",,"311268","2",,"268A Toa Payoh E","Roso Jowo Indonesian Cuisine By Mbak Siti Osbel",,
"20 Joo Chiat Rd, Hjh Maimunah Restaurant & Catering Pte Ltd, Singapore 427357","Singapore","SG",,"0x31da1810c42d7097:0x91ad198fd593675f","/g/1tdxbt4l",,,"20 Joo Chiat Rd","+6563485457","6348 5457","ChIJl3AtxBAY2jERX2eT1Y8ZrZE",,"Monday",,"7pm","Sunday","8am","7pm","Saturday","8am","7pm","Friday","8am","7pm","Thursday","8am","7pm","Wednesday","8am","7pm","Tuesday","8am",,"Monday",,"427357","2.585",,"20 Joo Chiat Rd","Hjh Maimunah Restaurant & Catering Pte Ltd",,
"Restoran Sambal Bakar Nusantara, Tebrau, Johor Bahru (Best Sambal Bakar in Johor Bahru), 01, Jalan Harmonium 35/1, Taman Desa Tebrau, 81100 Johor Bahru, Johor, Malaysia","Johor Bahru","MY",,"0x31da6f0035fab64d:0x4e94b2f0f43e0961","/g/11w4sb8t_l",,,"01, Jalan Harmonium 35/1","+601170245066","011-7024 5066","ChIJTbb6NQBv2jERYQk-9PCylE4","10pm","Monday","8am","10pm","Sunday","8am","10pm","Saturday","8am","10pm","Friday","8am","10pm","Thursday","8am","10pm","Wednesday","8am","10pm","Tuesday","8am","10pm","Monday","8am","81100","127","Johor","01, Jalan Harmonium 35/1","Restoran Sambal Bakar Nusantara, Tebrau, Johor Bahru (Best Sambal Bakar in Johor Bahru)",,
"THE RECIPES RESTO By MBAK IIN, Ruko Anggrek Mas Center (AMC) Blok C No.23A-25, Taman Baloi, Kec. Batam Kota, Kota Batam, Kepulauan Riau 29400, Indonesia","Batam City","ID",,"0x31d989e2b38c7131:0xa3fa2e7460169c08","/g/11ryb533ln",,,"Ruko Anggrek Mas Center (AMC) Blok C No.23A-25",,,"ChIJMXGMs-KJ2TERCJwWYHQu-qM","10pm","Monday","9am","10pm","Sunday","9am","10pm","Saturday","9am","10pm","Friday","9am","10pm","Thursday","9am","10pm","Wednesday","9am","10pm","Tuesday","9:30am","10pm","Monday","9am","29400","300","Riau Islands","Ruko Anggrek Mas Center (AMC) Blok C No.23A-25","THE RECIPES RESTO By MBAK IIN",,
"1 Tampines Walk, B1-K4 Taste of Indonesia Express, Our Tampines Hub, Singapore 528523","Singapore","SG",,"0x31da3d002da7da1f:0x368a7f421e4da882","/g/11yp_whsdr",,,"1 Tampines Walk, B1-K4 Our Tampines Hub","+6569887204","6988 7204","ChIJH9qnLQA92jERgqhNHkJ_ijY","9pm","Monday","10am","9pm","Sunday","10am","9pm","Saturday","10am","9pm","Friday","10am","9pm","Thursday","10am","9pm","Wednesday","10am","9pm","Tuesday","10am","9pm","Monday","10am","528523","5",,"1 Tampines Walk, B1-K4 Our Tampines Hub","Taste of Indonesia Express",,
"16 Collyer Quay, #02-10 Warung M. Nasir, Centre 049318","Centre","SG",,"0x31da19975168520d:0xecc92addd7abed6b","/g/1tdpcqn7",,,"16 Collyer Quay, #02-10","+6590105188","9010 5188","ChIJDVJoUZcZ2jERa-2r190qyew","3:30pm","Monday","10am",,"Sunday",,,"Saturday",,"3:30pm","Friday","10am","3:30pm","Thursday","10am","3:30pm","Wednesday","10am","3:30pm","Tuesday","10:30am","3:30pm","Monday","10am","049318","435",,"16 Collyer Quay, #02-10","Warung M. Nasir",,
"73 Sultan Gate, Permata Singapore, Singapore 198497","Singapore","SG",,"0x31da19eb6f2b5979:0x4947ec829a7084d4","/g/11pc1m95nf",,,"73 Sultan Gate","+6590829941","9082 9941","ChIJeVkrb-sZ2jER1IRwmoLsR0k","2:30pm","Monday","12","2:30pm","Sunday","12","2:30pm","Saturday","12","2:30pm","Friday","12","2:30pm","Thursday","12","2:30pm","Wednesday","12","2:30pm","Tuesday","12","2:30pm","Monday","12","198497","679",,"73 Sultan Gate","Permata Singapore",,
"31 Arab St, Ratu Lemper, Singapore 199730","Singapore","SG",,"0x31da19b1040b4959:0xc86e898dcc5fb2e","/g/11crzzv42w",,,"31 Arab St","+6598132450","9813 2450","ChIJWUkLBLEZ2jERLvvF3Jjohgw",,"Monday",,"6pm","Sunday","10am","6pm","Saturday","10am","6pm","Friday","10am","6pm","Thursday","10am","6pm","Wednesday","10am","6pm","Tuesday","10am",,"Monday",,"199730","113",,"31 Arab St","Ratu Lemper",,
"1 Pasir Ris Cl, #02-110 D'Bakmie & D'Cendol Downtown East, E!Hub@Downtown East 1, Singapore 519599","Singapore","SG",,"0x31da3dfeeb1876c5:0x2dd9302d5909580e","/g/11tcw465l9",,,"1 Pasir Ris Cl, #02-110 E!Hub@Downtown East 1",,,"ChIJxXYY6_492jERDlgJWS0w2S0","9:30pm","Monday","10am","9:30pm","Sunday","10am","9:30pm","Saturday","10am","9:30pm","Friday","10am","9:30pm","Thursday","10am","9:30pm","Wednesday","10am","9:30pm","Tuesday","10am","9:30pm","Monday","10am","519599","90",,"1 Pasir Ris Cl, #02-110 E!Hub@Downtown East 1","D'Bakmie & D'Cendol Downtown East",,
"94 Lor 4 Toa Payoh, #01-22 THREE. by Garamika, Singapore 310094","Singapore","SG",,"0x31da176a6ec198c3:0xe0cbad1787b9d7c4","/g/11k581v0qb","1.3388227","103.8496748","94 Lor 4 Toa Payoh, #01-22","+6580271333","8027 1333","ChIJw5jBbmoX2jERxNe5hxety-A","3pm","Monday","11am","3pm","Monday","11am",,,,,,,,,,,,,,,,,,,"310094",,,"94 Lor 4 Toa Payoh, #01-22","THREE. by Garamika",,
"30 Bali Ln, KULON, Singapore 189866","Singapore","SG",,"0x31da19b412e46883:0xa427c00a224fab63","/g/11hs3v1bn1","1.3012255","103.8584004","30 Bali Ln","+6569294686","6929 4686","ChIJg2jkErQZ2jERY6tPIgrAJ6Q",,"Monday",,,"Monday",,,,,,,,,,,,,,,,,,,,"189866",,,"30 Bali Ln","KULON",,
"54 Zion Rd, IndoChili, Singapore 247779","Singapore","SG",,"0x31da19836ef50bb9:0x8e73d74c5232aa12","/g/11rvw520n","1.2929351","103.831227","54 Zion Rd","+6589228185","8922 8185","ChIJuQv1boMZ2jEREqoyUkzXc44","3pm","Monday","11:30am","3pm","Monday","11:30am",,,,,,,,,,,,,,,,,,,"247779",,,"54 Zion Rd","IndoChili",,
"304 Orchard Rd, #01-45 Paris Van Java, Lucky Plaza, Singapore 238863","Singapore","SG",,"0x31da19004bf68a03:0x232bd452cb131835","/g/11trh_0q5w","1.3045795","103.8340621","304 Orchard Rd, #01-45 Lucky Plaza","+6565399313","6539 9313","ChIJA4r2SwAZ2jERNRgTy1LUKyM","9pm","Monday","11am","9pm","Monday","11am",,,,,,,,,,,,,,,,,,,"238863",,,"304 Orchard Rd, #01-45 Lucky Plaza","Paris Van Java",,
"6 Raffles Blvd, #02-201 Makan Makan, Singapore 039594","Singapore","SG",,"0x31da19252670010f:0x7ce44654e3752159","/g/11rydxypxv","1.2912061","103.8576768","6 Raffles Blvd, #02-201","+6562529848","6252 9848","ChIJDwFwJiUZ2jERWSF141RG5Hw","4pm","Monday","11am","4pm","Monday","11am",,,,,,,,,,,,,,,,,,,"039594",,,"6 Raffles Blvd, #02-201","Makan Makan",,
"Altez / Icon Village Extension, 16 Enggor St, #01-10 Bara Food Tanjong Pagar, Singapore 079717","Singapore","SG",,"0x31da1970b386aa81:0x3fe1694d371af197","/g/11frj609q2","1.2744873","103.8443179","Altez / Icon Village Extension, 16 Enggor St, #01-10","+6581826876","8182 6876","ChIJgaqGs3AZ2jERl_EaN01p4T8","8pm","Monday","8am","8pm","Monday","8am",,,,,,,,,,,,,,,,,,,"079717",,,"Altez / Icon Village Extension, 16 Enggor St, #01-10","Bara Food Tanjong Pagar",,
"Lucky Plaza, 304 Orchard Rd, #01-42 Bebek Goreng Pak Ndut @Lucky Plaza, Orchard, Singapore 238863","Singapore","SG",,"0x31da199270bd8a55:0x3ce988ae33fdb9ab","/g/11g7zgnwrj","1.3045755","103.8340344","Lucky Plaza, 304 Orchard Rd, #01-42 Orchard","+6567344787","6734 4787","ChIJVYq9cJIZ2jERq7n9M66I6Tw","9:30pm","Monday","11am","9:30pm","Monday","11am",,,,,,,,,,,,,,,,,,,"238863",,,"Lucky Plaza, 304 Orchard Rd, #01-42 Orchard","Bebek Goreng Pak Ndut @Lucky Plaza",,
"304 Orchard Rd, #04-61/62 INDONESIA BOLEH, Singapore 238863","Singapore","SG",,"0x31da19005009d5df:0xc4786cf40756eece","/g/11xly5wwf3","1.3045755","103.8340344","304 Orchard Rd, #04-61/62","+6587863687","8786 3687","ChIJ39UJUAAZ2jERzu5WB_RseMQ","7:30pm","Monday","10:30am","7:30pm","Monday","10:30am",,,,,,,,,,,,,,,,,,,"238863",,,"304 Orchard Rd, #04-61/62","INDONESIA BOLEH",,
"304 Orchard Rd, #03-39 Manise Indo Cuisine - Lucky Plaza, Lucky Plaza, Singapore 238863","Singapore","SG",,"0x31da13b9a77809c5:0xa8dcbf7f832e6b","/g/11tfx4q40d","1.3045795","103.8340621","304 Orchard Rd, #03-39 Lucky Plaza","+6594577363","9457 7363","ChIJxQl4p7kT2jERay6Df7_cqAA","7:30pm","Monday","11am","7:30pm","Monday","11am",,,,,,,,,,,,,,,,,,,"238863",,,"304 Orchard Rd, #03-39 Lucky Plaza","Manise Indo Cuisine - Lucky Plaza",,
"371 Beach Rd, #02-28 Palapa Indonesian Fast Food, City Gate, Singapore 199597","Singapore","SG",,"0x31da193f0b67dd21:0xde3cee62b0aa0c7b","/g/11y5gdwcr1","1.3023209","103.8623237","371 Beach Rd, #02-28 City Gate",,,"ChIJId1nCz8Z2jERewyqsGLuPN4","9pm","Monday","11am","9pm","Monday","11am",,,,,,,,,,,,,,,,,,,"199597",,,"371 Beach Rd, #02-28 City Gate","Palapa Indonesian Fast Food",,
"17 Petir Rd, #B2-57/58 Ayam Penyet President, Singapore 678278","Singapore","SG",,"0x31da11bb500fb449:0x1e834a4b6efe44d2","/g/11dx9x1xg_","1.3784644","103.7636339","17 Petir Rd, #B2-57/58","+6562655945","6265 5945","ChIJSbQPULsR2jER0kT-bktKgx4","9pm","Monday","7:30am","9pm","Monday","7:30am",,,,,,,,,,,,,,,,,,,"678278",,,"17 Petir Rd, #B2-57/58","Ayam Penyet President",,
"14 Scotts Rd, #01-23 Indo Rasa Singapore, Far East Plaza, Singapore 228213","Singapore","SG",,"0x31da19a9093e5909:0x9cb1c2afe10eeec4","/g/11sss93fls","1.3073044","103.8333325","14 Scotts Rd, #01-23 Far East Plaza","+6597202721","9720 2721","ChIJCVk-CakZ2jERxO4O4a_CsZw","9pm","Monday","10am","9pm","Monday","10am",,,,,,,,,,,,,,,,,,,"228213",,,"14 Scotts Rd, #01-23 Far East Plaza","Indo Rasa Singapore",,
"162 Rochor Rd, Warung Leko, Singapore 188437","Singapore","SG",,"0x31da19007c4e6f23:0x55ec356d022a2f71","/g/11yj7t00fp","1.3008967","103.8553637","162 Rochor Rd","+6585037499","8503 7499","ChIJI29OfAAZ2jERcS8qAm017FU","10pm","Monday","11am","10pm","Monday","11am",,,,,,,,,,,,,,,,,,,"188437",,,"162 Rochor Rd","Warung Leko",,
"23 Serangoon Central, #01-57 Ayam Penyet Ria - Nex, NEX, Singapore 556083","Singapore","SG",,"0x31da172db057dda3:0x14dfcc27d35b636","/g/11s3wg6s02","1.349972","103.8731256","23 Serangoon Central, #01-57 NEX","+6566772011","6677 2011","ChIJo91XsC0X2jERNrY1fcL8TQE","9:30pm","Monday","11am","9:30pm","Monday","11am",,,,,,,,,,,,,,,,,,,"556083",,,"23 Serangoon Central, #01-57 NEX","Ayam Penyet Ria - Nex",,
"6 Jalan Bukit Merah, #01-01 Dapur Indah Indonesian Food, ABC Brickworks Market & Food Centre, Singapore 150006","Singapore","SG",,"0x31da1b00705b7ab5:0xfc006678b367a83d","/g/11w90102s8","1.2869047","103.8081551","6 Jalan Bukit Merah, #01-01 ABC Brickworks Market & Food Centre",,,"ChIJtXpbcAAb2jERPahns3hmAPw",,"Monday",,,"Monday",,,,,,,,,,,,,,,,,,,,"150006",,,"6 Jalan Bukit Merah, #01-01 ABC Brickworks Market & Food Centre","Dapur Indah Indonesian Food",,
"block 462 Crawford Ln, Impian Wahyu, Singapore 190462","Singapore","SG",,"0x31da19b9b7a17217:0x6a5cde6b75db03e8","/g/11cn0467mc","1.3048687","103.8616632","block 462 Crawford Ln","+6581207192","8120 7192","ChIJF3Kht7kZ2jER6APbdWveXGo","6pm","Monday","11am","6pm","Monday","11am",,,,,,,,,,,,,,,,,,,"190462",,,"block 462 Crawford Ln","Impian Wahyu",,
"601 MacPherson Rd, #01-61 WARUNG IJO | VEGETARIAN | VEGAN | INDONESIAN CUISINES | NO ALCOHOL | NO ONION GARLIC, Grantral Mall Tai Seng, Singapore 368242","Singapore","SG",,"0x31da1949d857c60d:0x52f4188e45fd31c","/g/11h4qmbw93","1.3338869","103.8881309","601 MacPherson Rd, #01-61 Grantral Mall Tai Seng","+6588578600","8857 8600","ChIJDcZX2EkZ2jERHNNf5IhBLwU","3pm","Monday","11am","3pm","Monday","11am",,,,,,,,,,,,,,,,,,,"368242",,,"601 MacPherson Rd, #01-61 Grantral Mall Tai Seng","WARUNG IJO | VEGETARIAN | VEGAN | INDONESIAN CUISINES | NO ALCOHOL | NO ONION GARLIC",,
"14 Scotts Rd, #05-22/23 Pondok Jawa Timur, Far East Plaza, Singapore 228213","Singapore","SG",,"0x31da19b0d446610d:0x3ad23ff6ed7de527","/g/11b6_nqh4h","1.3075867","103.8335336","14 Scotts Rd, #05-22/23 Far East Plaza","+6568845853","6884 5853","ChIJDWFG1LAZ2jERJ-V97fY_0jo","8pm","Monday","11am","8pm","Sunday","10am","9pm","Saturday","11am","9pm","Friday","11am","8pm","Thursday","11am","8pm","Wednesday","11am","8pm","Tuesday","11am","8pm","Monday","11am","228213","777",,"14 Scotts Rd, #05-22/23 Far East Plaza","Pondok Jawa Timur","4.4",
"290 Jln Besar, 290 Indonesia Melayu Food, Singapore 208953","Singapore","SG",,"0x31da19f62c5a47cd:0xb8802772e0717230","/g/11g_z8b4_9","1.3107278","103.8588865","290 Jln Besar","+6591449122","9144 9122","ChIJzUdaLPYZ2jERMHJx4HIngLg","24 hours","Monday","24 hours","24 hours","Sunday","24 hours","24 hours","Saturday","24 hours","24 hours","Friday","24 hours","24 hours","Thursday","24 hours","24 hours","Wednesday","24 hours","24 hours","Tuesday","24 hours","24 hours","Monday","24 hours","208953","30",,"290 Jln Besar","290 Indonesia Melayu Food","4.5",
"3 Gateway Dr, #B1-11 Bebek Goreng Pak Ndut @Westgate, Westgate, Singapore 608532","Singapore","SG",,"0x31da1151af263f5f:0xa2517cc82d442a52","/g/11j4mw73r2","1.3337357","103.7425365","3 Gateway Dr, #B1-11 Westgate","+6565654787","6565 4787","ChIJXz8mr1ER2jERUipELch8UaI","9:30pm","Monday","11am","9:30pm","Sunday","11am","9:30pm","Saturday","11am","9:30pm","Friday","11am","9:30pm","Thursday","11am","9:30pm","Wednesday","11am","9:30pm","Tuesday","11am","9:30pm","Monday","11am","608532","560",,"3 Gateway Dr, #B1-11 Westgate","Bebek Goreng Pak Ndut @Westgate","4.5",
"290 Orchard Rd, #B1 - 44 Tambuah Mas Indonesian Restaurant Paragon Orchard | Michelin Guide, Paragon, Singapore 238859","Singapore","SG",,"0x31da1992320efb97:0x4f68b1b22f90990f","/g/1tj86z1_","1.3036434","103.8349946","290 Orchard Rd, #B1 - 44 Paragon","+6588262181","8826 2181","ChIJl_sOMpIZ2jERD5mQL7KxaE8","10pm","Monday","11am","10pm","Sunday","11am","10pm","Saturday","11am","10pm","Friday","11am","10pm","Thursday","11am","10pm","Wednesday","11am","10pm","Tuesday","11am","10pm","Monday","11am","238859","1102",,"290 Orchard Rd, #B1 - 44 Paragon","Tambuah Mas Indonesian Restaurant Paragon Orchard | Michelin Guide","4.1",
"117 Aljunied Ave 2, #01-06 Indonesian Food House, Singapore 380117","Singapore","SG",,"0x31da1823c27ac89b:0x771e6fb914d843ef","/g/11hbg8vcmd","1.3208431","103.8868911","117 Aljunied Ave 2, #01-06",,,"ChIJm8h6wiMY2jER70PYFLlvHnc","11am","Monday","6:30","11am","Sunday","6:30","11am","Saturday","6:30","11am","Friday","6:30","11am","Thursday","6:30","11am","Wednesday","6:30","11am","Tuesday","6:30","11am","Monday","6:30","380117","37",,"117 Aljunied Ave 2, #01-06","Indonesian Food House","4.5",
"50 Tras St, Cumi Bali, Singapore 078989","Singapore","SG",,"0x31da196d447f0e0f:0xa1bfeb8cfb7ee197","/g/1vs1pcp6","1.2781374","103.844249","50 Tras St","+6562206619","6220 6619","ChIJDw5_RG0Z2jERl-F--4zrv6E","2:30pm","Monday","11:30am","2:30pm","Sunday","11:30am","2:30pm","Saturday","11:30am","2:30pm","Friday","11:30am","2:30pm","Thursday","11:30am","2:30pm","Wednesday","11:30am","2:30pm","Tuesday","11:30am","2:30pm","Monday","11:30am","078989","724",,"50 Tras St","Cumi Bali","4.1",
"44 Kandahar St, Bumbu Restaurant, Singapore 198897","Singapore","SG",,"0x31da19b122a36dfd:0xe888a54734731ea7","/g/1tf7v78b","1.3018761","103.8599942","44 Kandahar St","+6563928628","6392 8628","ChIJ_W2jIrEZ2jERpx5zNEeliOg",,"Monday",,"3pm","Sunday","11am","3pm","Saturday","11am","3pm","Friday","11am","3pm","Thursday","11am","3pm","Wednesday","11am","3pm","Tuesday","11am",,"Monday",,"198897","606",,"44 Kandahar St","Bumbu Restaurant","4.4",
"6 Eu Tong Sen St, #02-72 to 75/77/92 Rendezvous Restaurant Hock Lock Kee, The Central, Singapore 059817","Singapore","SG",,"0x31da190a9bbec0d7:0x35b0563210393588","/g/11r97xg_w","1.289174","103.846216","6 Eu Tong Sen St, #02-72 to 75/77/92 The Central","+6563397508","6339 7508","ChIJ18C-mwoZ2jERiDU5EDJWsDU","8:30pm","Monday","11:30am","8:30pm","Sunday","11:30am","8:30pm","Saturday","11:30am","8:30pm","Friday","11:30am","8:30pm","Thursday","11:30am","8:30pm","Wednesday","11:30am","8:30pm","Tuesday","11:30am","8:30pm","Monday","11:30am","059817","648",,"6 Eu Tong Sen St, #02-72 to 75/77/92 The Central","Rendezvous Restaurant Hock Lock Kee","4.2",
"1 Pasir Ris Cl, #01-104 D'Penyetz - Downtown East, Singapore 519599","Singapore","SG",,"0x31da3d47ce894975:0xfd917d2afb1ead67","/g/11lgjnkvdl","1.3762197","103.9556301","1 Pasir Ris Cl, #01-104",,,"ChIJdUmJzkc92jERZ60e-yp9kf0","9:30pm","Monday","11am","9:30pm","Sunday","11am","9:30pm","Saturday","11am","9:30pm","Friday","11am","9:30pm","Thursday","11am","9:30pm","Wednesday","11am","9:30pm","Tuesday","11am","9:30pm","Monday","11am","519599","252",,"1 Pasir Ris Cl, #01-104","D'Penyetz - Downtown East","4.3",
"18 & 18A Kandahar Street, Rumah Makan Minang - Kandahar Street, Singapore 198884","Singapore","SG",,"0x31da19b126f40b5d:0xf5b1f9ae92a2f622","/g/1tj30ms4","1.3022991","103.8595966","18 & 18A Kandahar Street","+6569777064","6977 7064","ChIJXQv0JrEZ2jERIvaikq75sfU","6:30pm","Monday","7:30am","6:30pm","Sunday","7:30am","6:30pm","Saturday","7:30am","6:30pm","Friday","7:30am","6:30pm","Thursday","7:30am","6:30pm","Wednesday","7:30am","6:30pm","Tuesday","7:30am","6:30pm","Monday","7:30am","198884","1529",,"18 & 18A Kandahar Street","Rumah Makan Minang - Kandahar Street","4.3",
"23 Serangoon Central, #01-57 WAYANG - NEX, NEX, Singapore 556083","Singapore","SG",,"0x31da1960d52ccefb:0x50ade511c51c851b","/g/11txnxk6_q","1.3507142","103.872392","23 Serangoon Central, #01-57 NEX","+6566772011","6677 2011","ChIJ-84s1WAZ2jERG4UcxRHlrVA","9pm","Monday","11am","9pm","Sunday","11am","9pm","Saturday","11am","9pm","Friday","11am","9pm","Thursday","11am","9pm","Wednesday","11am","9pm","Tuesday","11am","9pm","Monday","11am","556083","140",,"23 Serangoon Central, #01-57 NEX","WAYANG - NEX","4.5",
"2 Tampines Central 5, #B1-20 Ayam Penyet President - Century Square Tampines, Century Square, Singapore 529509","Singapore","SG",,"0x31da3d11893d3b8f:0x79fe1217a808b049","/g/11b76v5qhz","1.352505","103.9439658","2 Tampines Central 5, #B1-20 Century Square","+6562602469","6260 2469","ChIJjzs9iRE92jERSbAIqBcS_nk","9pm","Monday","11:30am","9pm","Sunday","11am","9:30pm","Saturday","11am","9:30pm","Friday","11:30am","9pm","Thursday","11:30am","9pm","Wednesday","11:30am","9pm","Tuesday","11:30am","9pm","Monday","11:30am","529509","1256",,"2 Tampines Central 5, #B1-20 Century Square","Ayam Penyet President - Century Square Tampines","4.6",
"10 Eunos Rd 8, B1-130 Bebek Goreng Pak Ndut @SingPost Centre, SingPost Centre, Singapore 408600","Singapore","SG",,"0x31da19005131c12f:0x6273d46dbdf09312","/g/11w37__7bw","1.3189418","103.8944605","10 Eunos Rd 8, B1-130 SingPost Centre","+6565137787","6513 7787","ChIJL8ExUQAZ2jEREpPwvW3Uc2I","9:30pm","Monday","11am","9:30pm","Sunday","11am","9:30pm","Saturday","11am","9:30pm","Friday","11am","9:30pm","Thursday","11am","9:30pm","Wednesday","11am","9:30pm","Tuesday","11am","9:30pm","Monday","11am","408600","263",,"10 Eunos Rd 8, B1-130 SingPost Centre","Bebek Goreng Pak Ndut @SingPost Centre","4.6",
"273 Tanjong Katong Rd, Ben’s Kitchen, Singapore 437056","Singapore","SG",,"0x31da1925bb4e735f:0x779b0d738e506706","/g/11k3wmcwxq","1.3070829","103.895667","273 Tanjong Katong Rd","+6560150232","6015 0232","ChIJX3NOuyUZ2jERBmdQjnMNm3c","3pm","Monday","11am","9pm","Sunday","11am","9pm","Saturday","11am","3pm","Friday","11am","3pm","Thursday","11am","3pm","Wednesday","11am","3pm","Tuesday","11am","3pm","Monday","11am","437056","378",,"273 Tanjong Katong Rd","Ben’s Kitchen","4.3",
"11 Jln Pisang, Hjh Maimunah Restaurant and Catering, Singapore 199078","Singapore","SG",,"0x31da19b72d5852b7:0xa32d8c892f4a6229","/g/1tkqxsy2","1.303149","103.8585258","11 Jln Pisang","+6562974294","6297 4294","ChIJt1JYLbcZ2jERKWJKL4mMLaM","7pm","Monday","7:30am",,"Sunday",,"7pm","Saturday","7:30am","7pm","Friday","7:30am","7pm","Thursday","7:30am","7pm","Wednesday","7:30am","7pm","Tuesday","7:30am","7pm","Monday","7:30am","199078","3357",,"11 Jln Pisang","Hjh Maimunah Restaurant and Catering","4.5",
"Telok Ayer St, #88 - 90 Pagi Sore Indonesian Restaurant (Family Business in Singapore since 1989), Singapore 048470","Singapore","SG",,"0x31da190c45674969:0x32ead82129cb068b","/g/1v_n913p","1.2826195","103.8486534","Telok Ayer St, #88 - 90","+6562256002","6225 6002","ChIJaUlnRQwZ2jERiwbLKSHY6jI","2pm","Monday","11:30am","2pm","Sunday","11:30am","2pm","Saturday","11:30am","2pm","Friday","11:30am","2pm","Thursday","11:30am","2pm","Wednesday","11:30am","2pm","Tuesday","11:30am","2pm","Monday","11:30am","048470","608",,"Telok Ayer St, #88 - 90","Pagi Sore Indonesian Restaurant (Family Business in Singapore since 1989)","4.1",
"151 Lorong Chuan, #01-24 D'Penyetz Lorong Chuan, Singapore 556741","Singapore","SG",,"0x31da1750bdf39553:0x9829e7011a2388d6","/g/11r36grjtf","1.3512459","103.8616769","151 Lorong Chuan, #01-24",,,"ChIJU5XzvVAX2jER1ogjGgHnKZg","8:30pm","Monday","11am","8:30pm","Sunday","11am","8:30pm","Saturday","11am","8:30pm","Friday","11am","8:30pm","Thursday","11am","8:30pm","Wednesday","11am","8:30pm","Tuesday","11am","8:30pm","Monday","11am","556741","133",,"151 Lorong Chuan, #01-24","D'Penyetz Lorong Chuan","4.1",
"930 Yishun Ave 2, B1-54 Ayam Penyet President, Northpoint City North Wing, Singapore 769098","Singapore","SG",,"0x31da146f818230eb:0x3f08f74d65860828","/g/11fx95kt_h","1.429265","103.8361212","930 Yishun Ave 2, B1-54 Northpoint City North Wing","+6562572991","6257 2991","ChIJ6zCCgW8U2jERKAiGZU33CD8","9pm","Monday","11:30am","9pm","Sunday","11am","9:30pm","Saturday","11am","9:30pm","Friday","11:30am","9pm","Thursday","11:30am","9pm","Wednesday","11:30am","9pm","Tuesday","11:30am","9pm","Monday","11:30am","769098","1395",,"930 Yishun Ave 2, B1-54 Northpoint City North Wing","Ayam Penyet President","4.4",
"40 Stamford Rd, #01-02 INDO EXPRESS PUNGGOL @ SMU, SMU Connexion, Singapore 178908","Singapore","SG",,"0x31da19007f2b8af7:0x250bd9a4cce3464a","/g/11yjjb_0lc","1.2953073","103.84948","40 Stamford Rd, #01-02 SMU Connexion","+6587678420","8767 8420","ChIJ94orfwAZ2jERSkbjzKTZCyU","7:30pm","Monday","11am","5pm","Sunday","10am",,"Saturday",,"7:30pm","Friday","11am","7:30pm","Thursday","11am","7:30pm","Wednesday","11am","7:30pm","Tuesday","11am","7:30pm","Monday","11am","178908","19",,"40 Stamford Rd, #01-02 SMU Connexion","INDO EXPRESS PUNGGOL @ SMU","4.7",
"304 Orchard Rd, #02-66/67 Minang House, Lucky Plaza, Singapore 238863","Singapore","SG",,"0x31da19926d40711d:0x7b0be1d0321bdd4b","/g/1wk7nd3c","1.3048263","103.8337223","304 Orchard Rd, #02-66/67 Lucky Plaza","+6568874702","6887 4702","ChIJHXFAbZIZ2jERS90bMtDhC3s","6pm","Monday","10:30am","6pm","Sunday","10:30am","6pm","Saturday","10:30am","6pm","Friday","10:30am","6pm","Thursday","10:30am","6pm","Wednesday","10:30am","6pm","Tuesday","10:30am","6pm","Monday","10:30am","238863","358",,"304 Orchard Rd, #02-66/67 Lucky Plaza","Minang House","4.4",
"68 S Bridge Rd, #01-01 Fangko House, Singapore 058698","Singapore","SG",,"0x31da190af2522f29:0x8b45498c96b4c314","/g/11lhzg2fw2","1.2872892","103.8480636","68 S Bridge Rd, #01-01","+6592318849","9231 8849","ChIJKS9S8goZ2jERFMO0loxJRYs","6pm","Monday","8am","6pm","Sunday","8am","11pm","Saturday","8am","11pm","Friday","8am","11pm","Thursday","8am","11pm","Wednesday","8am","8:30pm","Tuesday","8am","6pm","Monday","8am","058698","1564",,"68 S Bridge Rd, #01-01","Fangko House","4.7",
"51 Bencoolen St, #01-05 Putra Minang Restaurant Bencoolen, Singapore 189630","Singapore","SG",,"0x31da19faa330d147:0x815145de046b9fd8","/g/11p02qpf64","1.2994205","103.8505094","51 Bencoolen St, #01-05","+6582623535","8262 3535","ChIJR9Ewo_oZ2jER2J9rBN5FUYE","9pm","Monday","9am","9pm","Sunday","9am","9pm","Saturday","9am","9pm","Friday","9am","9pm","Thursday","9am","9pm","Wednesday","9am","9pm","Tuesday","9am","9pm","Monday","9am","189630","635",,"51 Bencoolen St, #01-05","Putra Minang Restaurant Bencoolen","4.3",
"405 Havelock Rd, Level 3 Kintamani Restaurant, Furama Riverfront, Singapore 169633","Singapore","SG",,"0x31da1977b165dfcd:0x536bab441be18fb7","/g/1tf7k223",,,"405 Havelock Rd, Level 3 Furama Riverfront","+6567396463","6739 6463","ChIJzd9lsXcZ2jERt4_hG0Sra1M","2:30pm","Monday","12","2:30pm","Sunday","12","2:30pm","Saturday","12","2:30pm","Friday","12","2:30pm","Thursday","12","2:30pm","Wednesday","12","2:30pm","Tuesday","12","2:30pm","Monday","12","169633","1.141",,"405 Havelock Rd, Level 3 Furama Riverfront","Kintamani Restaurant",,
"1 Kim Seng Promenade, B1-110/111 Tambuah Mas Great World | Halal Indonesian Restaurant, Great World, Singapore 237994","Singapore","SG",,"0x31da19a543cf7f43:0xca7549d7eacef751","/g/11fq_bb3w1",,,"1 Kim Seng Promenade, B1-110/111 Great World","+6587112181","8711 2181","ChIJQ3_PQ6UZ2jERUffO6tdJdco","10pm","Monday","11am","10pm","Sunday","11am","10pm","Saturday","11am","10pm","Friday","11am","10pm","Thursday","11am","10pm","Wednesday","11am","10pm","Tuesday","11am","10pm","Monday","11am","237994","454",,"1 Kim Seng Promenade, B1-110/111 Great World","Tambuah Mas Great World | Halal Indonesian Restaurant",,
"B2-K3, 15 Paya Lebar Rd, Papa Ayam PLQ Mall, Singapore 409049","Singapore","SG",,"0x31da19c0cfd0806f:0x8359b70230e090e5","/g/11k0695zyg",,,"B2-K3, 15 Paya Lebar Rd","+6586983921","8698 3921","ChIJb4DQz8AZ2jER5ZDgMAK3WYM","9:30pm","Monday","10:30am","9:30pm","Sunday","10:30am","9:30pm","Saturday","10:30am","9:30pm","Friday","10:30am","9:30pm","Thursday","10:30am","9:30pm","Wednesday","10:30am","9:30pm","Tuesday","10:30am","9:30pm","Monday","10:30am","409049","326",,"B2-K3, 15 Paya Lebar Rd","Papa Ayam PLQ Mall",,
"#01-19/23 Ayam Penyet President, Gantral Mall, Singapore",,"SG",,"0x31da1b864501ec71:0xbdabc5763b36cf80","/g/11st8h655j",,,"#01-19/23 Gantral Mall",,,"ChIJcewBRYYb2jERgM82O3bFq70","8:30pm","Monday","10:30am","8:30pm","Sunday","10:30am","8:30pm","Saturday","10:30am","8:30pm","Friday","10:30am","8:30pm","Thursday","10:30am","8:30pm","Wednesday","10:30am","8:30pm","Tuesday","10:30am","8:30pm","Monday","10:30am",,"287",,"#01-19/23 Gantral Mall","Ayam Penyet President",,
"31 Arab St, Ratu Lemper, Singapore 199730","Singapore","SG",,"0x31da19b1040b4959:0xc86e898dcc5fb2e","/g/11crzzv42w",,,"31 Arab St","+6598132450","9813 2450","ChIJWUkLBLEZ2jERLvvF3Jjohgw",,"Monday",,"6pm","Sunday","10am","6pm","Saturday","10am","6pm","Friday","10am","6pm","Thursday","10am","6pm","Wednesday","10am","6pm","Tuesday","10am",,"Monday",,"199730","113",,"31 Arab St","Ratu Lemper",,
"1 Pasir Ris Cl, #02-110 D'Bakmie & D'Cendol Downtown East, E!Hub@Downtown East 1, Singapore 519599","Singapore","SG",,"0x31da3dfeeb1876c5:0x2dd9302d5909580e","/g/11tcw465l9",,,"1 Pasir Ris Cl, #02-110 E!Hub@Downtown East 1",,,"ChIJxXYY6_492jERDlgJWS0w2S0","9:30pm","Monday","10am","9:30pm","Sunday","10am","9:30pm","Saturday","10am","9:30pm","Friday","10am","9:30pm","Thursday","10am","9:30pm","Wednesday","10am","9:30pm","Tuesday","10am","9:30pm","Monday","10am","519599","90",,"1 Pasir Ris Cl, #02-110 E!Hub@Downtown East 1","D'Bakmie & D'Cendol Downtown East",,
"106 Bidadari Park Dr, #01-05, MR03 TEK-TEK Bidadari, Alkaff Vista, Singapore 340106","Singapore","SG",,"0x31da1774244fab7b:0x4b7990f8d51a586","/g/11yl767gbg",,,"106 Bidadari Park Dr, #01-05, MR03 Alkaff Vista","+6588992840","8899 2840","ChIJe6tPJHQX2jERhqVRjQ-ZtwQ","8:30pm","Monday","9am","8:30pm","Sunday","9am","8:30pm","Saturday","9am","8:30pm","Friday","9am","8:30pm","Thursday","9am","8:30pm","Wednesday","9am","8:30pm","Tuesday","9am","8:30pm","Monday","9am","340106","40",,"106 Bidadari Park Dr, #01-05, MR03 Alkaff Vista","TEK-TEK Bidadari",,
"270 Queen St, Pondok Makan Indonesia, Singapore 180270","Singapore","SG",,"0x31da19ba50cf3f01:0x52b0ca048c23c696","/g/11c6r9j9k0",,,"270 Queen St",,,"ChIJAT_PULoZ2jERlsYjjATKsFI","7pm","Monday","8am","8pm","Sunday","8am","8pm","Saturday","8am","8pm","Friday","8am","8pm","Thursday","8am","8pm","Wednesday","8am","7pm","Tuesday","8am","7pm","Monday","8am","180270","127",,"270 Queen St","Pondok Makan Indonesia",,
"68 Orchard Rd, #06-15/17 Riverside Indonesian BBQ, Singapore 238839","Singapore","SG",,"0x31da19bd7ec8ac73:0x7379f59ccf5fae1a","/g/1tgyt6tg",,,"68 Orchard Rd, #06-15/17",,,"ChIJc6zIfr0Z2jERGq5fz5z1eXM","10pm","Monday","10am","10pm","Sunday","10am","10pm","Saturday","10am","10pm","Friday","10am","10pm","Thursday","10am","10pm","Wednesday","10am","10pm","Tuesday","10am","10pm","Monday","10am","238839","168",,"68 Orchard Rd, #06-15/17","Riverside Indonesian BBQ",,
"304 Orchard Rd, #04-25/27 Ayam Penyet Ria - Lucky Plaza, Singapore 238863","Singapore","SG",,"0x31da1992129014d1:0x869f55c820947fad","/g/1tdd2smt",,,"304 Orchard Rd, #04-25/27","+6562357385","6235 7385","ChIJ0RSQEpIZ2jERrX-UIMhVn4Y","8:30pm","Monday","11am","8:30pm","Sunday","10am","8:30pm","Saturday","11am","8:30pm","Friday","11am","8:30pm","Thursday","11am","8:30pm","Wednesday","11am","8:30pm","Tuesday","11am","8:30pm","Monday","11am","238863","1.146",,"304 Orchard Rd, #04-25/27","Ayam Penyet Ria - Lucky Plaza",,
"249 Victoria St, Ayam Penyet Ria - Bugis Street, Singapore 188034","Singapore","SG",,"0x31da195c61fe9197:0xd5c039e87545b317","/g/11t6zyvjx1",,,"249 Victoria St","+6569516031","6951 6031","ChIJl5H-YVwZ2jERF7NFdeg5wNU","9:30pm","Monday","11am","9:30pm","Sunday","11am","9:30pm","Saturday","11am","9:30pm","Friday","11am","9:30pm","Thursday","11am","9:30pm","Wednesday","11am","9:30pm","Tuesday","11am","9:30pm","Monday","11am","188034","202",,"249 Victoria St","Ayam Penyet Ria - Bugis Street",,
"30 Bali Ln, KULON, Singapore 189866","Singapore","SG",,"0x31da19b412e46883:0xa427c00a224fab63","/g/11hs3v1bn1","1.3012255","103.8584004","30 Bali Ln","+6569294686","6929 4686","ChIJg2jkErQZ2jERY6tPIgrAJ6Q",,"Monday",,,"Monday",,,,,,,,,,,,,,,,,,,,"189866",,,"30 Bali Ln","KULON",,
"94 Lor 4 Toa Payoh, #01-22 THREE. by Garamika, Singapore 310094","Singapore","SG",,"0x31da176a6ec198c3:0xe0cbad1787b9d7c4","/g/11k581v0qb","1.3388227","103.8496748","94 Lor 4 Toa Payoh, #01-22","+6580271333","8027 1333","ChIJw5jBbmoX2jERxNe5hxety-A","3pm","Monday","11am","3pm","Monday","11am",,,,,,,,,,,,,,,,,,,"310094",,,"94 Lor 4 Toa Payoh, #01-22","THREE. by Garamika",,
"54 Zion Rd, IndoChili, Singapore 247779","Singapore","SG",,"0x31da19836ef50bb9:0x8e73d74c5232aa12","/g/11rvw520n","1.2929351","103.831227","54 Zion Rd","+6589228185","8922 8185","ChIJuQv1boMZ2jEREqoyUkzXc44","3pm","Monday","11:30am","3pm","Monday","11:30am",,,,,,,,,,,,,,,,,,,"247779",,,"54 Zion Rd","IndoChili",,
"10 Paya Lebar Rd, #02-09 Pondok Jawa, Singapore 409057","Singapore","SG",,"0x31da191e9b9fecc1:0x1ed1d8c4467b6319","/g/11xmv9m0q2","1.3175284","103.8928037","10 Paya Lebar Rd, #02-09","+6589052722","8905 2722","ChIJweyfmx4Z2jERGWN7RsTY0R4",,,,,,,,,,,,,,,,,,,,,,,,,"409057",,,"10 Paya Lebar Rd, #02-09","Pondok Jawa",,
"304 Orchard Rd, #01-45 Paris Van Java, Lucky Plaza, Singapore 238863","Singapore","SG",,"0x31da19004bf68a03:0x232bd452cb131835","/g/11trh_0q5w","1.3045795","103.8340621","304 Orchard Rd, #01-45 Lucky Plaza","+6565399313","6539 9313","ChIJA4r2SwAZ2jERNRgTy1LUKyM","9pm","Monday","11am","9pm","Monday","11am",,,,,,,,,,,,,,,,,,,"238863",,,"304 Orchard Rd, #01-45 Lucky Plaza","Paris Van Java",,
"6 Raffles Blvd, #02-201 Makan Makan, Singapore 039594","Singapore","SG",,"0x31da19252670010f:0x7ce44654e3752159","/g/11rydxypxv","1.2912061","103.8576768","6 Raffles Blvd, #02-201","+6562529848","6252 9848","ChIJDwFwJiUZ2jERWSF141RG5Hw","4pm","Monday","11am","4pm","Monday","11am",,,,,,,,,,,,,,,,,,,"039594",,,"6 Raffles Blvd, #02-201","Makan Makan",,
"Lucky Plaza, 304 Orchard Rd, #01-42 Bebek Goreng Pak Ndut @Lucky Plaza, Orchard, Singapore 238863","Singapore","SG",,"0x31da199270bd8a55:0x3ce988ae33fdb9ab","/g/11g7zgnwrj","1.3045755","103.8340344","Lucky Plaza, 304 Orchard Rd, #01-42 Orchard","+6567344787","6734 4787","ChIJVYq9cJIZ2jERq7n9M66I6Tw","9:30pm","Monday","11am","9:30pm","Monday","11am",,,,,,,,,,,,,,,,,,,"238863",,,"Lucky Plaza, 304 Orchard Rd, #01-42 Orchard","Bebek Goreng Pak Ndut @Lucky Plaza",,
"Altez / Icon Village Extension, 16 Enggor St, #01-10 Bara Food Tanjong Pagar, Singapore 079717","Singapore","SG",,"0x31da1970b386aa81:0x3fe1694d371af197","/g/11frj609q2","1.2744873","103.8443179","Altez / Icon Village Extension, 16 Enggor St, #01-10","+6581826876","8182 6876","ChIJgaqGs3AZ2jERl_EaN01p4T8","8pm","Monday","8am","8pm","Monday","8am",,,,,,,,,,,,,,,,,,,"079717",,,"Altez / Icon Village Extension, 16 Enggor St, #01-10","Bara Food Tanjong Pagar",,
"304 Orchard Rd, #03-39 Manise Indo Cuisine - Lucky Plaza, Lucky Plaza, Singapore 238863","Singapore","SG",,"0x31da13b9a77809c5:0xa8dcbf7f832e6b","/g/11tfx4q40d","1.3045795","103.8340621","304 Orchard Rd, #03-39 Lucky Plaza","+6594577363","9457 7363","ChIJxQl4p7kT2jERay6Df7_cqAA","7:30pm","Monday","11am","7:30pm","Monday","11am",,,,,,,,,,,,,,,,,,,"238863",,,"304 Orchard Rd, #03-39 Lucky Plaza","Manise Indo Cuisine - Lucky Plaza",,
"601 MacPherson Rd, #01-61 WARUNG IJO | VEGETARIAN | VEGAN | INDONESIAN CUISINES | NO ALCOHOL | NO ONION GARLIC, Grantral Mall Tai Seng, Singapore 368242","Singapore","SG",,"0x31da1949d857c60d:0x52f4188e45fd31c","/g/11h4qmbw93","1.3338869","103.8881309","601 MacPherson Rd, #01-61 Grantral Mall Tai Seng","+6588578600","8857 8600","ChIJDcZX2EkZ2jERHNNf5IhBLwU","3pm","Monday","11am","3pm","Monday","11am",,,,,,,,,,,,,,,,,,,"368242",,,"601 MacPherson Rd, #01-61 Grantral Mall Tai Seng","WARUNG IJO | VEGETARIAN | VEGAN | INDONESIAN CUISINES | NO ALCOHOL | NO ONION GARLIC",,
"290 Orchard Rd, #B1 - 44 Tambuah Mas Indonesian Restaurant Paragon Orchard | Michelin Guide, Paragon, Singapore 238859","Singapore","SG",,"0x31da1992320efb97:0x4f68b1b22f90990f","/g/1tj86z1_","1.3036434","103.8349946","290 Orchard Rd, #B1 - 44 Paragon","+6588262181","8826 2181","ChIJl_sOMpIZ2jERD5mQL7KxaE8","10pm","Monday","11am","10pm","Monday","11am",,,,,,,,,,,,,,,,,,,"238859",,,"290 Orchard Rd, #B1 - 44 Paragon","Tambuah Mas Indonesian Restaurant Paragon Orchard | Michelin Guide",,
"371 Beach Rd, #02-28 Palapa Indonesian Fast Food, City Gate, Singapore 199597","Singapore","SG",,"0x31da193f0b67dd21:0xde3cee62b0aa0c7b","/g/11y5gdwcr1","1.3023209","103.8623237","371 Beach Rd, #02-28 City Gate",,,"ChIJId1nCz8Z2jERewyqsGLuPN4","9pm","Monday","11am","9pm","Monday","11am",,,,,,,,,,,,,,,,,,,"199597",,,"371 Beach Rd, #02-28 City Gate","Palapa Indonesian Fast Food",,
"6 Tanjong Pagar Plz, #02-06 Indonesian Cuisine, Singapore 081006","Singapore","SG",,"0x31da1900737c6615:0xbaf9957e47776e88","/g/11m5xwn1wq","1.2766945","103.8431415","6 Tanjong Pagar Plz, #02-06",,,"ChIJFWZ8cwAZ2jERiG53R36V-bo","3pm","Monday","9am","3pm","Monday","9am",,,,,,,,,,,,,,,,,,,"081006",,,"6 Tanjong Pagar Plz, #02-06","Indonesian Cuisine",,
"50 Tras St, Cumi Bali, Singapore 078989","Singapore","SG",,"0x31da196d447f0e0f:0xa1bfeb8cfb7ee197","/g/1vs1pcp6","1.2781374","103.844249","50 Tras St","+6562206619","6220 6619","ChIJDw5_RG0Z2jERl-F--4zrv6E","2:30pm","Monday","11:30am","2:30pm","Monday","11:30am",,,,,,,,,,,,,,,,,,,"078989",,,"50 Tras St","Cumi Bali",,
"162 Rochor Rd, Warung Leko, Singapore 188437","Singapore","SG",,"0x31da19007c4e6f23:0x55ec356d022a2f71","/g/11yj7t00fp","1.3008967","103.8553637","162 Rochor Rd","+6585037499","8503 7499","ChIJI29OfAAZ2jERcS8qAm017FU","10pm","Monday","11am","10pm","Monday","11am",,,,,,,,,,,,,,,,,,,"188437",,,"162 Rochor Rd","Warung Leko",,
"14 Scotts Rd, #01-23 Indo Rasa Singapore, Far East Plaza, Singapore 228213","Singapore","SG",,"0x31da19a9093e5909:0x9cb1c2afe10eeec4","/g/11sss93fls","1.3073044","103.8333325","14 Scotts Rd, #01-23 Far East Plaza","+6597202721","9720 2721","ChIJCVk-CakZ2jERxO4O4a_CsZw","9pm","Monday","10am","9pm","Monday","10am",,,,,,,,,,,,,,,,,,,"228213",,,"14 Scotts Rd, #01-23 Far East Plaza","Indo Rasa Singapore",,
"304 Orchard Rd, #04-61/62 INDONESIA BOLEH, Singapore 238863","Singapore","SG",,"0x31da19005009d5df:0xc4786cf40756eece","/g/11xly5wwf3","1.3045755","103.8340344","304 Orchard Rd, #04-61/62","+6587863687","8786 3687","ChIJ39UJUAAZ2jERzu5WB_RseMQ","7:30pm","Monday","10:30am","7:30pm","Sunday","10:30am","7:30pm","Saturday","10:30am","7:30pm","Friday","10:30am","7:30pm","Thursday","10:30am","7:30pm","Wednesday","10:30am","7:30pm","Tuesday","10:30am","7:30pm","Monday","10:30am","238863","364",,"304 Orchard Rd, #04-61/62","INDONESIA BOLEH","4.7",
"44 Kandahar St, Bumbu Restaurant, Singapore 198897","Singapore","SG",,"0x31da19b122a36dfd:0xe888a54734731ea7","/g/1tf7v78b","1.3018761","103.8599942","44 Kandahar St","+6563928628","6392 8628","ChIJ_W2jIrEZ2jERpx5zNEeliOg",,"Monday",,"3pm","Sunday","11am","3pm","Saturday","11am","3pm","Friday","11am","3pm","Thursday","11am","3pm","Wednesday","11am","3pm","Tuesday","11am",,"Monday",,"198897","606",,"44 Kandahar St","Bumbu Restaurant","4.4",
"10 Eunos Rd 8, B1-130 Bebek Goreng Pak Ndut @SingPost Centre, SingPost Centre, Singapore 408600","Singapore","SG",,"0x31da19005131c12f:0x6273d46dbdf09312","/g/11w37__7bw","1.3189418","103.8944605","10 Eunos Rd 8, B1-130 SingPost Centre","+6565137787","6513 7787","ChIJL8ExUQAZ2jEREpPwvW3Uc2I","9:30pm","Monday","11am","9:30pm","Sunday","11am","9:30pm","Saturday","11am","9:30pm","Friday","11am","9:30pm","Thursday","11am","9:30pm","Wednesday","11am","9:30pm","Tuesday","11am","9:30pm","Monday","11am","408600","263",,"10 Eunos Rd 8, B1-130 SingPost Centre","Bebek Goreng Pak Ndut @SingPost Centre","4.6",
"16 Raffles Quay, B1-13/14 The Warung | Betutu & Nyat Nyat Bali, The Basement, Singapore 048581","Singapore","SG",,"0x31da198581904aa1:0x9d253d53de6bfd5f","/g/11v5f114vl","1.2814095","103.8510185","16 Raffles Quay, B1-13/14 The Basement",,,"ChIJoUqQgYUZ2jERX_1r3lM9JZ0","3pm","Monday","11am",,"Sunday",,,"Saturday",,"3pm","Friday","11am","3pm","Thursday","11am","3pm","Wednesday","11am","3pm","Tuesday","11am","3pm","Monday","11am","048581","105",,"16 Raffles Quay, B1-13/14 The Basement","The Warung | Betutu & Nyat Nyat Bali","4.6",
"273 Tanjong Katong Rd, Ben’s Kitchen, Singapore 437056","Singapore","SG",,"0x31da1925bb4e735f:0x779b0d738e506706","/g/11k3wmcwxq","1.3070829","103.895667","273 Tanjong Katong Rd","+6560150232","6015 0232","ChIJX3NOuyUZ2jERBmdQjnMNm3c","3pm","Monday","11am","9pm","Sunday","11am","9pm","Saturday","11am","3pm","Friday","11am","3pm","Thursday","11am","3pm","Wednesday","11am","3pm","Tuesday","11am","3pm","Monday","11am","437056","378",,"273 Tanjong Katong Rd","Ben’s Kitchen","4.3",
"Telok Ayer St, #88 - 90 Pagi Sore Indonesian Restaurant (Family Business in Singapore since 1989), Singapore 048470","Singapore","SG",,"0x31da190c45674969:0x32ead82129cb068b","/g/1v_n913p","1.2826195","103.8486534","Telok Ayer St, #88 - 90","+6562256002","6225 6002","ChIJaUlnRQwZ2jERiwbLKSHY6jI","2pm","Monday","11:30am","2pm","Sunday","11:30am","2pm","Saturday","11:30am","2pm","Friday","11:30am","2pm","Thursday","11:30am","2pm","Wednesday","11:30am","2pm","Tuesday","11:30am","2pm","Monday","11:30am","048470","608",,"Telok Ayer St, #88 - 90","Pagi Sore Indonesian Restaurant (Family Business in Singapore since 1989)","4.1",
"14 Scotts Rd, #05-22/23 Pondok Jawa Timur, Far East Plaza, Singapore 228213","Singapore","SG",,"0x31da19b0d446610d:0x3ad23ff6ed7de527","/g/11b6_nqh4h","1.3075867","103.8335336","14 Scotts Rd, #05-22/23 Far East Plaza","+6568845853","6884 5853","ChIJDWFG1LAZ2jERJ-V97fY_0jo","8pm","Monday","11am","8pm","Sunday","10am","9pm","Saturday","11am","9pm","Friday","11am","8pm","Thursday","11am","8pm","Wednesday","11am","8pm","Tuesday","11am","8pm","Monday","11am","228213","777",,"14 Scotts Rd, #05-22/23 Far East Plaza","Pondok Jawa Timur","4.4",
"block 462 Crawford Ln, Impian Wahyu, Singapore 190462","Singapore","SG",,"0x31da19b9b7a17217:0x6a5cde6b75db03e8","/g/11cn0467mc","1.3048687","103.8616632","block 462 Crawford Ln","+6581207192","8120 7192","ChIJF3Kht7kZ2jER6APbdWveXGo","6pm","Monday","11am",,"Sunday",,"6pm","Saturday","11am","6pm","Friday","11am","6pm","Thursday","11am","6pm","Wednesday","11am","6pm","Tuesday","11am","6pm","Monday","11am","190462","339",,"block 462 Crawford Ln","Impian Wahyu","4.6",
"23 Serangoon Central, #01-57 Ayam Penyet Ria - Nex, NEX, Singapore 556083","Singapore","SG",,"0x31da172db057dda3:0x14dfcc27d35b636","/g/11s3wg6s02","1.349972","103.8731256","23 Serangoon Central, #01-57 NEX","+6566772011","6677 2011","ChIJo91XsC0X2jERNrY1fcL8TQE","9:30pm","Monday","11am","9:30pm","Sunday","11am","9:30pm","Saturday","11am","9:30pm","Friday","11am","9:30pm","Thursday","11am","9:30pm","Wednesday","11am","9:30pm","Tuesday","11am","9:30pm","Monday","11am","556083","1100",,"23 Serangoon Central, #01-57 NEX","Ayam Penyet Ria - Nex","4.6",
"17 Petir Rd, #B2-57/58 Ayam Penyet President, Singapore 678278","Singapore","SG",,"0x31da11bb500fb449:0x1e834a4b6efe44d2","/g/11dx9x1xg_","1.3784644","103.7636339","17 Petir Rd, #B2-57/58","+6562655945","6265 5945","ChIJSbQPULsR2jER0kT-bktKgx4","9pm","Monday","7:30am","9pm","Sunday","7am","9:30pm","Saturday","7am","9:30pm","Friday","7am","9pm","Thursday","7am","9pm","Wednesday","7am","9pm","Tuesday","7am","9pm","Monday","7:30am","678278","2939",,"17 Petir Rd, #B2-57/58","Ayam Penyet President","4.8",
"3 Gateway Dr, #B1-11 Bebek Goreng Pak Ndut @Westgate, Westgate, Singapore 608532","Singapore","SG",,"0x31da1151af263f5f:0xa2517cc82d442a52","/g/11j4mw73r2","1.3337357","103.7425365","3 Gateway Dr, #B1-11 Westgate","+6565654787","6565 4787","ChIJXz8mr1ER2jERUipELch8UaI","9:30pm","Monday","11am","9:30pm","Sunday","11am","9:30pm","Saturday","11am","9:30pm","Friday","11am","9:30pm","Thursday","11am","9:30pm","Wednesday","11am","9:30pm","Tuesday","11am","9:30pm","Monday","11am","608532","560",,"3 Gateway Dr, #B1-11 Westgate","Bebek Goreng Pak Ndut @Westgate","4.5",
"78 Airport Blvd., #03-225/226 Tambuah Mas Jewel | Indonesian Restaurant, Jewel Changi Airport, Singapore 819666","Singapore","SG",,"0x31da3de05e6e543b:0xde0769c2c6c365d7","/g/11m77mf3tf","1.3597664","103.9897447","78 Airport Blvd., #03-225/226 Jewel Changi Airport","+6586832181","8683 2181","ChIJO1RuXuA92jER12XDxsJpB94","10pm","Monday","10am","10pm","Sunday","10am","10pm","Saturday","10am","10pm","Friday","10am","10pm","Thursday","10am","10pm","Wednesday","10am","10pm","Tuesday","10am","10pm","Monday","10am","819666","261",,"78 Airport Blvd., #03-225/226 Jewel Changi Airport","Tambuah Mas Jewel | Indonesian Restaurant","4.2",
"290 Jln Besar, 290 Indonesia Melayu Food, Singapore 208953","Singapore","SG",,"0x31da19f62c5a47cd:0xb8802772e0717230","/g/11g_z8b4_9","1.3107278","103.8588865","290 Jln Besar","+6591449122","9144 9122","ChIJzUdaLPYZ2jERMHJx4HIngLg","24 hours","Monday","24 hours","24 hours","Sunday","24 hours","24 hours","Saturday","24 hours","24 hours","Friday","24 hours","24 hours","Thursday","24 hours","24 hours","Wednesday","24 hours","24 hours","Tuesday","24 hours","24 hours","Monday","24 hours","208953","30",,"290 Jln Besar","290 Indonesia Melayu Food","4.5",
"1 Kim Seng Promenade, B1-110/111 Tambuah Mas Great World | Halal Indonesian Restaurant, Great World, Singapore 237994","Singapore","SG",,"0x31da19a543cf7f43:0xca7549d7eacef751","/g/11fq_bb3w1","1.2931253","103.8319286","1 Kim Seng Promenade, B1-110/111 Great World","+6587112181","8711 2181","ChIJQ3_PQ6UZ2jERUffO6tdJdco","10pm","Monday","11am","10pm","Sunday","11am","10pm","Saturday","11am","10pm","Friday","11am","10pm","Thursday","11am","10pm","Wednesday","11am","10pm","Tuesday","11am","10pm","Monday","11am","237994","454",,"1 Kim Seng Promenade, B1-110/111 Great World","Tambuah Mas Great World | Halal Indonesian Restaurant","4.2",
"23 Serangoon Central, #01-57 WAYANG - NEX, NEX, Singapore 556083","Singapore","SG",,"0x31da1960d52ccefb:0x50ade511c51c851b","/g/11txnxk6_q","1.3507142","103.872392","23 Serangoon Central, #01-57 NEX","+6566772011","6677 2011","ChIJ-84s1WAZ2jERG4UcxRHlrVA","9pm","Monday","11am","9pm","Sunday","11am","9pm","Saturday","11am","9pm","Friday","11am","9pm","Thursday","11am","9pm","Wednesday","11am","9pm","Tuesday","11am","9pm","Monday","11am","556083","140",,"23 Serangoon Central, #01-57 NEX","WAYANG - NEX","4.5",
"18 & 18A Kandahar Street, Rumah Makan Minang - Kandahar Street, Singapore 198884","Singapore","SG",,"0x31da19b126f40b5d:0xf5b1f9ae92a2f622","/g/1tj30ms4","1.3022991","103.8595966","18 & 18A Kandahar Street","+6569777064","6977 7064","ChIJXQv0JrEZ2jERIvaikq75sfU","6:30pm","Monday","7:30am","6:30pm","Sunday","7:30am","6:30pm","Saturday","7:30am","6:30pm","Friday","7:30am","6:30pm","Thursday","7:30am","6:30pm","Wednesday","7:30am","6:30pm","Tuesday","7:30am","6:30pm","Monday","7:30am","198884","1529",,"18 & 18A Kandahar Street","Rumah Makan Minang - Kandahar Street","4.3",
"268A Toa Payoh E, Roso Jowo Indonesian Cuisine By Mbak Siti Osbel, Singapore 311268","Singapore","SG",,"0x31da177ff2274e15:0xa8e63ad8cddd6f65","/g/11nr54t1ll","1.3327525","103.8584372","268A Toa Payoh E","+6581101093","8110 1093","ChIJFU4n8n8X2jERZW_dzdg65qg",,"Monday",,"3pm","Sunday","8am","10pm","Saturday","11am",,"Friday",,,"Thursday",,,"Wednesday",,,"Tuesday",,,"Monday",,"311268","2",,"268A Toa Payoh E","Roso Jowo Indonesian Cuisine By Mbak Siti Osbel","5",
"6 Eu Tong Sen St, #02-72 to 75/77/92 Rendezvous Restaurant Hock Lock Kee, The Central, Singapore 059817","Singapore","SG",,"0x31da190a9bbec0d7:0x35b0563210393588","/g/11r97xg_w","1.289174","103.846216","6 Eu Tong Sen St, #02-72 to 75/77/92 The Central","+6563397508","6339 7508","ChIJ18C-mwoZ2jERiDU5EDJWsDU","8:30pm","Monday","11:30am","8:30pm","Sunday","11:30am","8:30pm","Saturday","11:30am","8:30pm","Friday","11:30am","8:30pm","Thursday","11:30am","8:30pm","Wednesday","11:30am","8:30pm","Tuesday","11:30am","8:30pm","Monday","11:30am","059817","648",,"6 Eu Tong Sen St, #02-72 to 75/77/92 The Central","Rendezvous Restaurant Hock Lock Kee","4.2",
"2 Tampines Central 5, #B1-20 Ayam Penyet President - Century Square Tampines, Century Square, Singapore 529509","Singapore","SG",,"0x31da3d11893d3b8f:0x79fe1217a808b049","/g/11b76v5qhz","1.352505","103.9439658","2 Tampines Central 5, #B1-20 Century Square","+6562602469","6260 2469","ChIJjzs9iRE92jERSbAIqBcS_nk","9pm","Monday","11:30am","9pm","Sunday","11am","9:30pm","Saturday","11am","9:30pm","Friday","11:30am","9pm","Thursday","11:30am","9pm","Wednesday","11:30am","9pm","Tuesday","11:30am","9pm","Monday","11:30am","529509","1256",,"2 Tampines Central 5, #B1-20 Century Square","Ayam Penyet President - Century Square Tampines","4.6",
"7 Pasir Ris Central, B2-37 Taste of Indonesia @ Pasir Ris Mall, Mall 519612","Mall","SG",,"0x31da3d0048926795:0x5114e839e1fe6692","/g/11vzlnjd03","1.3733193","103.9489642","7 Pasir Ris Central, B2-37","+6569887204","6988 7204","ChIJlWeSSAA92jERkmb-4TnoFFE","9:30pm","Monday","10:30am","9:30pm","Sunday","10:30am","10:30pm","Saturday","10:30am","10:30pm","Friday","10:30am","9:30pm","Thursday","10:30am","9:30pm","Wednesday","10:30am","9:30pm","Tuesday","10:30am","9:30pm","Monday","10:30am","519612","62",,"7 Pasir Ris Central, B2-37","Taste of Indonesia @ Pasir Ris Mall","4.1",
"3 Temasek Blvd, B1-100 / 101 Chopstix & Rice | Indonesian Restaurant | Padang | Halal | Suntec City SG, Singapore 038983","Singapore","SG",,"0x31da198cd02537dd:0xa9f2e91e0223bee7","/g/1tg6s6wl","1.2950089","103.8599579","3 Temasek Blvd, B1-100 / 101","+6585337228","8533 7228","ChIJ3Tcl0IwZ2jER574jAh7p8qk","9:30pm","Monday","11am","9:30pm","Sunday","11am","9:30pm","Saturday","11am","9:30pm","Friday","11am","9:30pm","Thursday","11am","9:30pm","Wednesday","11am","9:30pm","Tuesday","11am","9:30pm","Monday","11am","038983","1326",,"3 Temasek Blvd, B1-100 / 101","Chopstix & Rice | Indonesian Restaurant | Padang | Halal | Suntec City SG","4.5",
"1 Pasir Ris Cl, #01-104 D'Penyetz - Downtown East, Singapore 519599","Singapore","SG",,"0x31da3d47ce894975:0xfd917d2afb1ead67","/g/11lgjnkvdl","1.3762197","103.9556301","1 Pasir Ris Cl, #01-104",,,"ChIJdUmJzkc92jERZ60e-yp9kf0","9:30pm","Monday","11am","9:30pm","Sunday","11am","9:30pm","Saturday","11am","9:30pm","Friday","11am","9:30pm","Thursday","11am","9:30pm","Wednesday","11am","9:30pm","Tuesday","11am","9:30pm","Monday","11am","519599","252",,"1 Pasir Ris Cl, #01-104","D'Penyetz - Downtown East","4.3",
"11 Jln Pisang, Hjh Maimunah Restaurant and Catering, Singapore 199078","Singapore","SG",,"0x31da19b72d5852b7:0xa32d8c892f4a6229","/g/1tkqxsy2",,,"11 Jln Pisang","+6562974294","6297 4294","ChIJt1JYLbcZ2jERKWJKL4mMLaM","7pm","Monday","7:30am",,"Sunday",,"7pm","Saturday","7:30am","7pm","Friday","7:30am","7pm","Thursday","7:30am","7pm","Wednesday","7:30am","7pm","Tuesday","7:30am","7pm","Monday","7:30am","199078","3.357",,"11 Jln Pisang","Hjh Maimunah Restaurant and Catering",,
"304 Orchard Rd, #02-66/67 Minang House, Lucky Plaza, Singapore 238863","Singapore","SG",,"0x31da19926d40711d:0x7b0be1d0321bdd4b","/g/1wk7nd3c",,,"304 Orchard Rd, #02-66/67 Lucky Plaza","+6568874702","6887 4702","ChIJHXFAbZIZ2jERS90bMtDhC3s","6pm","Monday","10:30am","6pm","Sunday","10:30am","6pm","Saturday","10:30am","6pm","Friday","10:30am","6pm","Thursday","10:30am","6pm","Wednesday","10:30am","6pm","Tuesday","10:30am","6pm","Monday","10:30am","238863","358",,"304 Orchard Rd, #02-66/67 Lucky Plaza","Minang House",,
"405 Havelock Rd, Level 3 Kintamani Restaurant, Furama Riverfront, Singapore 169633","Singapore","SG",,"0x31da1977b165dfcd:0x536bab441be18fb7","/g/1tf7k223",,,"405 Havelock Rd, Level 3 Furama Riverfront","+6567396463","6739 6463","ChIJzd9lsXcZ2jERt4_hG0Sra1M","2:30pm","Monday","12","2:30pm","Sunday","12","2:30pm","Saturday","12","2:30pm","Friday","12","2:30pm","Thursday","12","2:30pm","Wednesday","12","2:30pm","Tuesday","12","2:30pm","Monday","12","169633","1.141",,"405 Havelock Rd, Level 3 Furama Riverfront","Kintamani Restaurant",,
"151 Lorong Chuan, #01-24 D'Penyetz Lorong Chuan, Singapore 556741","Singapore","SG",,"0x31da1750bdf39553:0x9829e7011a2388d6","/g/11r36grjtf",,,"151 Lorong Chuan, #01-24",,,"ChIJU5XzvVAX2jER1ogjGgHnKZg","8:30pm","Monday","11am","8:30pm","Sunday","11am","8:30pm","Saturday","11am","8:30pm","Friday","11am","8:30pm","Thursday","11am","8:30pm","Wednesday","11am","8:30pm","Tuesday","11am","8:30pm","Monday","11am","556741","133",,"151 Lorong Chuan, #01-24","D'Penyetz Lorong Chuan",,
"930 Yishun Ave 2, B1-54 Ayam Penyet President, Northpoint City North Wing, Singapore 769098","Singapore","SG",,"0x31da146f818230eb:0x3f08f74d65860828","/g/11fx95kt_h",,,"930 Yishun Ave 2, B1-54 Northpoint City North Wing","+6562572991","6257 2991","ChIJ6zCCgW8U2jERKAiGZU33CD8","9pm","Monday","11:30am","9pm","Sunday","11am","9:30pm","Saturday","11am","9:30pm","Friday","11:30am","9pm","Thursday","11:30am","9pm","Wednesday","11:30am","9pm","Tuesday","11:30am","9pm","Monday","11:30am","769098","1.395",,"930 Yishun Ave 2, B1-54 Northpoint City North Wing","Ayam Penyet President",,
"1 Jurong West Central 1, #2 Bara Penyet Indonesian Cuisine, Singapore 648886","Singapore","SG",,"0x31da0f001380b371:0xbfa70ba7f3c6b96e","/g/11z2tlw9x2",,,"1 Jurong West Central 1, #2",,,"ChIJcbOAEwAP2jERbrnG86cLp78",,,,,,,,,,,,,,,,,,,,,,,,,"648886","2",,"1 Jurong West Central 1, #2","Bara Penyet Indonesian Cuisine",,
"Blk 810, #05-06 Geylang Rd, Waroeng Bakso by Hamburguesa, City Plaza, Singapore 409286","Singapore","SG",,"0x31da1910b21ec1ed:0xcb3a9a544387ba36","/g/11q7ft4yt2",,,"Blk 810, #05-06 Geylang Rd, City Plaza","+6589000901","8900 0901","ChIJ7cEeshAZ2jERNrqHQ1SaOss",,"Monday",,"8pm","Sunday","10am","8pm","Saturday","10am",,"Friday",,,"Thursday",,,"Wednesday",,,"Tuesday",,,"Monday",,"409286","57",,"Blk 810, #05-06 Geylang Rd, City Plaza","Waroeng Bakso by Hamburguesa",,
"60 Jurong West Central 3, #01-05 Rumah Makan Minang - The Frontier CC, Singapore 648346","Singapore","SG",,"0x31da0f8fd68eddf1:0xefd51b4fac32fcf5","/g/11md1_y8vl",,,"60 Jurong West Central 3, #01-05","+6560470115","6047 0115","ChIJ8d2O1o8P2jER9fwyrE8b1e8","6:30pm","Monday","7:30am","6:30pm","Sunday","7:30am","6:30pm","Saturday","7:30am","6:30pm","Friday","7:30am","6:30pm","Thursday","7:30am","6:30pm","Wednesday","7:30am","6:30pm","Tuesday","7:30am","6:30pm","Monday","7:30am","648346","257",,"60 Jurong West Central 3, #01-05","Rumah Makan Minang - The Frontier CC",,
"73 Science Park Dr, #B1-01 Raja Rasa Indonesian/ Thai Cuisine Nasi Padang, Singapore Science Park 1, Singapore 118254","Singapore","SG",,"0x31da1b001ae7161d:0xced28e0379e60b24","/g/11x1n37h77",,,"73 Science Park Dr, #B1-01 Singapore Science Park 1",,,"ChIJHRbnGgAb2jERJAvmeQOO0s4",,,,,,,,,,,,,,,,,,,,,,,,,"118254",,,"73 Science Park Dr, #B1-01 Singapore Science Park 1","Raja Rasa Indonesian/ Thai Cuisine Nasi Padang",,
"6 Woodlands Square, Mall, B2-03 Ayam Penyet Ria, Woods Square, Singapore 737737","Singapore","SG",,"0x31da1375734a765f:0xce6ff52986406841","/g/11n_2c5cdw",,,"6 Woodlands Square, Mall, B2-03 Woods Square","+6565133125","6513 3125","ChIJX3ZKc3UT2jERQWhAhin1b84","9pm","Monday","11am","9pm","Sunday","11am","9pm","Saturday","11am","9pm","Friday","11am","9pm","Thursday","11am","9pm","Wednesday","11am","9pm","Tuesday","11am","9pm","Monday","11am","737737","380",,"6 Woodlands Square, Mall, B2-03 Woods Square","Ayam Penyet Ria",,
"304 Orchard Rd, #04-25/27 Ayam Penyet Ria - Lucky Plaza, Singapore 238863","Singapore","SG",,"0x31da1992129014d1:0x869f55c820947fad","/g/1tdd2smt",,,"304 Orchard Rd, #04-25/27","+6562357385","6235 7385","ChIJ0RSQEpIZ2jERrX-UIMhVn4Y","8:30pm","Monday","11am","8:30pm","Sunday","10am","8:30pm","Saturday","11am","8:30pm","Friday","11am","8:30pm","Thursday","11am","8:30pm","Wednesday","11am","8:30pm","Tuesday","11am","8:30pm","Monday","11am","238863","1.146",,"304 Orchard Rd, #04-25/27","Ayam Penyet Ria - Lucky Plaza",,
"249 Victoria St, Ayam Penyet Ria - Bugis Street, Singapore 188034","Singapore","SG",,"0x31da195c61fe9197:0xd5c039e87545b317","/g/11t6zyvjx1",,,"249 Victoria St","+6569516031","6951 6031","ChIJl5H-YVwZ2jERF7NFdeg5wNU","9:30pm","Monday","11am","9:30pm","Sunday","11am","9:30pm","Saturday","11am","9:30pm","Friday","11am","9:30pm","Thursday","11am","9:30pm","Wednesday","11am","9:30pm","Tuesday","11am","9:30pm","Monday","11am","188034","202",,"249 Victoria St","Ayam Penyet Ria - Bugis Street",,
"30 Bali Ln, KULON, Singapore 189866","Singapore","SG",,"0x31da19b412e46883:0xa427c00a224fab63","/g/11hs3v1bn1","1.3012255","103.8584004","30 Bali Ln","+6569294686","6929 4686","ChIJg2jkErQZ2jERY6tPIgrAJ6Q",,"Monday",,,"Monday",,,,,,,,,,,,,,,,,,,,"189866",,,"30 Bali Ln","KULON",,
"Lucky Plaza, 304 Orchard Rd, #01-42 Bebek Goreng Pak Ndut @Lucky Plaza, Orchard, Singapore 238863","Singapore","SG",,"0x31da199270bd8a55:0x3ce988ae33fdb9ab","/g/11g7zgnwrj","1.3045755","103.8340344","Lucky Plaza, 304 Orchard Rd, #01-42 Orchard","+6567344787","6734 4787","ChIJVYq9cJIZ2jERq7n9M66I6Tw","9:30pm","Monday","11am","9:30pm","Monday","11am",,,,,,,,,,,,,,,,,,,"238863",,,"Lucky Plaza, 304 Orchard Rd, #01-42 Orchard","Bebek Goreng Pak Ndut @Lucky Plaza",,
"54 Zion Rd, IndoChili, Singapore 247779","Singapore","SG",,"0x31da19836ef50bb9:0x8e73d74c5232aa12","/g/11rvw520n","1.2929351","103.831227","54 Zion Rd","+6589228185","8922 8185","ChIJuQv1boMZ2jEREqoyUkzXc44","3pm","Monday","11:30am","3pm","Monday","11:30am",,,,,,,,,,,,,,,,,,,"247779",,,"54 Zion Rd","IndoChili",,
"304 Orchard Rd, #01-45 Paris Van Java, Lucky Plaza, Singapore 238863","Singapore","SG",,"0x31da19004bf68a03:0x232bd452cb131835","/g/11trh_0q5w","1.3045795","103.8340621","304 Orchard Rd, #01-45 Lucky Plaza","+6565399313","6539 9313","ChIJA4r2SwAZ2jERNRgTy1LUKyM","9pm","Monday","11am","9pm","Monday","11am",,,,,,,,,,,,,,,,,,,"238863",,,"304 Orchard Rd, #01-45 Lucky Plaza","Paris Van Java",,
"94 Lor 4 Toa Payoh, #01-22 THREE. by Garamika, Singapore 310094","Singapore","SG",,"0x31da176a6ec198c3:0xe0cbad1787b9d7c4","/g/11k581v0qb","1.3388227","103.8496748","94 Lor 4 Toa Payoh, #01-22","+6580271333","8027 1333","ChIJw5jBbmoX2jERxNe5hxety-A","3pm","Monday","11am","3pm","Monday","11am",,,,,,,,,,,,,,,,,,,"310094",,,"94 Lor 4 Toa Payoh, #01-22","THREE. by Garamika",,
"Altez / Icon Village Extension, 16 Enggor St, #01-10 Bara Food Tanjong Pagar, Singapore 079717","Singapore","SG",,"0x31da1970b386aa81:0x3fe1694d371af197","/g/11frj609q2","1.2744873","103.8443179","Altez / Icon Village Extension, 16 Enggor St, #01-10","+6581826876","8182 6876","ChIJgaqGs3AZ2jERl_EaN01p4T8","8pm","Monday","8am","8pm","Monday","8am",,,,,,,,,,,,,,,,,,,"079717",,,"Altez / Icon Village Extension, 16 Enggor St, #01-10","Bara Food Tanjong Pagar",,
"6 Raffles Blvd, #02-201 Makan Makan, Singapore 039594","Singapore","SG",,"0x31da19252670010f:0x7ce44654e3752159","/g/11rydxypxv","1.2912061","103.8576768","6 Raffles Blvd, #02-201","+6562529848","6252 9848","ChIJDwFwJiUZ2jERWSF141RG5Hw","4pm","Monday","11am","4pm","Monday","11am",,,,,,,,,,,,,,,,,,,"039594",,,"6 Raffles Blvd, #02-201","Makan Makan",,
"371 Beach Rd, #02-28 Palapa Indonesian Fast Food, City Gate, Singapore 199597","Singapore","SG",,"0x31da193f0b67dd21:0xde3cee62b0aa0c7b","/g/11y5gdwcr1","1.3023209","103.8623237","371 Beach Rd, #02-28 City Gate",,,"ChIJId1nCz8Z2jERewyqsGLuPN4","9pm","Monday","11am","9pm","Monday","11am",,,,,,,,,,,,,,,,,,,"199597",,,"371 Beach Rd, #02-28 City Gate","Palapa Indonesian Fast Food",,
"2 Dickson Rd, Aleeya • Nusantara Heritage Cuisines, Singapore 209494","Singapore","SG",,"0x31da190075ee6cad:0x635d3399d2531f51","/g/11w4jdk_lp","1.3051199","103.8546328","2 Dickson Rd","+6582995500","8299 5500","ChIJrWzudQAZ2jERUR9T0pkzXWM",,"Monday",,,"Monday",,,,,,,,,,,,,,,,,,,,"209494",,,"2 Dickson Rd","Aleeya • Nusantara Heritage Cuisines",,
"304 Orchard Rd, #04-61/62 INDONESIA BOLEH, Singapore 238863","Singapore","SG",,"0x31da19005009d5df:0xc4786cf40756eece","/g/11xly5wwf3","1.3045755","103.8340344","304 Orchard Rd, #04-61/62","+6587863687","8786 3687","ChIJ39UJUAAZ2jERzu5WB_RseMQ","7:30pm","Monday","10:30am","7:30pm","Monday","10:30am",,,,,,,,,,,,,,,,,,,"238863",,,"304 Orchard Rd, #04-61/62","INDONESIA BOLEH",,
"14 Scotts Rd, #01-23 Indo Rasa Singapore, Far East Plaza, Singapore 228213","Singapore","SG",,"0x31da19a9093e5909:0x9cb1c2afe10eeec4","/g/11sss93fls","1.3073044","103.8333325","14 Scotts Rd, #01-23 Far East Plaza","+6597202721","9720 2721","ChIJCVk-CakZ2jERxO4O4a_CsZw","9pm","Monday","10am","9pm","Monday","10am",,,,,,,,,,,,,,,,,,,"228213",,,"14 Scotts Rd, #01-23 Far East Plaza","Indo Rasa Singapore",,
"162 Rochor Rd, Warung Leko, Singapore 188437","Singapore","SG",,"0x31da19007c4e6f23:0x55ec356d022a2f71","/g/11yj7t00fp","1.3008967","103.8553637","162 Rochor Rd","+6585037499","8503 7499","ChIJI29OfAAZ2jERcS8qAm017FU","10pm","Monday","11am","10pm","Monday","11am",,,,,,,,,,,,,,,,,,,"188437",,,"162 Rochor Rd","Warung Leko",,
"304 Orchard Rd, #01-71 Indo Express, Lucky Plaza, Singapore 238863","Singapore","SG",,"0x31da19665f8082a7:0x212b6eaded14c84a","/g/11nmqdtlhk","1.3044367","103.8340348","304 Orchard Rd, #01-71 Lucky Plaza","+6591881260","9188 1260","ChIJp4KAX2YZ2jERSsgU7a1uKyE","8pm","Monday","10am","8pm","Monday","10am",,,,,,,,,,,,,,,,,,,"238863",,,"304 Orchard Rd, #01-71 Lucky Plaza","Indo Express",,
"14 Scotts Rd, #05-22/23 Pondok Jawa Timur, Far East Plaza, Singapore 228213","Singapore","SG",,"0x31da19b0d446610d:0x3ad23ff6ed7de527","/g/11b6_nqh4h","1.3075867","103.8335336","14 Scotts Rd, #05-22/23 Far East Plaza","+6568845853","6884 5853","ChIJDWFG1LAZ2jERJ-V97fY_0jo","8pm","Monday","11am","8pm","Monday","11am",,,,,,,,,,,,,,,,,,,"228213",,,"14 Scotts Rd, #05-22/23 Far East Plaza","Pondok Jawa Timur",,
"304 Orchard Rd, #03-39 Manise Indo Cuisine - Lucky Plaza, Lucky Plaza, Singapore 238863","Singapore","SG",,"0x31da13b9a77809c5:0xa8dcbf7f832e6b","/g/11tfx4q40d","1.3045795","103.8340621","304 Orchard Rd, #03-39 Lucky Plaza","+6594577363","9457 7363","ChIJxQl4p7kT2jERay6Df7_cqAA","7:30pm","Monday","11am","7:30pm","Monday","11am",,,,,,,,,,,,,,,,,,,"238863",,,"304 Orchard Rd, #03-39 Lucky Plaza","Manise Indo Cuisine - Lucky Plaza",,
"18 & 18A Kandahar Street, Rumah Makan Minang - Kandahar Street, Singapore 198884","Singapore","SG",,"0x31da19b126f40b5d:0xf5b1f9ae92a2f622","/g/1tj30ms4","1.3022991","103.8595966","18 & 18A Kandahar Street","+6569777064","6977 7064","ChIJXQv0JrEZ2jERIvaikq75sfU","6:30pm","Monday","7:30am","6:30pm","Monday","7:30am",,,,,,,,,,,,,,,,,,,"198884",,,"18 & 18A Kandahar Street","Rumah Makan Minang - Kandahar Street",,
"601 MacPherson Rd, #01-61 WARUNG IJO | VEGETARIAN | VEGAN | INDONESIAN CUISINES | NO ALCOHOL | NO ONION GARLIC, Grantral Mall Tai Seng, Singapore 368242","Singapore","SG",,"0x31da1949d857c60d:0x52f4188e45fd31c","/g/11h4qmbw93","1.3338869","103.8881309","601 MacPherson Rd, #01-61 Grantral Mall Tai Seng","+6588578600","8857 8600","ChIJDcZX2EkZ2jERHNNf5IhBLwU","3pm","Monday","11am","3pm","Monday","11am",,,,,,,,,,,,,,,,,,,"368242",,,"601 MacPherson Rd, #01-61 Grantral Mall Tai Seng","WARUNG IJO | VEGETARIAN | VEGAN | INDONESIAN CUISINES | NO ALCOHOL | NO ONION GARLIC",,
"50 Tras St, Cumi Bali, Singapore 078989","Singapore","SG",,"0x31da196d447f0e0f:0xa1bfeb8cfb7ee197","/g/1vs1pcp6","1.2781374","103.844249","50 Tras St","+6562206619","6220 6619","ChIJDw5_RG0Z2jERl-F--4zrv6E","2:30pm","Monday","11:30am","2:30pm","Monday","11:30am",,,,,,,,,,,,,,,,,,,"078989",,,"50 Tras St","Cumi Bali",,
"6 Tanjong Pagar Plz, #02-06 Indonesian Cuisine, Singapore 081006","Singapore","SG",,"0x31da1900737c6615:0xbaf9957e47776e88","/g/11m5xwn1wq","1.2766945","103.8431415","6 Tanjong Pagar Plz, #02-06",,,"ChIJFWZ8cwAZ2jERiG53R36V-bo","3pm","Monday","9am","3pm","Monday","9am",,,,,,,,,,,,,,,,,,,"081006",,,"6 Tanjong Pagar Plz, #02-06","Indonesian Cuisine",,
"Telok Ayer St, #88 - 90 Pagi Sore Indonesian Restaurant (Family Business in Singapore since 1989), Singapore 048470","Singapore","SG",,"0x31da190c45674969:0x32ead82129cb068b","/g/1v_n913p","1.2826195","103.8486534","Telok Ayer St, #88 - 90","+6562256002","6225 6002","ChIJaUlnRQwZ2jERiwbLKSHY6jI","2pm","Monday","11:30am","2pm","Monday","11:30am",,,,,,,,,,,,,,,,,,,"048470",,,"Telok Ayer St, #88 - 90","Pagi Sore Indonesian Restaurant (Family Business in Singapore since 1989)",,
"290 Orchard Rd, #B1 - 44 Tambuah Mas Indonesian Restaurant Paragon Orchard | Michelin Guide, Paragon, Singapore 238859","Singapore","SG",,"0x31da1992320efb97:0x4f68b1b22f90990f","/g/1tj86z1_","1.3036434","103.8349946","290 Orchard Rd, #B1 - 44 Paragon","+6588262181","8826 2181","ChIJl_sOMpIZ2jERD5mQL7KxaE8","10pm","Monday","11am","10pm","Sunday","11am","10pm","Saturday","11am","10pm","Friday","11am","10pm","Thursday","11am","10pm","Wednesday","11am","10pm","Tuesday","11am","10pm","Monday","11am","238859","1102",,"290 Orchard Rd, #B1 - 44 Paragon","Tambuah Mas Indonesian Restaurant Paragon Orchard | Michelin Guide","4.1",
"16 Raffles Quay, B1-13/14 The Warung | Betutu & Nyat Nyat Bali, The Basement, Singapore 048581","Singapore","SG",,"0x31da198581904aa1:0x9d253d53de6bfd5f","/g/11v5f114vl","1.2814095","103.8510185","16 Raffles Quay, B1-13/14 The Basement",,,"ChIJoUqQgYUZ2jERX_1r3lM9JZ0","3pm","Monday","11am",,"Sunday",,,"Saturday",,"3pm","Friday","11am","3pm","Thursday","11am","3pm","Wednesday","11am","3pm","Tuesday","11am","3pm","Monday","11am","048581","105",,"16 Raffles Quay, B1-13/14 The Basement","The Warung | Betutu & Nyat Nyat Bali","4.6",
"44 Kandahar St, Bumbu Restaurant, Singapore 198897","Singapore","SG",,"0x31da19b122a36dfd:0xe888a54734731ea7","/g/1tf7v78b","1.3018761","103.8599942","44 Kandahar St","+6563928628","6392 8628","ChIJ_W2jIrEZ2jERpx5zNEeliOg",,"Monday",,"3pm","Sunday","11am","3pm","Saturday","11am","3pm","Friday","11am","3pm","Thursday","11am","3pm","Wednesday","11am","3pm","Tuesday","11am",,"Monday",,"198897","606",,"44 Kandahar St","Bumbu Restaurant","4.4",
"11 Jln Pisang, Hjh Maimunah Restaurant and Catering, Singapore 199078","Singapore","SG",,"0x31da19b72d5852b7:0xa32d8c892f4a6229","/g/1tkqxsy2","1.303149","103.8585258","11 Jln Pisang","+6562974294","6297 4294","ChIJt1JYLbcZ2jERKWJKL4mMLaM","7pm","Monday","7:30am",,"Sunday",,"7pm","Saturday","7:30am","7pm","Friday","7:30am","7pm","Thursday","7:30am","7pm","Wednesday","7:30am","7pm","Tuesday","7:30am","7pm","Monday","7:30am","199078","3357",,"11 Jln Pisang","Hjh Maimunah Restaurant and Catering","4.5",
"53 Haji Ln, Waroeng Anak Indo, Singapore 189246","Singapore","SG",,"0x31da19b1b721e801:0xe53fbbb268961495","/g/11z0j4qv9b","1.3012573","103.8586815","53 Haji Ln","+6593231920","9323 1920","ChIJAeght7EZ2jERlRSWaLK7P-U","11pm","Monday","1","11pm","Sunday","1","11pm","Saturday","1","11pm","Friday","1","11pm","Thursday","1","11pm","Wednesday","1","11pm","Tuesday","1","11pm","Monday","1","189246","79",,"53 Haji Ln","Waroeng Anak Indo","4.7",
"405 Havelock Rd, Level 3 Kintamani Restaurant, Furama Riverfront, Singapore 169633","Singapore","SG",,"0x31da1977b165dfcd:0x536bab441be18fb7","/g/1tf7k223","1.2875615","103.8359488","405 Havelock Rd, Level 3 Furama Riverfront","+6567396463","6739 6463","ChIJzd9lsXcZ2jERt4_hG0Sra1M","2:30pm","Monday","12","2:30pm","Sunday","12","2:30pm","Saturday","12","2:30pm","Friday","12","2:30pm","Thursday","12","2:30pm","Wednesday","12","2:30pm","Tuesday","12","2:30pm","Monday","12","169633","1141",,"405 Havelock Rd, Level 3 Furama Riverfront","Kintamani Restaurant","4",
"23 Serangoon Central, #01-57 Ayam Penyet Ria - Nex, NEX, Singapore 556083","Singapore","SG",,"0x31da172db057dda3:0x14dfcc27d35b636","/g/11s3wg6s02","1.349972","103.8731256","23 Serangoon Central, #01-57 NEX","+6566772011","6677 2011","ChIJo91XsC0X2jERNrY1fcL8TQE","9:30pm","Monday","11am","9:30pm","Sunday","11am","9:30pm","Saturday","11am","9:30pm","Friday","11am","9:30pm","Thursday","11am","9:30pm","Wednesday","11am","9:30pm","Tuesday","11am","9:30pm","Monday","11am","556083","1100",,"23 Serangoon Central, #01-57 NEX","Ayam Penyet Ria - Nex","4.6",
"17 Petir Rd, #B2-57/58 Ayam Penyet President, Singapore 678278","Singapore","SG",,"0x31da11bb500fb449:0x1e834a4b6efe44d2","/g/11dx9x1xg_","1.3784644","103.7636339","17 Petir Rd, #B2-57/58","+6562655945","6265 5945","ChIJSbQPULsR2jER0kT-bktKgx4","9pm","Monday","7:30am","9pm","Sunday","7am","9:30pm","Saturday","7am","9:30pm","Friday","7am","9pm","Thursday","7am","9pm","Wednesday","7am","9pm","Tuesday","7am","9pm","Monday","7:30am","678278","2939",,"17 Petir Rd, #B2-57/58","Ayam Penyet President","4.8",
"10 Eunos Rd 8, B1-130 Bebek Goreng Pak Ndut @SingPost Centre, SingPost Centre, Singapore 408600","Singapore","SG",,"0x31da19005131c12f:0x6273d46dbdf09312","/g/11w37__7bw","1.3189418","103.8944605","10 Eunos Rd 8, B1-130 SingPost Centre","+6565137787","6513 7787","ChIJL8ExUQAZ2jEREpPwvW3Uc2I","9:30pm","Monday","11am","9:30pm","Sunday","11am","9:30pm","Saturday","11am","9:30pm","Friday","11am","9:30pm","Thursday","11am","9:30pm","Wednesday","11am","9:30pm","Tuesday","11am","9:30pm","Monday","11am","408600","263",,"10 Eunos Rd 8, B1-130 SingPost Centre","Bebek Goreng Pak Ndut @SingPost Centre","4.6",
"Warung Indonesia stall no. 3, Blk 203 Toa Payoh N, #01-1097 Warung Indonesia Toa Payoh, Singapore 310203","Singapore","SG",,"0x31da17005fe3257f:0xb4869eba2029ff5f","/g/11wc67vgqq","1.3420957","103.8495815","Warung Indonesia stall no. 3, Blk 203 Toa Payoh N, #01-1097","+6583354033","8335 4033","ChIJfyXjXwAX2jERX_8pILqehrQ","8:30pm","Monday","6am",,"Sunday",,"8:30pm","Saturday","6am","8:30pm","Friday","6am","8:30pm","Thursday","6am","8:30pm","Wednesday","6am","8:30pm","Tuesday","6am","8:30pm","Monday","6am","310203","81",,"Warung Indonesia stall no. 3, Blk 203 Toa Payoh N, #01-1097","Warung Indonesia Toa Payoh","4.6",
"block 462 Crawford Ln, Impian Wahyu, Singapore 190462","Singapore","SG",,"0x31da19b9b7a17217:0x6a5cde6b75db03e8","/g/11cn0467mc","1.3048687","103.8616632","block 462 Crawford Ln","+6581207192","8120 7192","ChIJF3Kht7kZ2jER6APbdWveXGo","6pm","Monday","11am",,"Sunday",,"6pm","Saturday","11am","6pm","Friday","11am","6pm","Thursday","11am","6pm","Wednesday","11am","6pm","Tuesday","11am","6pm","Monday","11am","190462","339",,"block 462 Crawford Ln","Impian Wahyu","4.6",
"6 Eu Tong Sen St, #02-72 to 75/77/92 Rendezvous Restaurant Hock Lock Kee, The Central, Singapore 059817","Singapore","SG",,"0x31da190a9bbec0d7:0x35b0563210393588","/g/11r97xg_w","1.289174","103.846216","6 Eu Tong Sen St, #02-72 to 75/77/92 The Central","+6563397508","6339 7508","ChIJ18C-mwoZ2jERiDU5EDJWsDU","8:30pm","Monday","11:30am","8:30pm","Sunday","11:30am","8:30pm","Saturday","11:30am","8:30pm","Friday","11:30am","8:30pm","Thursday","11:30am","8:30pm","Wednesday","11:30am","8:30pm","Tuesday","11:30am","8:30pm","Monday","11:30am","059817","648",,"6 Eu Tong Sen St, #02-72 to 75/77/92 The Central","Rendezvous Restaurant Hock Lock Kee","4.2",
"3 Gateway Dr, #B1-11 Bebek Goreng Pak Ndut @Westgate, Westgate, Singapore 608532","Singapore","SG",,"0x31da1151af263f5f:0xa2517cc82d442a52","/g/11j4mw73r2","1.3337357","103.7425365","3 Gateway Dr, #B1-11 Westgate","+6565654787","6565 4787","ChIJXz8mr1ER2jERUipELch8UaI","9:30pm","Monday","11am","9:30pm","Sunday","11am","9:30pm","Saturday","11am","9:30pm","Friday","11am","9:30pm","Thursday","11am","9:30pm","Wednesday","11am","9:30pm","Tuesday","11am","9:30pm","Monday","11am","608532","560",,"3 Gateway Dr, #B1-11 Westgate","Bebek Goreng Pak Ndut @Westgate","4.5",
"1 Kim Seng Promenade, B1-110/111 Tambuah Mas Great World | Halal Indonesian Restaurant, Great World, Singapore 237994","Singapore","SG",,"0x31da19a543cf7f43:0xca7549d7eacef751","/g/11fq_bb3w1","1.2931253","103.8319286","1 Kim Seng Promenade, B1-110/111 Great World","+6587112181","8711 2181","ChIJQ3_PQ6UZ2jERUffO6tdJdco","10pm","Monday","11am","10pm","Sunday","11am","10pm","Saturday","11am","10pm","Friday","11am","10pm","Thursday","11am","10pm","Wednesday","11am","10pm","Tuesday","11am","10pm","Monday","11am","237994","454",,"1 Kim Seng Promenade, B1-110/111 Great World","Tambuah Mas Great World | Halal Indonesian Restaurant","4.2",
"304 Orchard Rd, #02-66/67 Minang House, Lucky Plaza, Singapore 238863","Singapore","SG",,"0x31da19926d40711d:0x7b0be1d0321bdd4b","/g/1wk7nd3c","1.3048263","103.8337223","304 Orchard Rd, #02-66/67 Lucky Plaza","+6568874702","6887 4702","ChIJHXFAbZIZ2jERS90bMtDhC3s","6pm","Monday","10:30am","6pm","Sunday","10:30am","6pm","Saturday","10:30am","6pm","Friday","10:30am","6pm","Thursday","10:30am","6pm","Wednesday","10:30am","6pm","Tuesday","10:30am","6pm","Monday","10:30am","238863","358",,"304 Orchard Rd, #02-66/67 Lucky Plaza","Minang House","4.4",
"3 Temasek Blvd, B1-100 / 101 Chopstix & Rice | Indonesian Restaurant | Padang | Halal | Suntec City SG, Singapore 038983","Singapore","SG",,"0x31da198cd02537dd:0xa9f2e91e0223bee7","/g/1tg6s6wl","1.2950089","103.8599579","3 Temasek Blvd, B1-100 / 101","+6585337228","8533 7228","ChIJ3Tcl0IwZ2jER574jAh7p8qk","9:30pm","Monday","11am","9:30pm","Sunday","11am","9:30pm","Saturday","11am","9:30pm","Friday","11am","9:30pm","Thursday","11am","9:30pm","Wednesday","11am","9:30pm","Tuesday","11am","9:30pm","Monday","11am","038983","1326",,"3 Temasek Blvd, B1-100 / 101","Chopstix & Rice | Indonesian Restaurant | Padang | Halal | Suntec City SG","4.5",
"117 Aljunied Ave 2, #01-06 Indonesian Food House, Singapore 380117","Singapore","SG",,"0x31da1823c27ac89b:0x771e6fb914d843ef","/g/11hbg8vcmd","1.3208431","103.8868911","117 Aljunied Ave 2, #01-06",,,"ChIJm8h6wiMY2jER70PYFLlvHnc","11am","Monday","6:30","11am","Sunday","6:30","11am","Saturday","6:30","11am","Friday","6:30","11am","Thursday","6:30","11am","Wednesday","6:30","11am","Tuesday","6:30","11am","Monday","6:30","380117","37",,"117 Aljunied Ave 2, #01-06","Indonesian Food House","4.5",
"290 Jln Besar, 290 Indonesia Melayu Food, Singapore 208953","Singapore","SG",,"0x31da19f62c5a47cd:0xb8802772e0717230","/g/11g_z8b4_9","1.3107278","103.8588865","290 Jln Besar","+6591449122","9144 9122","ChIJzUdaLPYZ2jERMHJx4HIngLg","24 hours","Monday","24 hours","24 hours","Sunday","24 hours","24 hours","Saturday","24 hours","24 hours","Friday","24 hours","24 hours","Thursday","24 hours","24 hours","Wednesday","24 hours","24 hours","Tuesday","24 hours","24 hours","Monday","24 hours","208953","30",,"290 Jln Besar","290 Indonesia Melayu Food","4.5",
"273 Tanjong Katong Rd, Ben’s Kitchen, Singapore 437056","Singapore","SG",,"0x31da1925bb4e735f:0x779b0d738e506706","/g/11k3wmcwxq","1.3070829","103.895667","273 Tanjong Katong Rd","+6560150232","6015 0232","ChIJX3NOuyUZ2jERBmdQjnMNm3c","3pm","Monday","11am","9pm","Sunday","11am","9pm","Saturday","11am","3pm","Friday","11am","3pm","Thursday","11am","3pm","Wednesday","11am","3pm","Tuesday","11am","3pm","Monday","11am","437056","378",,"273 Tanjong Katong Rd","Ben’s Kitchen","4.3",
"23 Serangoon Central, #01-57 WAYANG - NEX, NEX, Singapore 556083","Singapore","SG",,"0x31da1960d52ccefb:0x50ade511c51c851b","/g/11txnxk6_q","1.3507142","103.872392","23 Serangoon Central, #01-57 NEX","+6566772011","6677 2011","ChIJ-84s1WAZ2jERG4UcxRHlrVA","9pm","Monday","11am","9pm","Sunday","11am","9pm","Saturday","11am","9pm","Friday","11am","9pm","Thursday","11am","9pm","Wednesday","11am","9pm","Tuesday","11am","9pm","Monday","11am","556083","140",,"23 Serangoon Central, #01-57 NEX","WAYANG - NEX","4.5",
"6 Jalan Bukit Merah, #01-01 Dapur Indah Indonesian Food, ABC Brickworks Market & Food Centre, Singapore 150006","Singapore","SG",,"0x31da1b00705b7ab5:0xfc006678b367a83d","/g/11w90102s8","1.2869047","103.8081551","6 Jalan Bukit Merah, #01-01 ABC Brickworks Market & Food Centre",,,"ChIJtXpbcAAb2jERPahns3hmAPw",,"Monday",,"8pm","Sunday","12","8pm","Saturday","12","8pm","Friday","12","8pm","Thursday","12","8pm","Wednesday","12","8pm","Tuesday","12",,"Monday",,"150006","15",,"6 Jalan Bukit Merah, #01-01 ABC Brickworks Market & Food Centre","Dapur Indah Indonesian Food","4.9",
"68 S Bridge Rd, #01-01 Fangko House, Singapore 058698","Singapore","SG",,"0x31da190af2522f29:0x8b45498c96b4c314","/g/11lhzg2fw2","1.2872892","103.8480636","68 S Bridge Rd, #01-01","+6592318849","9231 8849","ChIJKS9S8goZ2jERFMO0loxJRYs","6pm","Monday","8am","6pm","Sunday","8am","11pm","Saturday","8am","11pm","Friday","8am","11pm","Thursday","8am","11pm","Wednesday","8am","8:30pm","Tuesday","8am","6pm","Monday","8am","058698","1564",,"68 S Bridge Rd, #01-01","Fangko House","4.7",
"51 Bencoolen St, #01-05 Putra Minang Restaurant Bencoolen, Singapore 189630","Singapore","SG",,"0x31da19faa330d147:0x815145de046b9fd8","/g/11p02qpf64","1.2994205","103.8505094","51 Bencoolen St, #01-05","+6582623535","8262 3535","ChIJR9Ewo_oZ2jER2J9rBN5FUYE","9pm","Monday","9am","9pm","Sunday","9am","9pm","Saturday","9am","9pm","Friday","9am","9pm","Thursday","9am","9pm","Wednesday","9am","9pm","Tuesday","9am","9pm","Monday","9am","189630","635",,"51 Bencoolen St, #01-05","Putra Minang Restaurant Bencoolen","4.3",
"20 Joo Chiat Rd, Hjh Maimunah Restaurant & Catering Pte Ltd, Singapore 427357","Singapore","SG",,"0x31da1810c42d7097:0x91ad198fd593675f","/g/1tdxbt4l","1.3154196","103.8980367","20 Joo Chiat Rd","+6563485457","6348 5457","ChIJl3AtxBAY2jERX2eT1Y8ZrZE",,"Monday",,"7pm","Sunday","8am","7pm","Saturday","8am","7pm","Friday","8am","7pm","Thursday","8am","7pm","Wednesday","8am","7pm","Tuesday","8am",,"Monday",,"427357","2585",,"20 Joo Chiat Rd","Hjh Maimunah Restaurant & Catering Pte Ltd","4.5",
"1 Pasir Ris Cl, #01-104 D'Penyetz - Downtown East, Singapore 519599","Singapore","SG",,"0x31da3d47ce894975:0xfd917d2afb1ead67","/g/11lgjnkvdl","1.3762197","103.9556301","1 Pasir Ris Cl, #01-104",,,"ChIJdUmJzkc92jERZ60e-yp9kf0","9:30pm","Monday","11am","9:30pm","Sunday","11am","9:30pm","Saturday","11am","9:30pm","Friday","11am","9:30pm","Thursday","11am","9:30pm","Wednesday","11am","9:30pm","Tuesday","11am","9:30pm","Monday","11am","519599","252",,"1 Pasir Ris Cl, #01-104","D'Penyetz - Downtown East","4.3",
"68 Orchard Rd, #06-15/17 Riverside Indonesian BBQ, Singapore 238839","Singapore","SG",,"0x31da19bd7ec8ac73:0x7379f59ccf5fae1a","/g/1tgyt6tg","1.3005317","103.8452356","68 Orchard Rd, #06-15/17",,,"ChIJc6zIfr0Z2jERGq5fz5z1eXM","10pm","Monday","10am","10pm","Sunday","10am","10pm","Saturday","10am","10pm","Friday","10am","10pm","Thursday","10am","10pm","Wednesday","10am","10pm","Tuesday","10am","10pm","Monday","10am","238839","168",,"68 Orchard Rd, #06-15/17","Riverside Indonesian BBQ","4.2",
"304 Orchard Rd, #04-25/27 Ayam Penyet Ria - Lucky Plaza, Singapore 238863","Singapore","SG",,"0x31da1992129014d1:0x869f55c820947fad","/g/1tdd2smt",,,"304 Orchard Rd, #04-25/27","+6562357385","6235 7385","ChIJ0RSQEpIZ2jERrX-UIMhVn4Y","8:30pm","Monday","11am","8:30pm","Sunday","10am","8:30pm","Saturday","11am","8:30pm","Friday","11am","8:30pm","Thursday","11am","8:30pm","Wednesday","11am","8:30pm","Tuesday","11am","8:30pm","Monday","11am","238863","1.146",,"304 Orchard Rd, #04-25/27","Ayam Penyet Ria - Lucky Plaza",,
"35 Scotts Rd, INDOCAFÉ - Peranakan Dining, Singapore 228227","Singapore","SG",,"0x31da19edb688e0c7:0x5dec7da885a919e1","/g/1thx1k4j",,,"35 Scotts Rd","+6594307307","9430 7307","ChIJx-CItu0Z2jER4Rmphah97F0","3pm","Monday","12","3pm","Sunday","12","3pm","Saturday","12","3pm","Friday","12","3pm","Thursday","12","3pm","Wednesday","12","3pm","Tuesday","12","3pm","Monday","12","228227","433",,"35 Scotts Rd","INDOCAFÉ - Peranakan Dining",,
"78 Airport Blvd., #03-225/226 Tambuah Mas Jewel | Indonesian Restaurant, Jewel Changi Airport, Singapore 819666","Singapore","SG",,"0x31da3de05e6e543b:0xde0769c2c6c365d7","/g/11m77mf3tf",,,"78 Airport Blvd., #03-225/226 Jewel Changi Airport","+6586832181","8683 2181","ChIJO1RuXuA92jER12XDxsJpB94","10pm","Monday","10am","10pm","Sunday","10am","10pm","Saturday","10am","10pm","Friday","10am","10pm","Thursday","10am","10pm","Wednesday","10am","10pm","Tuesday","10am","10pm","Monday","10am","819666","261",,"78 Airport Blvd., #03-225/226 Jewel Changi Airport","Tambuah Mas Jewel | Indonesian Restaurant",,
"2 Tampines Central 5, #B1-20 Ayam Penyet President - Century Square Tampines, Century Square, Singapore 529509","Singapore","SG",,"0x31da3d11893d3b8f:0x79fe1217a808b049","/g/11b76v5qhz",,,"2 Tampines Central 5, #B1-20 Century Square","+6562602469","6260 2469","ChIJjzs9iRE92jERSbAIqBcS_nk","9pm","Monday","11:30am","9pm","Sunday","11am","9:30pm","Saturday","11am","9:30pm","Friday","11:30am","9pm","Thursday","11:30am","9pm","Wednesday","11:30am","9pm","Tuesday","11:30am","9pm","Monday","11:30am","529509","1.256",,"2 Tampines Central 5, #B1-20 Century Square","Ayam Penyet President - Century Square Tampines",,
"51 Bencoolen St, #01-05 Putra Minang Restaurant Bencoolen, Singapore 189630","Singapore","SG",,"0x31da19faa330d147:0x815145de046b9fd8","/g/11p02qpf64","1.2994205","103.8505094","51 Bencoolen St, #01-05","+6582623535","8262 3535","ChIJR9Ewo_oZ2jER2J9rBN5FUYE","9pm","Monday","9am","9pm","Monday","9am",,,,,,,,,,,,,,,,,,,"189630",,,"51 Bencoolen St, #01-05","Putra Minang Restaurant Bencoolen",,
"719 N Bridge Rd, Nasi Padang Sabar Menanti, Singapore 198687","Singapore","SG",,"0x31da19b72ae3989b:0x5ae0d7b118607b23","/g/1tdh5zld","1.3026056","103.8587245","719 N Bridge Rd",,,"ChIJm5jjKrcZ2jERI3tgGLHX4Fo",,"Monday",,"5pm","Sunday","7am","5pm","Saturday","7am","5pm","Friday","7am","5pm","Thursday","7am","5pm","Wednesday","7am","5pm","Tuesday","7am",,"Monday",,"198687","460",,"719 N Bridge Rd","Nasi Padang Sabar Menanti","4.3",
"42W4+XQ5 Rumah Makan Masakan Padang, Jl. Imam Bonjol-Nagoya, Lubuk Baja Kota, Kec. Lubuk Baja, Kota Batam, Kepulauan Riau 29444, Indonesia","Batam City","ID",,"0x31d98a281c4308a3:0x53e8c704a1ca13c","/g/1hm6fk5zk",,,"42W4+XQ5, Jl. Imam Bonjol-Nagoya","+6285668814071","0856-6881-4071","ChIJowhDHCiK2TERPKEcSnCMPgU","8pm","Monday","10am","8pm","Sunday","10am","8pm","Saturday","10am","8pm","Friday","10am","8pm","Thursday","10am","8pm","Wednesday","10am","8pm","Tuesday","10am","8pm","Monday","10am","29444","8","Riau Islands","42W4+XQ5, Jl. Imam Bonjol-Nagoya","Rumah Makan Masakan Padang",,
"RM Padang Metta Vegetarian, Ruko Puri Loka, Jl. Bukit Beruntung, Sungai Panas, Kec. Batam Kota, Kota Batam, Kepulauan Riau 29444, Indonesia","Batam City","ID",,"0x31d9890c4514abe1:0x6a65ae7c05c07879","/g/11c3k55ly7",,,"Ruko Puri Loka, Jl. Bukit Beruntung","+62811772157","0811-772-157","ChIJ4asURQyJ2TEReXjABXyuZWo","2pm","Monday","7am","2pm","Sunday","7am","2pm","Saturday","7am","2pm","Friday","7am","2pm","Thursday","7am","2pm","Wednesday","7am","2pm","Tuesday","7am","2pm","Monday","7am","29444","112","Riau Islands","Ruko Puri Loka, Jl. Bukit Beruntung","RM Padang Metta Vegetarian",,
"Warisan Pariaman, Komp Bintang Mas, Jl. Laksamana Bintan No.1 Blk D, Sungai Panas, Kec. Batam Kota, Kota Batam, Kepulauan Riau 29432, Indonesia","Batam City","ID",,"0x31d989d4cb9187b5:0xd9b8d23cefb758bc","/g/11mdkhp9wz",,,"Komp Bintang Mas, Jl. Laksamana Bintan No.1 Blk D","+6282172223331","0821-7222-3331","ChIJtYeRy9SJ2TERvFi37zzSuNk","9pm","Monday","9am","9pm","Sunday","9am","9pm","Saturday","9am","9pm","Friday","9am","9pm","Thursday","9am","9pm","Wednesday","9am","9pm","Tuesday","9am","9pm","Monday","9am","29432","43","Riau Islands","Komp Bintang Mas, Jl. Laksamana Bintan No.1 Blk D","Warisan Pariaman",,
"4X57+9QQ RM Sido Seneng, Jl. Komp. Cipta Puri, Tiban Baru, Sekupang, Batam City, Riau Islands 29424, Indonesia","Batam City","ID",,"0x31d98b82f9b801db:0xacb7b9a4e929abc1","/g/11g5zy8kb2",,,"4X57+9QQ, Jl. Komp. Cipta Puri","+6285365506600","0853-6550-6600","ChIJ2wG4-YKL2TERwasp6aS5t6w","1am","Monday","5pm","1am","Sunday","5pm","1am","Saturday","5pm","1am","Friday","5pm","1am","Thursday","5pm","1am","Wednesday","5pm","1am","Tuesday","5pm","1am","Monday","5pm","29424","28","Riau Islands","4X57+9QQ, Jl. Komp. Cipta Puri","RM Sido Seneng",,
"WFF2+QXX RM. Damai, Jl. Brigjen Katamso, Kemboja, Tanjungpinang Barat, Tanjung Pinang City, Riau Islands, Indonesia","Tanjung Pinang City","ID",,"0x31d973e4619ac5e1:0x1c39ad4c321d4a6b","/g/11h40y1wn0",,,"WFF2+QXX, Jl. Brigjen Katamso","+6277121515","(0771) 21515","ChIJ4cWaYeRz2TERa0odMkytORw","5pm","Monday","9am","5pm","Sunday","9am","5pm","Saturday","9am","5pm","Friday","9am","5pm","Thursday","9am","5pm","Wednesday","9am","5pm","Tuesday","9am","5pm","Monday","9am",,"10","Riau Islands","WFF2+QXX, Jl. Brigjen Katamso","RM. Damai",,
"Putra Pasaman Masakan Padang, Komplek Pertokoan Nasa Santosa Blok.A No.12A, Belian, Batam Kota, Batam City, Riau Islands 29464, Indonesia","Batam City","ID",,"0x31d989260575c68f:0x483390330c77a272","/g/11q34r1vm9",,,"Komplek Pertokoan Nasa Santosa Blok.A No.12A","+6282171387211","0821-7138-7211","ChIJj8Z1BSaJ2TERcqJ3DDOQM0g","9pm","Monday","9am","9pm","Sunday","9am","9pm","Saturday","9am","9pm","Friday","9am","9pm","Thursday","9am","9pm","Wednesday","9am","9pm","Tuesday","9am","9pm","Monday","9am","29464",,"Riau Islands","Komplek Pertokoan Nasa Santosa Blok.A No.12A","Putra Pasaman Masakan Padang",,
"42Q2+PRP Nasi padang Asli Minang, Jl. Imam Bonjol-Plaza Square, Batu Selicin, Lubuk Baja, Batam City, Riau Islands 29444, Indonesia","Batam City","ID",,"0x31d98b39ff055b2b:0x61479884cf10065f","/g/11g0w0dlmc",,,"42Q2+PRP, Jl. Imam Bonjol-Plaza Square","+6281277389283","0812-7738-9283","ChIJK1sF_zmL2TERXwYQz4SYR2E","8pm","Monday","8am","8pm","Sunday","8am","8pm","Saturday","8am","8pm","Friday","8am","8pm","Thursday","8am","8pm","Wednesday","8am","8pm","Tuesday","8am","8pm","Monday","8am","29444","23","Riau Islands","42Q2+PRP, Jl. Imam Bonjol-Plaza Square","Nasi padang Asli Minang",,
"3 Temasek Blvd, B1-100 / 101 Chopstix & Rice | Indonesian Restaurant | Padang | Halal | Suntec City SG, Singapore 038983","Singapore","SG",,"0x31da198cd02537dd:0xa9f2e91e0223bee7","/g/1tg6s6wl",,,"3 Temasek Blvd, B1-100 / 101","+6585337228","8533 7228","ChIJ3Tcl0IwZ2jER574jAh7p8qk","9:30pm","Monday","11am","9:30pm","Sunday","11am","9:30pm","Saturday","11am","9:30pm","Friday","11am","9:30pm","Thursday","11am","9:30pm","Wednesday","11am","9:30pm","Tuesday","11am","9:30pm","Monday","11am","038983","1.326",,"3 Temasek Blvd, B1-100 / 101","Chopstix & Rice | Indonesian Restaurant | Padang | Halal | Suntec City SG",,
"Restoran Arnasz Limo R, Jalan Dato Jaafar, Larkin, 80350 Johor Bahru, Johor, Malaysia","Johor Bahru","MY",,"0x31da6d4826614c39:0xbfe32ee875f6f006","/g/11btm18sz4",,,"Jalan Dato Jaafar","+601121752579","011-2175 2579","ChIJOUxhJkht2jERBvD2degu478","6pm","Monday","6:30am","6pm","Sunday","6:30am","6pm","Saturday","6:30am",,"Friday",,"6pm","Thursday","6:30am","6pm","Wednesday","6:30am","6pm","Tuesday","6:30am","6pm","Monday","6:30am","80350","364","Johor","Jalan Dato Jaafar","Restoran Arnasz Limo R",,
"4XRW+M93 Sate Padang Sutan Mudo, Jl. Tj. Uma, Tanjung Uma, Lubuk Baja, Batam City, Riau Islands, Indonesia","Batam City","ID",,"0x31d98a2d86631205:0xc97be5ebc0d03568","/g/11c1s1qx3t",,,"4XRW+M93, Jl. Tj. Uma","+6285374051981","0853-7405-1981","ChIJBRJjhi2K2TERaDXQwOvle8k","12am","Monday","5pm","12pm","Sunday","12am","12pm","Saturday","12am","12pm","Friday","12am","12pm","Thursday","12am","12pm","Wednesday","12am","12pm","Tuesday","12am","12am","Monday","5pm",,"15","Riau Islands","4XRW+M93, Jl. Tj. Uma","Sate Padang Sutan Mudo",,
"Padang Nusantara Vegetarian Batam, Komp. Ruko Palm Spring, Komplek No.10 Blok A3, Taman Baloi, Kec. Batam Kota, Kota Batam, Kepulauan Riau 29444, Indonesia","Batam City","ID",,"0x31d989310dbe6383:0xba669c62b0aa9395","/g/11lc_1gy6b",,,"Komp. Ruko Palm Spring, Komplek No.10 Blok A3","+6282390981868","0823-9098-1868","ChIJg2O-DTGJ2TERlZOqsGKcZro","8pm","Monday","8am","8pm","Sunday","8am","8pm","Saturday","8am","8pm","Friday","8am","8pm","Thursday","8am","8pm","Wednesday","8am","8pm","Tuesday","8am","8pm","Monday","8am","29444","24","Riau Islands","Komp. Ruko Palm Spring, Komplek No.10 Blok A3","Padang Nusantara Vegetarian Batam",,
"Hidangan Nasi Padang Sukaramai, Jalan Wong Ah Fook, Bandar Johor Bahru, 80000 Johor Bahru, Johor Darul Ta'zim, Malaysia","Johor Bahru","MY",,"0x31da12dd2f4dc837:0x66fbee1f8cd8a420","/g/11bbrk2c9p",,,"Jalan Wong Ah Fook","+60127544638","012-754 4638","ChIJN8hNL90S2jERIKTYjB_u-2Y","5pm","Monday","8am",,"Sunday",,"5pm","Saturday","8am","5pm","Friday","8am","5pm","Thursday","8am","5pm","Wednesday","8am","5pm","Tuesday","8am","5pm","Monday","8am","80000","102","Johor","Jalan Wong Ah Fook","Hidangan Nasi Padang Sukaramai",,
"RM Mando Jaya (Masakan Padang), Jl. Raja Ali H. No.62, Sungai Jodoh, Kec. Batu Ampar, Kota Batam, Kepulauan Riau 29444, Indonesia","Batam City","ID",,"0x31d98b2ef0d07531:0x337d622ea7d9bb0","/g/11h3k5frpt",,,"Jl. Raja Ali H. No.62","+6282388002121","0823-8800-2121","ChIJMXXQ8C6L2TERsJt96iLWNwM","9pm","Monday","9am","9pm","Sunday","9am","9pm","Saturday","9am","9pm","Friday","9am","9pm","Thursday","9am","9pm","Wednesday","9am","9pm","Tuesday","9am","9pm","Monday","9am","29444","9","Riau Islands","Jl. Raja Ali H. No.62","RM Mando Jaya (Masakan Padang)",,
"70 Zion Rd, #01-01 CT Authentic Nasi Padang, Singapore 247792","Singapore","SG",,"0x31da195e8f8c7795:0x1395fc00bf201424","/g/11rfr7wclt","1.2924392","103.8311415","70 Zion Rd, #01-01",,,"ChIJlXeMj14Z2jERJBQgvwD8lRM","9pm","Monday","10am","9pm","Sunday","10am","9pm","Saturday","10am","9pm","Friday","10am","9pm","Thursday","10am","9pm","Wednesday","10am","9pm","Tuesday","10am","9pm","Monday","10am","247792","14",,"70 Zion Rd, #01-01","CT Authentic Nasi Padang","4.9",
"31 E Coast Rd, Melor Nasi Padang, Singapore 428752","Singapore","SG",,"0x31da187278867a95:0x89a17052e7b9e7cf","/g/11ssxhycsf","1.3047309","103.9028093","31 E Coast Rd",,,"ChIJlXqGeHIY2jERz-e551JwoYk","6pm","Monday","6am","6pm","Sunday","6am","6pm","Saturday","6am","6pm","Friday","6am","6pm","Thursday","6am","6pm","Wednesday","6am","6pm","Tuesday","6am","6pm","Monday","6am","428752","54",,"31 E Coast Rd","Melor Nasi Padang","4.6",
"32 Old Toh Tuck Rd, I Bak Ohana Nasi Padang, Biz Centre SG FOOD HUB, Singapore 597658","Singapore","SG",,"0x31da11752eade8c3:0x7c117642936a70d1","/g/11qbkwq25_","1.3335864","103.7586557","32 Old Toh Tuck Rd, I Biz Centre SG FOOD HUB","+6586885767","8688 5767","ChIJw-itLnUR2jER0XBqk0J2EXw",,"Monday",,,"Sunday",,"1pm","Saturday","9am",,"Friday",,"1pm","Thursday","6:30am","1pm","Wednesday","6:30am","1pm","Tuesday","6:30am",,"Monday",,"597658","28",,"32 Old Toh Tuck Rd, I Biz Centre SG FOOD HUB","Bak Ohana Nasi Padang","4.9",
"335 Smith St, #02-221 Nasi Padang Mami Fita, Singapore 050335","Singapore","SG",,"0x31da19389ee96115:0xcb7d7bf7113bda68","/g/11t7zbklyq","1.2824159","103.84278","335 Smith St, #02-221","+6598306193","9830 6193","ChIJFWHpnjgZ2jERaNo7Efd7fcs","5pm","Monday","7am",,"Sunday",,"5pm","Saturday","7am","5pm","Friday","7am","5pm","Thursday","7am","5pm","Wednesday","7am","5pm","Tuesday","7am","5pm","Monday","7am","050335","37",,"335 Smith St, #02-221","Nasi Padang Mami Fita","4.6",
"45 Keong Saik Rd., Yanti Authentic Nasi Padang, Singapore 089149","Singapore","SG",,"0x31da197264d3252f:0x61ab7f0b0ee43769","/g/1tg9q6dn","1.2804386","103.8414108","45 Keong Saik Rd.","+6593207737","9320 7737","ChIJLyXTZHIZ2jERaTfkDgt_q2E","9:15pm","Monday","7am","9:15pm","Sunday","7am","9:15pm","Saturday","7am","9:15pm","Friday","7am","9:15pm","Thursday","7am","9:15pm","Wednesday","7am","9:15pm","Tuesday","7am","9:15pm","Monday","7am","089149","215",,"45 Keong Saik Rd.","Yanti Authentic Nasi Padang","3.7",
"200 Victoria St, #21 Makan Bagus Nasi Padang, Singapore 188021","Singapore","SG",,"0x31da19babea90001:0xb2d25ff4c13024b0","/g/11hf80wx1w","1.2992907","103.8553101","200 Victoria St, #21","+6596808288","9680 8288","ChIJAQCpvroZ2jERsCQwwfRf0rI","24 hours","Monday","24 hours","24 hours","Sunday","24 hours","24 hours","Saturday","24 hours","24 hours","Friday","24 hours","24 hours","Thursday","24 hours","24 hours","Wednesday","24 hours","24 hours","Tuesday","24 hours","24 hours","Monday","24 hours","188021","1",,"200 Victoria St, #21","Makan Bagus Nasi Padang","5",
"719 N Bridge Rd, Nasi Padang Sabar Menanti, Singapore 198687","Singapore","SG",,"0x31da19b72ae3989b:0x5ae0d7b118607b23","/g/1tdh5zld","1.3026056","103.8587245","719 N Bridge Rd",,,"ChIJm5jjKrcZ2jERI3tgGLHX4Fo",,"Monday",,"5pm","Sunday","7am","5pm","Saturday","7am","5pm","Friday","7am","5pm","Thursday","7am","5pm","Wednesday","7am","5pm","Tuesday","7am",,"Monday",,"198687","460",,"719 N Bridge Rd","Nasi Padang Sabar Menanti","4.3",
"1 Geylang Serai, #02-137 Sinar Pagi Nasi Padang, Singapore 402001","Singapore","SG",,"0x31da1810a6503683:0x57ffa0ad4f53028","/g/11cp5j3kl2","1.3166955","103.897865","1 Geylang Serai, #02-137",,,"ChIJgzZQphAY2jERKDD11Ar6fwU",,"Monday",,"7pm","Sunday","8am","7pm","Saturday","8am","7pm","Friday","8am","7pm","Thursday","8am","7pm","Wednesday","8am","7pm","Tuesday","8am",,"Monday",,"402001","253",,"1 Geylang Serai, #02-137","Sinar Pagi Nasi Padang","3.7",
"539 Bedok North Street 3, Warong Java Nasi Padang, Singapore 460539","Singapore","SG",,"0x31da3d51e4eb8199:0x65543183c5152759","/g/11bw6g7xpk","1.3313812","103.9255016","539 Bedok North Street 3","+6597340350","9734 0350","ChIJmYHr5FE92jERWScVxYMxVGU",,"Monday",,"3:30pm","Sunday","7am","3:30pm","Saturday","7am","3:30pm","Friday","7am","3:30pm","Thursday","7am","3:30pm","Wednesday","7am","3:30pm","Tuesday","7am",,"Monday",,"460539","604",,"539 Bedok North Street 3","Warong Java Nasi Padang","4.3",
"171 MacPherson Rd, The Nasi Padang By Butterscotch (Muslim Owned), Singapore 348536","Singapore","SG",,"0x31da1786ca690dcf:0xbd34b4009dc0e6dd","/g/11hzsvy8_x","1.3298226","103.8740529","171 MacPherson Rd","+6598329162","9832 9162","ChIJzw1pyoYX2jER3ebAnQC0NL0",,"Monday",,,"Sunday",,,"Saturday",,"2pm","Friday","7am","2pm","Thursday","7am","2pm","Wednesday","7am","2pm","Tuesday","7am",,"Monday",,"348536","62",,"171 MacPherson Rd","The Nasi Padang By Butterscotch (Muslim Owned)","4.7",
"49A Serangoon Garden Wy, #01-29 Maimon Nasi Padang, Singapore 555945","Singapore","SG",,"0x31da190a6a0b57bb:0x1bf62b8f275fe3c8","/g/1tkqxsvn","1.3630609","103.8665271","49A Serangoon Garden Wy, #01-29","+6590210156","9021 0156","ChIJu1cLagoZ2jERyONfJ48r9hs",,"Monday",,"3pm","Sunday","11:30am","3pm","Saturday","11:30am",,"Friday",,"3pm","Thursday","11:30am","3pm","Wednesday","11:30am",,"Tuesday",,,"Monday",,"555945","69",,"49A Serangoon Garden Wy, #01-29","Maimon Nasi Padang","4.5",
"5036 Ang Mo Kio Ind Park 2, Rasa Rasa Nasi Padang Malay Cuisine, Singapore 569539","Singapore","SG",,"0x31da1713d0470315:0xcfc044e1ed47d4dd","/g/11xnp149wh","1.3722084","103.8618471","5036 Ang Mo Kio Ind Park 2","+6598111591","9811 1591","ChIJFQNH0BMX2jER3dRH7eFEwM8","2pm","Monday","7am",,"Sunday",,,"Saturday",,"2pm","Friday","7am","2pm","Thursday","7am","2pm","Wednesday","7am",,"Tuesday",,"2pm","Monday","7am","569539","17",,"5036 Ang Mo Kio Ind Park 2","Rasa Rasa Nasi Padang Malay Cuisine","4.9",
"2 Third Lok Yang Rd, Hajjah Faridah Nasi Padang, Singapore 627997","Singapore","SG",,"0x31da057c4beaa613:0x8c2b43215a833ce4","/g/11bzt2hq33","1.3249202","103.6899642","2 Third Lok Yang Rd",,,"ChIJE6bqS3wF2jER5DyDWiFDK4w","2pm","Monday","5am",,"Sunday",,"1pm","Saturday","5am","2pm","Friday","5am","2pm","Thursday","5am","2pm","Wednesday","5am","2pm","Tuesday","5am","2pm","Monday","5am","627997","163",,"2 Third Lok Yang Rd","Hajjah Faridah Nasi Padang","4.6",
"991 Buangkok Link, Abang 991 Nasi Padang, Singapore 537984","Singapore","SG",,"0x31da17002acbea01:0xc40ba2f072ba5d7e","/g/11njryhmy7","1.3843807","103.8817416","991 Buangkok Link",,,"ChIJAerLKgAX2jERfl26cvCiC8Q",,,,,,,,,,,,,,,,,,,,,,,,,"537984","1",,"991 Buangkok Link","Abang 991 Nasi Padang","5",
"Hougang St 51, Nasi Padang 46, Singapore 538719","Singapore","SG",,"0x31da17a37a80268d:0xa81b4fc2c98df275","/g/11kx2312mk","1.3796399","103.8876793","Hougang St 51",,,"ChIJjSaAeqMX2jERdfKNycJPG6g","8pm","Monday","9am",,"Sunday",,"3:30pm","Saturday","9am","3:30pm","Friday","9am","8pm","Thursday","9am","8pm","Wednesday","9am","8pm","Tuesday","9am","8pm","Monday","9am","538719","99",,"Hougang St 51","Nasi Padang 46","4.2",
"73A Ayer Rajah Cres., #01-03 Nasi Padang, Singapore 139957","Singapore","SG",,"0x31da1b0e76b2b51f:0x1ccba3e083c2accb","/g/11fj_09btj","1.2975354","103.7874224","73A Ayer Rajah Cres., #01-03",,,"ChIJH7Wydg4b2jERy6zCg-Cjyxw","3pm","Monday","7am",,"Sunday",,,"Saturday",,"3pm","Friday","7am","3pm","Thursday","7am","3pm","Wednesday","7am","3pm","Tuesday","7am","3pm","Monday","7am","139957","25",,"73A Ayer Rajah Cres., #01-03","Nasi Padang","4.4",
"1 Bedok Rd, #01-17, Bedok Food Centre, Puteri Nasi Padang, Singapore 469572","Singapore","SG",,"0x31da23a3942b0e33:0xc11e7fb139d6b37f","/g/11qqnp9drt","1.3203879","103.955323","1 Bedok Rd, #01-17, Bedok Food Centre",,,"ChIJMw4rlKMj2jERf7PWObF_HsE","5pm","Monday","7am","5pm","Sunday","7am","5pm","Saturday","7am","5pm","Friday","7am",,"Thursday",,"5pm","Wednesday","7am","5pm","Tuesday","7am","5pm","Monday","7am","469572","88",,"1 Bedok Rd, #01-17, Bedok Food Centre","Puteri Nasi Padang","4.3",
"#01-65, 120 Bukit Merah Lane 1, Alexandra Village Food Centre, Salero Minang Nasi Padang, Singapore 150123","Singapore","SG",,"0x31da1bcc7912fc03:0x374440c231feca60","/g/11fs2lqw43","1.286343","103.8045261","#01-65, 120 Bukit Merah Lane 1, Alexandra Village Food Centre",,,"ChIJA_wSecwb2jERYMr-McJARDc","3pm","Monday","10:30am",,"Sunday",,"3pm","Saturday","10:30am","3pm","Friday","10:30am","3pm","Thursday","10:30am","3pm","Wednesday","10:30am","3pm","Tuesday","10:30am","3pm","Monday","10:30am","150123","15",,"#01-65, 120 Bukit Merah Lane 1, Alexandra Village Food Centre","Salero Minang Nasi Padang","4.3",
"Champions Way, #01-201 Warung Wak Din Nasi Padang, Block 568C Woodlands, Singapore 733568","Singapore","SG",,"0x31da130470773971:0xe4b4e89a202edb39","/g/11vyr2kjwp","1.4282432","103.7897143","Champions Way, #01-201 Block 568C Woodlands","+6596354185","9635 4185","ChIJcTl3cAQT2jEROdsuIJrotOQ","7pm","Monday","7:30am","7pm","Sunday","7:30am","7pm","Saturday","7:30am",,"Friday",,"7pm","Thursday","7:30am","7pm","Wednesday","7:30am","7pm","Tuesday","7:30am","7pm","Monday","7:30am","733568","32",,"Champions Way, #01-201 Block 568C Woodlands","Warung Wak Din Nasi Padang","4.7",
"335 Smith St, #02-221 Alif Nasi Padang, Market & Food Centre, Chinatown Complex, Singapore 050335","Singapore","SG",,"0x31da19003b9f22c3:0x86af09f4f91f2893","/g/11y4l2y9fb","1.2821554","103.8432399","335 Smith St, #02-221 Market & Food Centre, Chinatown Complex",,,"ChIJwyKfOwAZ2jERkygf-fQJr4Y","3:30pm","Monday","7am",,"Sunday",,"3:30pm","Saturday","7am","3:30pm","Friday","7am","3:30pm","Thursday","7am","3:30pm","Wednesday","7am","3:30pm","Tuesday","7am","3:30pm","Monday","7am","050335","10",,"335 Smith St, #02-221 Market & Food Centre, Chinatown Complex","Alif Nasi Padang","5",
"9 Bishan Pl, #B1-26 Serangoon BBQ & Curry (SBC1983) | Halal Nasi Padang Inspired Bowls & Ayam Bakar – Junction 8, Junction 8, Singapore 579837","Singapore","SG",,"0x31da178c756c2c3d:0x3586d43ecfaf9919","/g/11wh3b48mh","1.350849","103.848814","9 Bishan Pl, #B1-26 Junction 8","+6588844322","8884 4322","ChIJPSxsdYwX2jERGZmvzz7UhjU","9pm","Monday","10:30am","9pm","Sunday","10:30am","9pm","Saturday","10:30am","9pm","Friday","10:30am","9pm","Thursday","10:30am","9pm","Wednesday","10:30am","9pm","Tuesday","10:30am","9pm","Monday","10:30am","579837","1147",,"9 Bishan Pl, #B1-26 Junction 8","Serangoon BBQ & Curry (SBC1983) | Halal Nasi Padang Inspired Bowls & Ayam Bakar – Junction 8","4.7",
"88 Bedok North Ave 4, #01-125 King Nasi Padang, Singapore 460088","Singapore","SG",,"0x31da3da1843f3871:0x1613c3eedd6e26dd","/g/11nrpthkw7","1.333086","103.9389306","88 Bedok North Ave 4, #01-125","+6594319241","9431 9241","ChIJcTg_hKE92jER3SZu3e7DExY","6pm","Monday","6am","6pm","Sunday","6am","5pm","Saturday","6am","6pm","Friday","6am","6pm","Thursday","6am","6pm","Wednesday","6am","6pm","Tuesday","6am","6pm","Monday","6am","460088","24",,"88 Bedok North Ave 4, #01-125","King Nasi Padang","4.2",
"120A Bukit Merah Lane 1, Selera Tokelen ( Nasi lemak, Nasi Padang, Mee Rebus, Lontong, Mee Siam, Nasi Sambal Goreng, Mee Soto), Singapore 151120","Singapore","SG",,"0x31da1bd8a8841bab:0xccdca8e2b37a6ac8","/g/11scfz2fwh","1.2863733","103.8046043","120A Bukit Merah Lane 1",,,"ChIJqxuEqNgb2jERyGp6s-Ko3Mw","8pm","Monday","6:30am","8pm","Sunday","6:30am","8pm","Saturday","6:30am","8pm","Friday","6:30am","8pm","Thursday","6:30am","8pm","Wednesday","6:30am","8pm","Tuesday","6:30am","8pm","Monday","6:30am","151120","15",,"120A Bukit Merah Lane 1","Selera Tokelen ( Nasi lemak, Nasi Padang, Mee Rebus, Lontong, Mee Siam, Nasi Sambal Goreng, Mee Soto)","4.9",
"400 Orchard Rd, Sutimah's Nasi Padang And Cafe, Singapore 238875","Singapore","SG",,"0x31da198cc59c04cb:0x3a003c0666a12f65","/g/1tl1kzwv","1.3069977","103.8291854","400 Orchard Rd",,,"ChIJywScxYwZ2jERZS-hZgY8ADo","7pm","Monday","10am","7pm","Sunday","10am","7pm","Saturday","10am","7pm","Friday","10am","7pm","Thursday","10am","7pm","Wednesday","10am","7pm","Tuesday","10am","7pm","Monday","10am","238875","1",,"400 Orchard Rd","Sutimah's Nasi Padang And Cafe","5",
"335 Smith St, #02-148 PADIMAS Nasi Padang, Singapore 050335","Singapore","SG",,"0x31da190c1b2549c7:0x5bc8a9e773fdb9b","/g/11p0x_syhj","1.2825863","103.8430923","335 Smith St, #02-148","+6583850282","8385 0282","ChIJx0klGwwZ2jERm9s_d56KvAU",,,,,,,,,,,,,,,,,,,,,,,,,"050335","1",,"335 Smith St, #02-148","PADIMAS Nasi Padang","5",
"3014 Ubi Rd 1, Azhar Noor's Nasi Padang, Singapore 408702","Singapore","SG",,"0x31da17fc7b7a1ebb:0x5beeba48c1a241f","/g/11gwm6ngwn","1.3305752","103.8942722","3014 Ubi Rd 1",,,"ChIJux56e_wX2jERHyQajKTrvgU","2:30pm","Monday","6am",,"Sunday",,,"Saturday",,"2:30pm","Friday","6am","2:30pm","Thursday","6am","2:30pm","Wednesday","6am","2:30pm","Tuesday","6am","2:30pm","Monday","6am","408702","21",,"3014 Ubi Rd 1","Azhar Noor's Nasi Padang","4.6",
"15 Upper E Coast Rd, Nor's Nasi Padang, Singapore 455207","Singapore","SG",,"0x31da22a4b37f4e1f:0x1c1d4c78f3f2ebd0","/g/11c5d2x7dh","1.312852","103.925738","15 Upper E Coast Rd",,,"ChIJH05_s6Qi2jER0Ovy83hMHRw",,"Monday",,,"Sunday",,"3pm","Saturday","7am","3pm","Friday","7am","3pm","Thursday","7am","3pm","Wednesday","7am","3pm","Tuesday","7am",,"Monday",,"455207","20",,"15 Upper E Coast Rd","Nor's Nasi Padang","4.5",
"304, 02-04 Orchard Rd, Indosoup Nasi Padang Berlian, Lucky Plaza, Singapore 238863","Singapore","SG",,"0x31da1945b3da2c95:0xc0e99a43742920d3","/g/11rljb7tqh","1.3045795","103.8340621","304, 02-04 Orchard Rd, Lucky Plaza","+6589081119","8908 1119","ChIJlSzas0UZ2jER0yApdEOa6cA","8pm","Monday","10am","8pm","Sunday","10am","8pm","Saturday","10am","8pm","Friday","10am","8pm","Thursday","10am","8pm","Wednesday","10am","8pm","Tuesday","10am","8pm","Monday","10am","238863","94",,"304, 02-04 Orchard Rd, Lucky Plaza","Indosoup Nasi Padang Berlian","4.1",
"1 Tanjong Pagar Plz, #01-03 Adil Co Nasi Padang & Catering, Singapore 082001","Singapore","SG",,"0x31da3d487e9277f5:0xbcc258ccb33b6660","/g/11t_qsl6d2",,,"1 Tanjong Pagar Plz, #01-03","+6590907706","9090 7706","ChIJ9XeSfkg92jERYGY7s8xYwrw","6:30pm","Monday","9am","5pm","Sunday","9am","5pm","Saturday","9am","6:30pm","Friday","9am","6:30pm","Thursday","9am","6:30pm","Wednesday","9am","6:30pm","Tuesday","9am","6:30pm","Monday","9am","082001","185",,"1 Tanjong Pagar Plz, #01-03","Adil Co Nasi Padang & Catering",,
"735 Pasir Ris Street 72, #01-336 Raden Lina Nasi Padang @ West Plaza Pasir Ris (Koufu FoodCourt), West Plaza Inside Koufu Foodcourt, West Plaza, Singapore 510735","Singapore","SG",,"0x31da3d037ec1ef67:0x58170ed6f4000dfe","/g/11rmr4_cyt",,,"735 Pasir Ris Street 72, #01-336 West Plaza Inside Koufu Foodcourt, West Plaza","+6586081070","8608 1070","ChIJZ-_BfgM92jER_g0A9NYOF1g","8pm","Monday","7am","8pm","Sunday","7am","8pm","Saturday","7am","8pm","Friday","7am","8pm","Thursday","7am","8pm","Wednesday","7am","8pm","Tuesday","7am","8pm","Monday","7am","510735","116",,"735 Pasir Ris Street 72, #01-336 West Plaza Inside Koufu Foodcourt, West Plaza","Raden Lina Nasi Padang @ West Plaza Pasir Ris (Koufu FoodCourt)",,
"182A Rivervale Cres, Nasi Padang by NL Delights, Singapore 541182","Singapore","SG",,"0x31da161c9ee1a35d:0x1933bb885a98002a","/g/11gb3ttdjg",,,"182A Rivervale Cres",,,"ChIJXaPhnhwW2jERKgCYWoi7Mxk",,"Monday",,"4pm","Sunday","7am","4pm","Saturday","7am","4pm","Friday","7am","4pm","Thursday","7am","4pm","Wednesday","7am","4pm","Tuesday","7am",,"Monday",,"541182","489",,"182A Rivervale Cres","Nasi Padang by NL Delights",,
"503 W Coast Dr, #01-80 Mbakyu Nasi Padang Warong Pojok (#01-80), Singapore 120503","Singapore","SG",,"0x31da1bd16ae34e2d:0xa620e1ee069d3acf","/g/11stnywnyr",,,"503 W Coast Dr, #01-80",,,"ChIJLU7jatEb2jERzzqdBu7hIKY","24 hours","Monday","24 hours","24 hours","Sunday","24 hours","24 hours","Saturday","24 hours","24 hours","Friday","24 hours","24 hours","Thursday","24 hours","24 hours","Wednesday","24 hours","24 hours","Tuesday","24 hours","24 hours","Monday","24 hours","120503","22",,"503 W Coast Dr, #01-80","Mbakyu Nasi Padang Warong Pojok (#01-80)",,
"Mahan Nasi Padang, Singapore",,"SG",,"0x31da16c13c2d56b7:0x1f97313fdb148b22","/g/11nym2jcsd",,,,,,"ChIJt1YtPMEW2jERIosU2z8xlx8","24 hours","Monday","24 hours","24 hours","Sunday","24 hours","24 hours","Saturday","24 hours","24 hours","Friday","24 hours","24 hours","Thursday","24 hours","24 hours","Wednesday","24 hours","24 hours","Tuesday","24 hours","24 hours","Monday","24 hours",,"22",,,"Mahan Nasi Padang",,
"50 Serangoon North Ave 4, #01-30 Su's Kitchen Nasi padang, Singapore 555856","Singapore","SG",,"0x31da1700453bb71d:0x44e6a21094b7c170","/g/11y6gwwb74",,,"50 Serangoon North Ave 4, #01-30",,,"ChIJHbc7RQAX2jERcMG3lBCi5kQ",,,,,,,,,,,,,,,,,,,,,,,,,"555856","3",,"50 Serangoon North Ave 4, #01-30","Su's Kitchen Nasi padang",,
"50 Science Park Rd, #01-03 Raja Rasa Indonesian Cuisine & Nasi Padang, The Kendall, Singapore 117406","Singapore","SG",,"0x31da1b10e76074b1:0x5bcc45471116e070","/g/11kqt9s30g",,,"50 Science Park Rd, #01-03 The Kendall",,,"ChIJsXRg5xAb2jERcOAWEUdFzFs","2pm","Monday","10am",,"Sunday",,,"Saturday",,"2pm","Friday","10am","2pm","Thursday","10am","2pm","Wednesday","10am","2pm","Tuesday","10am","2pm","Monday","10am","117406",,,"50 Science Park Rd, #01-03 The Kendall","Raja Rasa Indonesian Cuisine & Nasi Padang",,
"155 Bukit Batok Street 11, Ar-Rina Nasi Padang, Singapore 650155","Singapore","SG",,"0x31da11c874031c8d:0x6de84a9fef10bea9","/g/11j6qg64pp",,,"155 Bukit Batok Street 11",,,"ChIJjRwDdMgR2jERqb4Q759K6G0","9pm","Monday","10:30am","9pm","Sunday","10:30am","9pm","Saturday","10:30am","9pm","Friday","10:30am","9pm","Thursday","10:30am","9pm","Wednesday","10:30am","9pm","Tuesday","10:30am","9pm","Monday","10:30am","650155","16",,"155 Bukit Batok Street 11","Ar-Rina Nasi Padang",,
"1036 Sembawang Rd, N&N Nasi Padang Corner, Singapore 758504","Singapore","SG",,"0x31da1499fb7a5265:0x734b46d8d578f3b8","/g/11bz0p_j7s",,,"1036 Sembawang Rd","+6598560618","9856 0618","ChIJZVJ6-5kU2jERuPN41dhGS3M","3pm","Monday","7am","3pm","Sunday","7am","3pm","Saturday","7am","3pm","Friday","7am","3pm","Thursday","7am","3pm","Wednesday","7am","3pm","Tuesday","7am","3pm","Monday","7am","758504","244",,"1036 Sembawang Rd","N&N Nasi Padang Corner",,
"934-935 Yishun Central 1, Great NASI PADANG, Singapore 760935","Singapore","SG",,"0x31da146e9c6178ff:0x6814bc6492ea7a14","/g/11dxqgym6r",,,"934-935 Yishun Central 1",,,"ChIJ_3hhnG4U2jERFHrqkmS8FGg","8:30pm","Monday","8:30am","8:30pm","Sunday","8:30am","8:30pm","Saturday","8:30am","8:30pm","Friday","8:30am","8:30pm","Thursday","8:30am","8:30pm","Wednesday","8:30am","8:30pm","Tuesday","8:30am","8:30pm","Monday","8:30am","760935","8",,"934-935 Yishun Central 1","Great NASI PADANG",,
"17A Jurong Gateway Rd, #01-17 Nasi Padang, Singapore 608513","Singapore","SG",,"0x31da11004eff1007:0x30cfaae2a59532f7","/g/11wj_ljwdx",,,"17A Jurong Gateway Rd, #01-17",,,"ChIJBxD_TgAR2jER9zKVpeKqzzA",,,,,,,,,,,,,,,,,,,,,,,,,"608513","5",,"17A Jurong Gateway Rd, #01-17","Nasi Padang",,
"86 Market St, #02-10 Kejora Nasi Padang, Singapore 048947","Singapore","SG",,"0x31da1962cae1adc9:0xcbad5c7f455f7cef","/g/11gwm6yymx",,,"86 Market St, #02-10",,,"ChIJya3hymIZ2jER73xfRX9crcs","4pm","Monday","7am",,"Sunday",,,"Saturday",,"4pm","Friday","7am","4pm","Thursday","7am","4pm","Wednesday","7am","4pm","Tuesday","7am","4pm","Monday","7am","048947","23",,"86 Market St, #02-10","Kejora Nasi Padang",,
"79 Telok Blangah Dr, #01-39 Labrador Nasi Lemak & Nasi Padang, Singapore 100079","Singapore","SG",,"0x31da1b83ad8e30b3:0x69abed4c468a2320","/g/11s3g32311",,,"79 Telok Blangah Dr, #01-39",,,"ChIJszCOrYMb2jERICOKRkztq2k","24 hours","Monday","24 hours","24 hours","Sunday","24 hours","24 hours","Saturday","24 hours","24 hours","Friday","24 hours","24 hours","Thursday","24 hours","24 hours","Wednesday","24 hours","24 hours","Tuesday","24 hours","24 hours","Monday","24 hours","100079","20",,"79 Telok Blangah Dr, #01-39","Labrador Nasi Lemak & Nasi Padang",,
"8 Ubi Rd 2, Che' Rose Nasi Padang, Singapore 408538","Singapore","SG",,"0x31da1769df87dc1b:0x991866a90e26c0e8","/g/1vxw5st8",,,"8 Ubi Rd 2","+6581027855","8102 7855","ChIJG9yH32kX2jER6MAmDqlmGJk","3:30pm","Monday","9:30am",,"Sunday",,"3:30pm","Saturday","9:30am","3:30pm","Friday","9:30am","3:30pm","Thursday","9:30am","3:30pm","Wednesday","9:30am","3:30pm","Tuesday","9:30am","3:30pm","Monday","9:30am","408538","235",,"8 Ubi Rd 2","Che' Rose Nasi Padang",,
"54 Zion Rd, IndoChili, Singapore 247779","Singapore","SG",,"0x31da19836ef50bb9:0x8e73d74c5232aa12","/g/11rvw520n","1.2929351","103.831227","54 Zion Rd","+6589228185","8922 8185","ChIJuQv1boMZ2jEREqoyUkzXc44","3pm","Monday","11:30am","3pm","Monday","11:30am",,,,,,,,,,,,,,,,,,,"247779",,,"54 Zion Rd","IndoChili",,
"30 Bali Ln, KULON, Singapore 189866","Singapore","SG",,"0x31da19b412e46883:0xa427c00a224fab63","/g/11hs3v1bn1","1.3012255","103.8584004","30 Bali Ln","+6569294686","6929 4686","ChIJg2jkErQZ2jERY6tPIgrAJ6Q",,"Monday",,,"Monday",,,,,,,,,,,,,,,,,,,,"189866",,,"30 Bali Ln","KULON",,
"6 Raffles Blvd, #02-201 Makan Makan, Singapore 039594","Singapore","SG",,"0x31da19252670010f:0x7ce44654e3752159","/g/11rydxypxv","1.2912061","103.8576768","6 Raffles Blvd, #02-201","+6562529848","6252 9848","ChIJDwFwJiUZ2jERWSF141RG5Hw","4pm","Monday","11am","4pm","Monday","11am",,,,,,,,,,,,,,,,,,,"039594",,,"6 Raffles Blvd, #02-201","Makan Makan",,
"Lucky Plaza, 304 Orchard Rd, #01-42 Bebek Goreng Pak Ndut @Lucky Plaza, Orchard, Singapore 238863","Singapore","SG",,"0x31da199270bd8a55:0x3ce988ae33fdb9ab","/g/11g7zgnwrj","1.3045755","103.8340344","Lucky Plaza, 304 Orchard Rd, #01-42 Orchard","+6567344787","6734 4787","ChIJVYq9cJIZ2jERq7n9M66I6Tw","9:30pm","Monday","11am","9:30pm","Monday","11am",,,,,,,,,,,,,,,,,,,"238863",,,"Lucky Plaza, 304 Orchard Rd, #01-42 Orchard","Bebek Goreng Pak Ndut @Lucky Plaza",,
"Altez / Icon Village Extension, 16 Enggor St, #01-10 Bara Food Tanjong Pagar, Singapore 079717","Singapore","SG",,"0x31da1970b386aa81:0x3fe1694d371af197","/g/11frj609q2","1.2744873","103.8443179","Altez / Icon Village Extension, 16 Enggor St, #01-10","+6581826876","8182 6876","ChIJgaqGs3AZ2jERl_EaN01p4T8","8pm","Monday","8am","8pm","Monday","8am",,,,,,,,,,,,,,,,,,,"079717",,,"Altez / Icon Village Extension, 16 Enggor St, #01-10","Bara Food Tanjong Pagar",,
"162 Rochor Rd, Warung Leko, Singapore 188437","Singapore","SG",,"0x31da19007c4e6f23:0x55ec356d022a2f71","/g/11yj7t00fp","1.3008967","103.8553637","162 Rochor Rd","+6585037499","8503 7499","ChIJI29OfAAZ2jERcS8qAm017FU","10pm","Monday","11am","10pm","Monday","11am",,,,,,,,,,,,,,,,,,,"188437",,,"162 Rochor Rd","Warung Leko",,
"304 Orchard Rd, #01-45 Paris Van Java, Lucky Plaza, Singapore 238863","Singapore","SG",,"0x31da19004bf68a03:0x232bd452cb131835","/g/11trh_0q5w","1.3045795","103.8340621","304 Orchard Rd, #01-45 Lucky Plaza","+6565399313","6539 9313","ChIJA4r2SwAZ2jERNRgTy1LUKyM","9pm","Monday","11am","9pm","Monday","11am",,,,,,,,,,,,,,,,,,,"238863",,,"304 Orchard Rd, #01-45 Lucky Plaza","Paris Van Java",,
"11 Jln Pisang, Hjh Maimunah Restaurant and Catering, Singapore 199078","Singapore","SG",,"0x31da19b72d5852b7:0xa32d8c892f4a6229","/g/1tkqxsy2","1.303149","103.8585258","11 Jln Pisang","+6562974294","6297 4294","ChIJt1JYLbcZ2jERKWJKL4mMLaM","7pm","Monday","7:30am","7pm","Monday","7:30am",,,,,,,,,,,,,,,,,,,"199078",,,"11 Jln Pisang","Hjh Maimunah Restaurant and Catering",,
"10 Paya Lebar Rd, #02-09 Pondok Jawa, Singapore 409057","Singapore","SG",,"0x31da191e9b9fecc1:0x1ed1d8c4467b6319","/g/11xmv9m0q2","1.3175284","103.8928037","10 Paya Lebar Rd, #02-09","+6589052722","8905 2722","ChIJweyfmx4Z2jERGWN7RsTY0R4",,,,,,,,,,,,,,,,,,,,,,,,,"409057",,,"10 Paya Lebar Rd, #02-09","Pondok Jawa",,
"17 Petir Rd, #B2-57/58 Ayam Penyet President, Singapore 678278","Singapore","SG",,"0x31da11bb500fb449:0x1e834a4b6efe44d2","/g/11dx9x1xg_","1.3784644","103.7636339","17 Petir Rd, #B2-57/58","+6562655945","6265 5945","ChIJSbQPULsR2jER0kT-bktKgx4","9pm","Monday","7:30am","9pm","Monday","7:30am",,,,,,,,,,,,,,,,,,,"678278",,,"17 Petir Rd, #B2-57/58","Ayam Penyet President",,
"94 Lor 4 Toa Payoh, #01-22 THREE. by Garamika, Singapore 310094","Singapore","SG",,"0x31da176a6ec198c3:0xe0cbad1787b9d7c4","/g/11k581v0qb","1.3388227","103.8496748","94 Lor 4 Toa Payoh, #01-22","+6580271333","8027 1333","ChIJw5jBbmoX2jERxNe5hxety-A","3pm","Monday","11am","3pm","Monday","11am",,,,,,,,,,,,,,,,,,,"310094",,,"94 Lor 4 Toa Payoh, #01-22","THREE. by Garamika",,
"50 Tras St, Cumi Bali, Singapore 078989","Singapore","SG",,"0x31da196d447f0e0f:0xa1bfeb8cfb7ee197","/g/1vs1pcp6","1.2781374","103.844249","50 Tras St","+6562206619","6220 6619","ChIJDw5_RG0Z2jERl-F--4zrv6E","2:30pm","Monday","11:30am","2:30pm","Monday","11:30am",,,,,,,,,,,,,,,,,,,"078989",,,"50 Tras St","Cumi Bali",,
"290 Orchard Rd, #B1 - 44 Tambuah Mas Indonesian Restaurant Paragon Orchard | Michelin Guide, Paragon, Singapore 238859","Singapore","SG",,"0x31da1992320efb97:0x4f68b1b22f90990f","/g/1tj86z1_","1.3036434","103.8349946","290 Orchard Rd, #B1 - 44 Paragon","+6588262181","8826 2181","ChIJl_sOMpIZ2jERD5mQL7KxaE8","10pm","Monday","11am","10pm","Monday","11am",,,,,,,,,,,,,,,,,,,"238859",,,"290 Orchard Rd, #B1 - 44 Paragon","Tambuah Mas Indonesian Restaurant Paragon Orchard | Michelin Guide",,
"14 Scotts Rd, #01-23 Indo Rasa Singapore, Far East Plaza, Singapore 228213","Singapore","SG",,"0x31da19a9093e5909:0x9cb1c2afe10eeec4","/g/11sss93fls","1.3073044","103.8333325","14 Scotts Rd, #01-23 Far East Plaza","+6597202721","9720 2721","ChIJCVk-CakZ2jERxO4O4a_CsZw","9pm","Monday","10am","9pm","Monday","10am",,,,,,,,,,,,,,,,,,,"228213",,,"14 Scotts Rd, #01-23 Far East Plaza","Indo Rasa Singapore",,
"371 Beach Rd, #02-28 Palapa Indonesian Fast Food, City Gate, Singapore 199597","Singapore","SG",,"0x31da193f0b67dd21:0xde3cee62b0aa0c7b","/g/11y5gdwcr1","1.3023209","103.8623237","371 Beach Rd, #02-28 City Gate",,,"ChIJId1nCz8Z2jERewyqsGLuPN4","9pm","Monday","11am","9pm","Monday","11am",,,,,,,,,,,,,,,,,,,"199597",,,"371 Beach Rd, #02-28 City Gate","Palapa Indonesian Fast Food",,
"405 Havelock Rd, Level 3 Kintamani Restaurant, Furama Riverfront, Singapore 169633","Singapore","SG",,"0x31da1977b165dfcd:0x536bab441be18fb7","/g/1tf7k223","1.2875615","103.8359488","405 Havelock Rd, Level 3 Furama Riverfront","+6567396463","6739 6463","ChIJzd9lsXcZ2jERt4_hG0Sra1M","2:30pm","Monday","12","2:30pm","Monday","12",,,,,,,,,,,,,,,,,,,"169633",,,"405 Havelock Rd, Level 3 Furama Riverfront","Kintamani Restaurant",,
"14 Scotts Rd, #05-22/23 Pondok Jawa Timur, Far East Plaza, Singapore 228213","Singapore","SG",,"0x31da19b0d446610d:0x3ad23ff6ed7de527","/g/11b6_nqh4h","1.3075867","103.8335336","14 Scotts Rd, #05-22/23 Far East Plaza","+6568845853","6884 5853","ChIJDWFG1LAZ2jERJ-V97fY_0jo","8pm","Monday","11am","8pm","Monday","11am",,,,,,,,,,,,,,,,,,,"228213",,,"14 Scotts Rd, #05-22/23 Far East Plaza","Pondok Jawa Timur",,
"304 Orchard Rd, #04-61/62 INDONESIA BOLEH, Singapore 238863","Singapore","SG",,"0x31da19005009d5df:0xc4786cf40756eece","/g/11xly5wwf3","1.3045755","103.8340344","304 Orchard Rd, #04-61/62","+6587863687","8786 3687","ChIJ39UJUAAZ2jERzu5WB_RseMQ","7:30pm","Monday","10:30am","7:30pm","Monday","10:30am",,,,,,,,,,,,,,,,,,,"238863",,,"304 Orchard Rd, #04-61/62","INDONESIA BOLEH",,
"304 Orchard Rd, #01-71 Indo Express, Lucky Plaza, Singapore 238863","Singapore","SG",,"0x31da19665f8082a7:0x212b6eaded14c84a","/g/11nmqdtlhk","1.3044367","103.8340348","304 Orchard Rd, #01-71 Lucky Plaza","+6591881260","9188 1260","ChIJp4KAX2YZ2jERSsgU7a1uKyE","8pm","Monday","10am","8pm","Monday","10am",,,,,,,,,,,,,,,,,,,"238863",,,"304 Orchard Rd, #01-71 Lucky Plaza","Indo Express",,
"3 Gateway Dr, #B1-11 Bebek Goreng Pak Ndut @Westgate, Westgate, Singapore 608532","Singapore","SG",,"0x31da1151af263f5f:0xa2517cc82d442a52","/g/11j4mw73r2","1.3337357","103.7425365","3 Gateway Dr, #B1-11 Westgate","+6565654787","6565 4787","ChIJXz8mr1ER2jERUipELch8UaI","9:30pm","Monday","11am","9:30pm","Monday","11am",,,,,,,,,,,,,,,,,,,"608532",,,"3 Gateway Dr, #B1-11 Westgate","Bebek Goreng Pak Ndut @Westgate",,
"3 Temasek Blvd, B1-100 / 101 Chopstix & Rice | Indonesian Restaurant | Padang | Halal | Suntec City SG, Singapore 038983","Singapore","SG",,"0x31da198cd02537dd:0xa9f2e91e0223bee7","/g/1tg6s6wl","1.2950089","103.8599579","3 Temasek Blvd, B1-100 / 101","+6585337228","8533 7228","ChIJ3Tcl0IwZ2jER574jAh7p8qk","9:30pm","Monday","11am","9:30pm","Sunday","11am","9:30pm","Saturday","11am","9:30pm","Friday","11am","9:30pm","Thursday","11am","9:30pm","Wednesday","11am","9:30pm","Tuesday","11am","9:30pm","Monday","11am","038983","1326",,"3 Temasek Blvd, B1-100 / 101","Chopstix & Rice | Indonesian Restaurant | Padang | Halal | Suntec City SG","4.5",
"44 Kandahar St, Bumbu Restaurant, Singapore 198897","Singapore","SG",,"0x31da19b122a36dfd:0xe888a54734731ea7","/g/1tf7v78b","1.3018761","103.8599942","44 Kandahar St","+6563928628","6392 8628","ChIJ_W2jIrEZ2jERpx5zNEeliOg",,"Monday",,"3pm","Sunday","11am","3pm","Saturday","11am","3pm","Friday","11am","3pm","Thursday","11am","3pm","Wednesday","11am","3pm","Tuesday","11am",,"Monday",,"198897","606",,"44 Kandahar St","Bumbu Restaurant","4.4",
"18 & 18A Kandahar Street, Rumah Makan Minang - Kandahar Street, Singapore 198884","Singapore","SG",,"0x31da19b126f40b5d:0xf5b1f9ae92a2f622","/g/1tj30ms4","1.3022991","103.8595966","18 & 18A Kandahar Street","+6569777064","6977 7064","ChIJXQv0JrEZ2jERIvaikq75sfU","6:30pm","Monday","7:30am","6:30pm","Sunday","7:30am","6:30pm","Saturday","7:30am","6:30pm","Friday","7:30am","6:30pm","Thursday","7:30am","6:30pm","Wednesday","7:30am","6:30pm","Tuesday","7:30am","6:30pm","Monday","7:30am","198884","1529",,"18 & 18A Kandahar Street","Rumah Makan Minang - Kandahar Street","4.3",
"Telok Ayer St, #88 - 90 Pagi Sore Indonesian Restaurant (Family Business in Singapore since 1989), Singapore 048470","Singapore","SG",,"0x31da190c45674969:0x32ead82129cb068b","/g/1v_n913p","1.2826195","103.8486534","Telok Ayer St, #88 - 90","+6562256002","6225 6002","ChIJaUlnRQwZ2jERiwbLKSHY6jI","2pm","Monday","11:30am","2pm","Sunday","11:30am","2pm","Saturday","11:30am","2pm","Friday","11:30am","2pm","Thursday","11:30am","2pm","Wednesday","11:30am","2pm","Tuesday","11:30am","2pm","Monday","11:30am","048470","608",,"Telok Ayer St, #88 - 90","Pagi Sore Indonesian Restaurant (Family Business in Singapore since 1989)","4.1",
"930 Yishun Ave 2, B1-54 Ayam Penyet President, Northpoint City North Wing, Singapore 769098","Singapore","SG",,"0x31da146f818230eb:0x3f08f74d65860828","/g/11fx95kt_h","1.429265","103.8361212","930 Yishun Ave 2, B1-54 Northpoint City North Wing","+6562572991","6257 2991","ChIJ6zCCgW8U2jERKAiGZU33CD8","9pm","Monday","11:30am","9pm","Sunday","11am","9:30pm","Saturday","11am","9:30pm","Friday","11:30am","9pm","Thursday","11:30am","9pm","Wednesday","11:30am","9pm","Tuesday","11:30am","9pm","Monday","11:30am","769098","1395",,"930 Yishun Ave 2, B1-54 Northpoint City North Wing","Ayam Penyet President","4.4",
"23 Serangoon Central, #01-57 Ayam Penyet Ria - Nex, NEX, Singapore 556083","Singapore","SG",,"0x31da172db057dda3:0x14dfcc27d35b636","/g/11s3wg6s02","1.349972","103.8731256","23 Serangoon Central, #01-57 NEX","+6566772011","6677 2011","ChIJo91XsC0X2jERNrY1fcL8TQE","9:30pm","Monday","11am","9:30pm","Sunday","11am","9:30pm","Saturday","11am","9:30pm","Friday","11am","9:30pm","Thursday","11am","9:30pm","Wednesday","11am","9:30pm","Tuesday","11am","9:30pm","Monday","11am","556083","1100",,"23 Serangoon Central, #01-57 NEX","Ayam Penyet Ria - Nex","4.6",
"1 Kim Seng Promenade, B1-110/111 Tambuah Mas Great World | Halal Indonesian Restaurant, Great World, Singapore 237994","Singapore","SG",,"0x31da19a543cf7f43:0xca7549d7eacef751","/g/11fq_bb3w1","1.2931253","103.8319286","1 Kim Seng Promenade, B1-110/111 Great World","+6587112181","8711 2181","ChIJQ3_PQ6UZ2jERUffO6tdJdco","10pm","Monday","11am","10pm","Sunday","11am","10pm","Saturday","11am","10pm","Friday","11am","10pm","Thursday","11am","10pm","Wednesday","11am","10pm","Tuesday","11am","10pm","Monday","11am","237994","454",,"1 Kim Seng Promenade, B1-110/111 Great World","Tambuah Mas Great World | Halal Indonesian Restaurant","4.2",
"304 Orchard Rd, #02-66/67 Minang House, Lucky Plaza, Singapore 238863","Singapore","SG",,"0x31da19926d40711d:0x7b0be1d0321bdd4b","/g/1wk7nd3c","1.3048263","103.8337223","304 Orchard Rd, #02-66/67 Lucky Plaza","+6568874702","6887 4702","ChIJHXFAbZIZ2jERS90bMtDhC3s","6pm","Monday","10:30am","6pm","Sunday","10:30am","6pm","Saturday","10:30am","6pm","Friday","10:30am","6pm","Thursday","10:30am","6pm","Wednesday","10:30am","6pm","Tuesday","10:30am","6pm","Monday","10:30am","238863","358",,"304 Orchard Rd, #02-66/67 Lucky Plaza","Minang House","4.4",
"20 Joo Chiat Rd, Hjh Maimunah Restaurant & Catering Pte Ltd, Singapore 427357","Singapore","SG",,"0x31da1810c42d7097:0x91ad198fd593675f","/g/1tdxbt4l","1.3154196","103.8980367","20 Joo Chiat Rd","+6563485457","6348 5457","ChIJl3AtxBAY2jERX2eT1Y8ZrZE",,"Monday",,"7pm","Sunday","8am","7pm","Saturday","8am","7pm","Friday","8am","7pm","Thursday","8am","7pm","Wednesday","8am","7pm","Tuesday","8am",,"Monday",,"427357","2585",,"20 Joo Chiat Rd","Hjh Maimunah Restaurant & Catering Pte Ltd","4.5",
"304 Orchard Rd, #04-25/27 Ayam Penyet Ria - Lucky Plaza, Singapore 238863","Singapore","SG",,"0x31da1992129014d1:0x869f55c820947fad","/g/1tdd2smt","1.3045795","103.8340621","304 Orchard Rd, #04-25/27","+6562357385","6235 7385","ChIJ0RSQEpIZ2jERrX-UIMhVn4Y","8:30pm","Monday","11am","8:30pm","Sunday","10am","8:30pm","Saturday","11am","8:30pm","Friday","11am","8:30pm","Thursday","11am","8:30pm","Wednesday","11am","8:30pm","Tuesday","11am","8:30pm","Monday","11am","238863","1146",,"304 Orchard Rd, #04-25/27","Ayam Penyet Ria - Lucky Plaza","4",
"31 Arab St, Ratu Lemper, Singapore 199730","Singapore","SG",,"0x31da19b1040b4959:0xc86e898dcc5fb2e","/g/11crzzv42w","1.3005084","103.8596527","31 Arab St","+6598132450","9813 2450","ChIJWUkLBLEZ2jERLvvF3Jjohgw",,"Monday",,"6pm","Sunday","10am","6pm","Saturday","10am","6pm","Friday","10am","6pm","Thursday","10am","6pm","Wednesday","10am","6pm","Tuesday","10am",,"Monday",,"199730","113",,"31 Arab St","Ratu Lemper","4.5",
"1 Pasir Ris Cl, #01-104 D'Penyetz - Downtown East, Singapore 519599","Singapore","SG",,"0x31da3d47ce894975:0xfd917d2afb1ead67","/g/11lgjnkvdl","1.3762197","103.9556301","1 Pasir Ris Cl, #01-104",,,"ChIJdUmJzkc92jERZ60e-yp9kf0","9:30pm","Monday","11am","9:30pm","Sunday","11am","9:30pm","Saturday","11am","9:30pm","Friday","11am","9:30pm","Thursday","11am","9:30pm","Wednesday","11am","9:30pm","Tuesday","11am","9:30pm","Monday","11am","519599","252",,"1 Pasir Ris Cl, #01-104","D'Penyetz - Downtown East","4.3",
"601 MacPherson Rd, #01-61 WARUNG IJO | VEGETARIAN | VEGAN | INDONESIAN CUISINES | NO ALCOHOL | NO ONION GARLIC, Grantral Mall Tai Seng, Singapore 368242","Singapore","SG",,"0x31da1949d857c60d:0x52f4188e45fd31c","/g/11h4qmbw93","1.3338869","103.8881309","601 MacPherson Rd, #01-61 Grantral Mall Tai Seng","+6588578600","8857 8600","ChIJDcZX2EkZ2jERHNNf5IhBLwU","3pm","Monday","11am","3:30pm","Sunday","11am","3:30pm","Saturday","11am","3pm","Friday","11am","3pm","Thursday","11am","3pm","Wednesday","11am","3pm","Tuesday","11am","3pm","Monday","11am","368242","858",,"601 MacPherson Rd, #01-61 Grantral Mall Tai Seng","WARUNG IJO | VEGETARIAN | VEGAN | INDONESIAN CUISINES | NO ALCOHOL | NO ONION GARLIC","4.6",
"B2-K3, 15 Paya Lebar Rd, Papa Ayam PLQ Mall, Singapore 409049","Singapore","SG",,"0x31da19c0cfd0806f:0x8359b70230e090e5","/g/11k0695zyg","1.3172478","103.8924083","B2-K3, 15 Paya Lebar Rd","+6586983921","8698 3921","ChIJb4DQz8AZ2jER5ZDgMAK3WYM","9:30pm","Monday","10:30am","9:30pm","Sunday","10:30am","9:30pm","Saturday","10:30am","9:30pm","Friday","10:30am","9:30pm","Thursday","10:30am","9:30pm","Wednesday","10:30am","9:30pm","Tuesday","10:30am","9:30pm","Monday","10:30am","409049","326",,"B2-K3, 15 Paya Lebar Rd","Papa Ayam PLQ Mall","4.4",
"2 Tampines Central 5, #B1-20 Ayam Penyet President - Century Square Tampines, Century Square, Singapore 529509","Singapore","SG",,"0x31da3d11893d3b8f:0x79fe1217a808b049","/g/11b76v5qhz","1.352505","103.9439658","2 Tampines Central 5, #B1-20 Century Square","+6562602469","6260 2469","ChIJjzs9iRE92jERSbAIqBcS_nk","9pm","Monday","11:30am","9pm","Sunday","11am","9:30pm","Saturday","11am","9:30pm","Friday","11:30am","9pm","Thursday","11:30am","9pm","Wednesday","11:30am","9pm","Tuesday","11:30am","9pm","Monday","11:30am","529509","1256",,"2 Tampines Central 5, #B1-20 Century Square","Ayam Penyet President - Century Square Tampines","4.6",
"51 Bencoolen St, #01-05 Putra Minang Restaurant Bencoolen, Singapore 189630","Singapore","SG",,"0x31da19faa330d147:0x815145de046b9fd8","/g/11p02qpf64","1.2994205","103.8505094","51 Bencoolen St, #01-05","+6582623535","8262 3535","ChIJR9Ewo_oZ2jER2J9rBN5FUYE","9pm","Monday","9am","9pm","Sunday","9am","9pm","Saturday","9am","9pm","Friday","9am","9pm","Thursday","9am","9pm","Wednesday","9am","9pm","Tuesday","9am","9pm","Monday","9am","189630","635",,"51 Bencoolen St, #01-05","Putra Minang Restaurant Bencoolen","4.3",
"5 Banda St, #01-52 Nasi Lemak Ayam Taliwang - Chinatown, K88 Coffeeshop, Singapore 050005","Singapore","SG",,"0x31da178361e7f5ef:0x9490f4d8cb669397","/g/11mk7bcf7k","1.2815518","103.843556","5 Banda St, #01-52 K88 Coffeeshop","+6580891465","8089 1465","ChIJ7_XnYYMX2jERl5Nmy9j0kJQ","9pm","Monday","8am","10pm","Sunday","8am","10pm","Saturday","8am","10pm","Friday","8am","9:30pm","Thursday","8am","10pm","Wednesday","8am","9pm","Tuesday","8am","9pm","Monday","8am","050005","424",,"5 Banda St, #01-52 K88 Coffeeshop","Nasi Lemak Ayam Taliwang - Chinatown","4.7",
"51 Yishun Ave 11, #01-01 Kedai Nur & Meera, Singapore 768867","Singapore","SG",,"0x31da170007e3ee7d:0x18c0a15c43adf2c4","/g/11mdpv2z73","1.4248474","103.8451043","51 Yishun Ave 11, #01-01",,,"ChIJfe7jBwAX2jERxPKtQ1yhwBg",,"Monday",,"4pm","Sunday","7:30am","4pm","Saturday","7:30am","4pm","Friday","7:30am","4pm","Thursday","7:30am","4pm","Wednesday","7:30am","4pm","Tuesday","7:30am",,"Monday",,"768867","13",,"51 Yishun Ave 11, #01-01","Kedai Nur & Meera","5",
"1 Tampines Walk, #02-90/91 D’Penyetz - Our Tampines Hub, Singapore 528523","Singapore","SG",,"0x31da3d37d0cf3aa7:0xb7e9c6f4a3a018f4","/g/11w9zq1wtf","1.3529604","103.9403451","1 Tampines Walk, #02-90/91",,,"ChIJpzrP0Dc92jER9Bigo_TG6bc","10pm","Monday","10am","10pm","Sunday","10am","10pm","Saturday","10am","10pm","Friday","10am","10pm","Thursday","10am","10pm","Wednesday","10am","10pm","Tuesday","10am","10pm","Monday","10am","528523","151",,"1 Tampines Walk, #02-90/91","D’Penyetz - Our Tampines Hub","4.4",
"23 Serangoon Central, #01-57 WAYANG - NEX, NEX, Singapore 556083","Singapore","SG",,"0x31da1960d52ccefb:0x50ade511c51c851b","/g/11txnxk6_q",,,"23 Serangoon Central, #01-57 NEX","+6566772011","6677 2011","ChIJ-84s1WAZ2jERG4UcxRHlrVA","9pm","Monday","11am","9pm","Sunday","11am","9pm","Saturday","11am","9pm","Friday","11am","9pm","Thursday","11am","9pm","Wednesday","11am","9pm","Tuesday","11am","9pm","Monday","11am","556083","140",,"23 Serangoon Central, #01-57 NEX","WAYANG - NEX",,
"78 Airport Blvd., #03-225/226 Tambuah Mas Jewel | Indonesian Restaurant, Jewel Changi Airport, Singapore 819666","Singapore","SG",,"0x31da3de05e6e543b:0xde0769c2c6c365d7","/g/11m77mf3tf",,,"78 Airport Blvd., #03-225/226 Jewel Changi Airport","+6586832181","8683 2181","ChIJO1RuXuA92jER12XDxsJpB94","10pm","Monday","10am","10pm","Sunday","10am","10pm","Saturday","10am","10pm","Friday","10am","10pm","Thursday","10am","10pm","Wednesday","10am","10pm","Tuesday","10am","10pm","Monday","10am","819666","261",,"78 Airport Blvd., #03-225/226 Jewel Changi Airport","Tambuah Mas Jewel | Indonesian Restaurant",,
"14 Sims Dr, #01-64 Pestle & Mortar Society, Singapore 387388","Singapore","SG",,"0x31da1795ab67e58b:0x70869945dd794c22","/g/11r9vsxycs",,,"14 Sims Dr, #01-64","+6584500221","8450 0221","ChIJi-Vnq5UX2jERIkx53UWZhnA",,"Monday",,"9pm","Sunday","12","9pm","Saturday","12","9pm","Friday","12","9pm","Thursday","12","9pm","Wednesday","12","9pm","Tuesday","12",,"Monday",,"387388","982",,"14 Sims Dr, #01-64","Pestle & Mortar Society",,
"198 Pandan Lp, Asam Garam street 29, Singapore 128386","Singapore","SG",,"0x31da15867b7dea9b:0x719cef93b1326db5","/g/11vdmj7cwn",,,"198 Pandan Lp","+6598581355","9858 1355","ChIJm-p9e4YV2jERtW0ysZPvnHE","3pm","Monday","7am",,"Sunday",,,"Saturday",,"3pm","Friday","7am","3pm","Thursday","7am","3pm","Wednesday","7am","3pm","Tuesday","7am","3pm","Monday","7am","128386","10",,"198 Pandan Lp","Asam Garam street 29",,
"6 Raffles Blvd, #03-131 Taliwang Restaurant, Marina Square, Singapore 039594","Singapore","SG",,"0x31da1922209bc587:0xfed0da27c9454c02","/g/11h3mv77nz",,,"6 Raffles Blvd, #03-131 Marina Square","+6560411665","6041 1665","ChIJh8WbICIZ2jERAkxFySfa0P4","9:30pm","Monday","12","9:30pm","Sunday","12","9:30pm","Saturday","12","9:30pm","Friday","12","9:30pm","Thursday","12","9:30pm","Wednesday","12","9:30pm","Tuesday","12","9:30pm","Monday","12","039594","308",,"6 Raffles Blvd, #03-131 Marina Square","Taliwang Restaurant",,
"Block 335 Smith St, #02-225 Nasi Padang Beach Road (Halal @ Chinatown), Blue Zone, Chinatown Complex, Singapore 050335","Singapore","SG",,"0x31da194fedecaa81:0x40ebc5427f375ce9","/g/11w8yh02mr",,,"Block 335 Smith St, #02-225 Blue Zone, Chinatown Complex","+6597234573","9723 4573","ChIJgars7U8Z2jER6Vw3f0LF60A","4:30pm","Monday","11am",,"Sunday",,"4:30pm","Saturday","11am","4:30pm","Friday","11am","4:30pm","Thursday","11am","4:30pm","Wednesday","11am","4:30pm","Tuesday","11am","4:30pm","Monday","11am","050335","38",,"Block 335 Smith St, #02-225 Blue Zone, Chinatown Complex","Nasi Padang Beach Road (Halal @ Chinatown)",,
"220 Orchard Rd, B1-04/05 Jtown Cafe, Midpoint Orchard, Singapore 238852","Singapore","SG",,"0x31da19913385be13:0x1b399aca74759ac6","/g/1tls0c2f",,,"220 Orchard Rd, B1-04/05 Midpoint Orchard","+6592305040","9230 5040","ChIJE76FM5EZ2jERxpp1dMqaORs",,"Monday",,"8pm","Sunday","11:30am","8:15pm","Saturday","11:45am","8:15pm","Friday","11:45am","8pm","Thursday","11:45am","8pm","Wednesday","11:45am","8pm","Tuesday","11:45am",,"Monday",,"238852","627",,"220 Orchard Rd, B1-04/05 Midpoint Orchard","Jtown Cafe",,
"6 Eu Tong Sen St, #02-72 to 75/77/92 Rendezvous Restaurant Hock Lock Kee, The Central, Singapore 059817","Singapore","SG",,"0x31da190a9bbec0d7:0x35b0563210393588","/g/11r97xg_w",,,"6 Eu Tong Sen St, #02-72 to 75/77/92 The Central","+6563397508","6339 7508","ChIJ18C-mwoZ2jERiDU5EDJWsDU","8:30pm","Monday","11:30am","8:30pm","Sunday","11:30am","8:30pm","Saturday","11:30am","8:30pm","Friday","11:30am","8:30pm","Thursday","11:30am","8:30pm","Wednesday","11:30am","8:30pm","Tuesday","11:30am","8:30pm","Monday","11:30am","059817","648",,"6 Eu Tong Sen St, #02-72 to 75/77/92 The Central","Rendezvous Restaurant Hock Lock Kee",,
"163 Bukit Merah Central, #02-27 Meatballs Corner, Singapore 150163","Singapore","SG",,"0x31da1bd6b950f5a7:0xdadc95c87871aacf","/g/11j1j65lzw",,,"163 Bukit Merah Central, #02-27","+6597256216","9725 6216","ChIJp_VQudYb2jERz6pxeMiV3No","5pm","Monday","7am",,"Sunday",,,"Saturday",,"5pm","Friday","7am","5pm","Thursday","7am","5pm","Wednesday","7am","5pm","Tuesday","7am","5pm","Monday","7am","150163","20",,"163 Bukit Merah Central, #02-27","Meatballs Corner",,
"#01-19/23 Ayam Penyet President, Gantral Mall, Singapore",,"SG",,"0x31da1b864501ec71:0xbdabc5763b36cf80","/g/11st8h655j",,,"#01-19/23 Gantral Mall",,,"ChIJcewBRYYb2jERgM82O3bFq70","8:30pm","Monday","10:30am","8:30pm","Sunday","10:30am","8:30pm","Saturday","10:30am","8:30pm","Friday","10:30am","8:30pm","Thursday","10:30am","8:30pm","Wednesday","10:30am","8:30pm","Tuesday","10:30am","8:30pm","Monday","10:30am",,"287",,"#01-19/23 Gantral Mall","Ayam Penyet President",,
"73 Sultan Gate, Permata Singapore, Singapore 198497","Singapore","SG",,"0x31da19eb6f2b5979:0x4947ec829a7084d4","/g/11pc1m95nf",,,"73 Sultan Gate","+6590829941","9082 9941","ChIJeVkrb-sZ2jER1IRwmoLsR0k","2:30pm","Monday","12","2:30pm","Sunday","12","2:30pm","Saturday","12","2:30pm","Friday","12","2:30pm","Thursday","12","2:30pm","Wednesday","12","2:30pm","Tuesday","12","2:30pm","Monday","12","198497","679",,"73 Sultan Gate","Permata Singapore",,
"304 Orchard Rd, #04-61/62 INDONESIA BOLEH, Singapore 238863","Singapore","SG",,"0x31da19005009d5df:0xc4786cf40756eece","/g/11xly5wwf3","1.3045755","103.8340344","304 Orchard Rd, #04-61/62","+6587863687","8786 3687","ChIJ39UJUAAZ2jERzu5WB_RseMQ","7:30pm","Monday","10:30am","7:30pm","Sunday","10:30am","7:30pm","Saturday","10:30am","7:30pm","Friday","10:30am","7:30pm","Thursday","10:30am","7:30pm","Wednesday","10:30am","7:30pm","Tuesday","10:30am","7:30pm","Monday","10:30am","238863","364",,"304 Orchard Rd, #04-61/62","INDONESIA BOLEH","4.7",
"30 Bali Ln, KULON, Singapore 189866","Singapore","SG",,"0x31da19b412e46883:0xa427c00a224fab63","/g/11hs3v1bn1","1.3012255","103.8584004","30 Bali Ln","+6569294686","6929 4686","ChIJg2jkErQZ2jERY6tPIgrAJ6Q",,"Monday",,"9:30pm","Sunday","11:30am","9:30pm","Saturday","11:30am","9:30pm","Friday","11:30am","9:30pm","Thursday","11:30am","9:30pm","Wednesday","11:30am","9:30pm","Tuesday","11:30am",,"Monday",,"189866","1050",,"30 Bali Ln","KULON","4.7",
"Altez / Icon Village Extension, 16 Enggor St, #01-10 Bara Food Tanjong Pagar, Singapore 079717","Singapore","SG",,"0x31da1970b386aa81:0x3fe1694d371af197","/g/11frj609q2","1.2744873","103.8443179","Altez / Icon Village Extension, 16 Enggor St, #01-10","+6581826876","8182 6876","ChIJgaqGs3AZ2jERl_EaN01p4T8","8pm","Monday","8am","8pm","Sunday","11am","8pm","Saturday","11am","8pm","Friday","8am","8pm","Thursday","8am","8pm","Wednesday","8am","8pm","Tuesday","8am","8pm","Monday","8am","079717","550",,"Altez / Icon Village Extension, 16 Enggor St, #01-10","Bara Food Tanjong Pagar","4.6",
"304 Orchard Rd, #01-71 Indo Express, Lucky Plaza, Singapore 238863","Singapore","SG",,"0x31da19665f8082a7:0x212b6eaded14c84a","/g/11nmqdtlhk","1.3044367","103.8340348","304 Orchard Rd, #01-71 Lucky Plaza","+6591881260","9188 1260","ChIJp4KAX2YZ2jERSsgU7a1uKyE","8pm","Monday","10am","8:30pm","Sunday","9am","8pm","Saturday","10am","8pm","Friday","10am","8pm","Thursday","10am","8pm","Wednesday","10am","8pm","Tuesday","10am","8pm","Monday","10am","238863","437",,"304 Orchard Rd, #01-71 Lucky Plaza","Indo Express","4.6",
"7 Maxwell Rd, #01-19 Enak banget, Amoy Street Food Centre, Singapore 069111","Singapore","SG",,"0x31da19002b45af5f:0x21b9e071c26ce3e4","/g/11y56rqv1h","1.2795116","103.8467874","7 Maxwell Rd, #01-19 Amoy Street Food Centre","+6592723335","9272 3335","ChIJX69FKwAZ2jER5ONswnHguSE","8pm","Monday","6:30am",,"Sunday",,,"Saturday",,"8pm","Friday","6:30am","8pm","Thursday","6am","8pm","Wednesday","6:30am","8pm","Tuesday","6:30am","8pm","Monday","6:30am","069111","52",,"7 Maxwell Rd, #01-19 Amoy Street Food Centre","Enak banget","4.7",
"162 Rochor Rd, Warung Leko, Singapore 188437","Singapore","SG",,"0x31da19007c4e6f23:0x55ec356d022a2f71","/g/11yj7t00fp","1.3008967","103.8553637","162 Rochor Rd","+6585037499","8503 7499","ChIJI29OfAAZ2jERcS8qAm017FU","10pm","Monday","11am","10pm","Sunday","10am","10pm","Saturday","11am","10pm","Friday","11am","10pm","Thursday","11am","10pm","Wednesday","11am","10pm","Tuesday","11am","10pm","Monday","11am","188437","445",,"162 Rochor Rd","Warung Leko","4.8",
"54 Zion Rd, IndoChili, Singapore 247779","Singapore","SG",,"0x31da19836ef50bb9:0x8e73d74c5232aa12","/g/11rvw520n","1.2929351","103.831227","54 Zion Rd","+6589228185","8922 8185","ChIJuQv1boMZ2jEREqoyUkzXc44","3pm","Monday","11:30am","3pm","Sunday","11:30am","3pm","Saturday","11:30am","9:30pm","Friday","11:30am","3pm","Thursday","11:30am","3pm","Wednesday","11:30am","3pm","Tuesday","11:30am","3pm","Monday","11:30am","247779","2743",,"54 Zion Rd","IndoChili","4.7",
"371 Beach Rd, #02-28 Palapa Indonesian Fast Food, City Gate, Singapore 199597","Singapore","SG",,"0x31da193f0b67dd21:0xde3cee62b0aa0c7b","/g/11y5gdwcr1","1.3023209","103.8623237","371 Beach Rd, #02-28 City Gate",,,"ChIJId1nCz8Z2jERewyqsGLuPN4","9pm","Monday","11am","9pm","Sunday","11am","9pm","Saturday","11am","9pm","Friday","11am","9pm","Thursday","11am","9pm","Wednesday","11am","9pm","Tuesday","11am","9pm","Monday","11am","199597","1249",,"371 Beach Rd, #02-28 City Gate","Palapa Indonesian Fast Food","4.8",
"94 Lor 4 Toa Payoh, #01-22 THREE. by Garamika, Singapore 310094","Singapore","SG",,"0x31da176a6ec198c3:0xe0cbad1787b9d7c4","/g/11k581v0qb","1.3388227","103.8496748","94 Lor 4 Toa Payoh, #01-22","+6580271333","8027 1333","ChIJw5jBbmoX2jERxNe5hxety-A","3pm","Monday","11am","3pm","Sunday","11am","3pm","Saturday","11am","3pm","Friday","11am","3pm","Thursday","11am","3pm","Wednesday","11am","3pm","Tuesday","11am","3pm","Monday","11am","310094","658",,"94 Lor 4 Toa Payoh, #01-22","THREE. by Garamika","4.6",
"304 Orchard Rd, #03-39 Manise Indo Cuisine - Lucky Plaza, Lucky Plaza, Singapore 238863","Singapore","SG",,"0x31da13b9a77809c5:0xa8dcbf7f832e6b","/g/11tfx4q40d","1.3045795","103.8340621","304 Orchard Rd, #03-39 Lucky Plaza","+6594577363","9457 7363","ChIJxQl4p7kT2jERay6Df7_cqAA","7:30pm","Monday","11am","7:30pm","Sunday","11am","7:30pm","Saturday","11am","7:30pm","Friday","11am","7:30pm","Thursday","11am","7:30pm","Wednesday","11am",,"Tuesday",,"7:30pm","Monday","11am","238863","72",,"304 Orchard Rd, #03-39 Lucky Plaza","Manise Indo Cuisine - Lucky Plaza","4.8",
"Lucky Plaza, 304 Orchard Rd, #01-42 Bebek Goreng Pak Ndut @Lucky Plaza, Orchard, Singapore 238863","Singapore","SG",,"0x31da199270bd8a55:0x3ce988ae33fdb9ab","/g/11g7zgnwrj","1.3045755","103.8340344","Lucky Plaza, 304 Orchard Rd, #01-42 Orchard","+6567344787","6734 4787","ChIJVYq9cJIZ2jERq7n9M66I6Tw","9:30pm","Monday","11am","9:30pm","Sunday","11am","9:30pm","Saturday","11am","9:30pm","Friday","11am","9:30pm","Thursday","11am","9:30pm","Wednesday","11am","9:30pm","Tuesday","11am","9:30pm","Monday","11am","238863","2588",,"Lucky Plaza, 304 Orchard Rd, #01-42 Orchard","Bebek Goreng Pak Ndut @Lucky Plaza","4.6",
"249 Victoria St, Ayam Penyet Ria - Bugis Street, Singapore 188034","Singapore","SG",,"0x31da195c61fe9197:0xd5c039e87545b317","/g/11t6zyvjx1","1.3004312","103.8553295","249 Victoria St","+6569516031","6951 6031","ChIJl5H-YVwZ2jERF7NFdeg5wNU","9:30pm","Monday","11am","9:30pm","Sunday","11am","9:30pm","Saturday","11am","9:30pm","Friday","11am","9:30pm","Thursday","11am","9:30pm","Wednesday","11am","9:30pm","Tuesday","11am","9:30pm","Monday","11am","188034","202",,"249 Victoria St","Ayam Penyet Ria - Bugis Street","3.7",
"50 Tras St, Cumi Bali, Singapore 078989","Singapore","SG",,"0x31da196d447f0e0f:0xa1bfeb8cfb7ee197","/g/1vs1pcp6","1.2781374","103.844249","50 Tras St","+6562206619","6220 6619","ChIJDw5_RG0Z2jERl-F--4zrv6E","2:30pm","Monday","11:30am","2:30pm","Sunday","11:30am","2:30pm","Saturday","11:30am","2:30pm","Friday","11:30am","2:30pm","Thursday","11:30am","2:30pm","Wednesday","11:30am","2:30pm","Tuesday","11:30am","2:30pm","Monday","11:30am","078989","724",,"50 Tras St","Cumi Bali","4.1",
"31 Arab St, Ratu Lemper, Singapore 199730","Singapore","SG",,"0x31da19b1040b4959:0xc86e898dcc5fb2e","/g/11crzzv42w","1.3005084","103.8596527","31 Arab St","+6598132450","9813 2450","ChIJWUkLBLEZ2jERLvvF3Jjohgw",,"Monday",,"6pm","Sunday","10am","6pm","Saturday","10am","6pm","Friday","10am","6pm","Thursday","10am","6pm","Wednesday","10am","6pm","Tuesday","10am",,"Monday",,"199730","113",,"31 Arab St","Ratu Lemper","4.5",
"44 Kandahar St, Bumbu Restaurant, Singapore 198897","Singapore","SG",,"0x31da19b122a36dfd:0xe888a54734731ea7","/g/1tf7v78b","1.3018761","103.8599942","44 Kandahar St","+6563928628","6392 8628","ChIJ_W2jIrEZ2jERpx5zNEeliOg",,"Monday",,"3pm","Sunday","11am","3pm","Saturday","11am","3pm","Friday","11am","3pm","Thursday","11am","3pm","Wednesday","11am","3pm","Tuesday","11am",,"Monday",,"198897","606",,"44 Kandahar St","Bumbu Restaurant","4.4",
"601 MacPherson Rd, #01-61 WARUNG IJO | VEGETARIAN | VEGAN | INDONESIAN CUISINES | NO ALCOHOL | NO ONION GARLIC, Grantral Mall Tai Seng, Singapore 368242","Singapore","SG",,"0x31da1949d857c60d:0x52f4188e45fd31c","/g/11h4qmbw93","1.3338869","103.8881309","601 MacPherson Rd, #01-61 Grantral Mall Tai Seng","+6588578600","8857 8600","ChIJDcZX2EkZ2jERHNNf5IhBLwU","3pm","Monday","11am","3:30pm","Sunday","11am","3:30pm","Saturday","11am","3pm","Friday","11am","3pm","Thursday","11am","3pm","Wednesday","11am","3pm","Tuesday","11am","3pm","Monday","11am","368242","858",,"601 MacPherson Rd, #01-61 Grantral Mall Tai Seng","WARUNG IJO | VEGETARIAN | VEGAN | INDONESIAN CUISINES | NO ALCOHOL | NO ONION GARLIC","4.6",
"6 Eu Tong Sen St, #02-72 to 75/77/92 Rendezvous Restaurant Hock Lock Kee, The Central, Singapore 059817","Singapore","SG",,"0x31da190a9bbec0d7:0x35b0563210393588","/g/11r97xg_w","1.289174","103.846216","6 Eu Tong Sen St, #02-72 to 75/77/92 The Central","+6563397508","6339 7508","ChIJ18C-mwoZ2jERiDU5EDJWsDU","8:30pm","Monday","11:30am","8:30pm","Sunday","11:30am","8:30pm","Saturday","11:30am","8:30pm","Friday","11:30am","8:30pm","Thursday","11:30am","8:30pm","Wednesday","11:30am","8:30pm","Tuesday","11:30am","8:30pm","Monday","11:30am","059817","648",,"6 Eu Tong Sen St, #02-72 to 75/77/92 The Central","Rendezvous Restaurant Hock Lock Kee","4.2",
"18 & 18A Kandahar Street, Rumah Makan Minang - Kandahar Street, Singapore 198884","Singapore","SG",,"0x31da19b126f40b5d:0xf5b1f9ae92a2f622","/g/1tj30ms4","1.3022991","103.8595966","18 & 18A Kandahar Street","+6569777064","6977 7064","ChIJXQv0JrEZ2jERIvaikq75sfU","6:30pm","Monday","7:30am","6:30pm","Sunday","7:30am","6:30pm","Saturday","7:30am","6:30pm","Friday","7:30am","6:30pm","Thursday","7:30am","6:30pm","Wednesday","7:30am","6:30pm","Tuesday","7:30am","6:30pm","Monday","7:30am","198884","1529",,"18 & 18A Kandahar Street","Rumah Makan Minang - Kandahar Street","4.3",
"14 Scotts Rd, #05-22/23 Pondok Jawa Timur, Far East Plaza, Singapore 228213","Singapore","SG",,"0x31da19b0d446610d:0x3ad23ff6ed7de527","/g/11b6_nqh4h","1.3075867","103.8335336","14 Scotts Rd, #05-22/23 Far East Plaza","+6568845853","6884 5853","ChIJDWFG1LAZ2jERJ-V97fY_0jo","8pm","Monday","11am","8pm","Sunday","10am","9pm","Saturday","11am","9pm","Friday","11am","8pm","Thursday","11am","8pm","Wednesday","11am","8pm","Tuesday","11am","8pm","Monday","11am","228213","777",,"14 Scotts Rd, #05-22/23 Far East Plaza","Pondok Jawa Timur","4.4",
"198 Pandan Lp, Asam Garam street 29, Singapore 128386","Singapore","SG",,"0x31da15867b7dea9b:0x719cef93b1326db5","/g/11vdmj7cwn","1.3113999","103.7524518","198 Pandan Lp","+6598581355","9858 1355","ChIJm-p9e4YV2jERtW0ysZPvnHE","3pm","Monday","7am",,"Sunday",,,"Saturday",,"3pm","Friday","7am","3pm","Thursday","7am","3pm","Wednesday","7am","3pm","Tuesday","7am","3pm","Monday","7am","128386","10",,"198 Pandan Lp","Asam Garam street 29","4.8",
"94 Pasir Ris Central, Warong Satay Abang Botak, Park, Singapore 519637","Singapore","SG",,"0x31da3d8921125011:0x16dfc0ad6ba3669a","/g/11vj6x03b3","1.3726348","103.9517631","94 Pasir Ris Central, Park","+6591015476","9101 5476","ChIJEVASIYk92jERmmaja63A3xY",,"Monday",,"2pm","Sunday","9am","2pm","Saturday","9am","12:30pm","Friday","9am","2pm","Thursday","9am","2pm","Wednesday","9am",,"Tuesday",,,"Monday",,"519637","229",,"94 Pasir Ris Central, Park","Warong Satay Abang Botak","4.6",
"7 Maxwell Rd, #02-86 Rayyan’s Waroeng Upnormal -Le Original, Singapore 069111","Singapore","SG",,"0x31da19f7748d10f9:0x8521ee754e907547","/g/11h7ftfyvt","1.2794012","103.8467008","7 Maxwell Rd, #02-86","+6597997373","9799 7373","ChIJ-RCNdPcZ2jERR3WQTnXuIYU","2:30pm","Monday","9am",,"Sunday",,,"Saturday",,"2:30pm","Friday","9am","2:30pm","Thursday","9am","2:30pm","Wednesday","9am","2:30pm","Tuesday","9am","2:30pm","Monday","9am","069111","124",,"7 Maxwell Rd, #02-86","Rayyan’s Waroeng Upnormal -Le Original","4.5",
"3 Gateway Dr, #B1-11 Bebek Goreng Pak Ndut @Westgate, Westgate, Singapore 608532","Singapore","SG",,"0x31da1151af263f5f:0xa2517cc82d442a52","/g/11j4mw73r2","1.3337357","103.7425365","3 Gateway Dr, #B1-11 Westgate","+6565654787","6565 4787","ChIJXz8mr1ER2jERUipELch8UaI","9:30pm","Monday","11am","9:30pm","Sunday","11am","9:30pm","Saturday","11am","9:30pm","Friday","11am","9:30pm","Thursday","11am","9:30pm","Wednesday","11am","9:30pm","Tuesday","11am","9:30pm","Monday","11am","608532","560",,"3 Gateway Dr, #B1-11 Westgate","Bebek Goreng Pak Ndut @Westgate","4.5",
"Telok Ayer St, #88 - 90 Pagi Sore Indonesian Restaurant (Family Business in Singapore since 1989), Singapore 048470","Singapore","SG",,"0x31da190c45674969:0x32ead82129cb068b","/g/1v_n913p","1.2826195","103.8486534","Telok Ayer St, #88 - 90","+6562256002","6225 6002","ChIJaUlnRQwZ2jERiwbLKSHY6jI","2pm","Monday","11:30am","2pm","Sunday","11:30am","2pm","Saturday","11:30am","2pm","Friday","11:30am","2pm","Thursday","11:30am","2pm","Wednesday","11:30am","2pm","Tuesday","11:30am","2pm","Monday","11:30am","048470","608",,"Telok Ayer St, #88 - 90","Pagi Sore Indonesian Restaurant (Family Business in Singapore since 1989)","4.1",
"23 Serangoon Central, #01-57 WAYANG - NEX, NEX, Singapore 556083","Singapore","SG",,"0x31da1960d52ccefb:0x50ade511c51c851b","/g/11txnxk6_q","1.3507142","103.872392","23 Serangoon Central, #01-57 NEX","+6566772011","6677 2011","ChIJ-84s1WAZ2jERG4UcxRHlrVA","9pm","Monday","11am","9pm","Sunday","11am","9pm","Saturday","11am","9pm","Friday","11am","9pm","Thursday","11am","9pm","Wednesday","11am","9pm","Tuesday","11am","9pm","Monday","11am","556083","140",,"23 Serangoon Central, #01-57 NEX","WAYANG - NEX","4.5",
"106 Bidadari Park Dr, #01-05, MR03 TEK-TEK Bidadari, Alkaff Vista, Singapore 340106","Singapore","SG",,"0x31da1774244fab7b:0x4b7990f8d51a586","/g/11yl767gbg","1.3341255","103.8708376","106 Bidadari Park Dr, #01-05, MR03 Alkaff Vista","+6588992840","8899 2840","ChIJe6tPJHQX2jERhqVRjQ-ZtwQ","8:30pm","Monday","9am","8:30pm","Sunday","9am","8:30pm","Saturday","9am","8:30pm","Friday","9am","8:30pm","Thursday","9am","8:30pm","Wednesday","9am","8:30pm","Tuesday","9am","8:30pm","Monday","9am","340106","40",,"106 Bidadari Park Dr, #01-05, MR03 Alkaff Vista","TEK-TEK Bidadari","4.3",
"304 Orchard Rd, #02-66/67 Minang House, Lucky Plaza, Singapore 238863","Singapore","SG",,"0x31da19926d40711d:0x7b0be1d0321bdd4b","/g/1wk7nd3c","1.3048263","103.8337223","304 Orchard Rd, #02-66/67 Lucky Plaza","+6568874702","6887 4702","ChIJHXFAbZIZ2jERS90bMtDhC3s","6pm","Monday","10:30am","6pm","Sunday","10:30am","6pm","Saturday","10:30am","6pm","Friday","10:30am","6pm","Thursday","10:30am","6pm","Wednesday","10:30am","6pm","Tuesday","10:30am","6pm","Monday","10:30am","238863","358",,"304 Orchard Rd, #02-66/67 Lucky Plaza","Minang House","4.4",
"270 Queen St, #01-63 Anthony Indonesian Cuisine, Singapore 180270","Singapore","SG",,"0x31da19d22603b023:0x3185db8b93ba536a","/g/11nntdhv_4","1.3010567","103.8541162","270 Queen St, #01-63",,,"ChIJI7ADJtIZ2jERalO6k4vbhTE","8:30pm","Monday","8:30am","8:30pm","Sunday","8:30am","8:30pm","Saturday","8:30am","8:30pm","Friday","8:30am","8:30pm","Thursday","8:30am","8:30pm","Wednesday","8:30am","8:30pm","Tuesday","8:30am","8:30pm","Monday","8:30am","180270","101",,"270 Queen St, #01-63","Anthony Indonesian Cuisine","3.8",
"11 Jln Pisang, Hjh Maimunah Restaurant and Catering, Singapore 199078","Singapore","SG",,"0x31da19b72d5852b7:0xa32d8c892f4a6229","/g/1tkqxsy2","1.303149","103.8585258","11 Jln Pisang","+6562974294","6297 4294","ChIJt1JYLbcZ2jERKWJKL4mMLaM","7pm","Monday","7:30am",,"Sunday",,"7pm","Saturday","7:30am","7pm","Friday","7:30am","7pm","Thursday","7:30am","7pm","Wednesday","7:30am","7pm","Tuesday","7:30am","7pm","Monday","7:30am","199078","3357",,"11 Jln Pisang","Hjh Maimunah Restaurant and Catering","4.5",
"270 Queen St, Pondok Makan Indonesia, Singapore 180270","Singapore","SG",,"0x31da19ba50cf3f01:0x52b0ca048c23c696","/g/11c6r9j9k0","1.3012845","103.8538526","270 Queen St",,,"ChIJAT_PULoZ2jERlsYjjATKsFI","7pm","Monday","8am","8pm","Sunday","8am","8pm","Saturday","8am","8pm","Friday","8am","8pm","Thursday","8am","8pm","Wednesday","8am","7pm","Tuesday","8am","7pm","Monday","8am","180270","127",,"270 Queen St","Pondok Makan Indonesia","4",
"68 Orchard Rd, #06-15/17 Riverside Indonesian BBQ, Singapore 238839","Singapore","SG",,"0x31da19bd7ec8ac73:0x7379f59ccf5fae1a","/g/1tgyt6tg","1.3005317","103.8452356","68 Orchard Rd, #06-15/17",,,"ChIJc6zIfr0Z2jERGq5fz5z1eXM","10pm","Monday","10am","10pm","Sunday","10am","10pm","Saturday","10am","10pm","Friday","10am","10pm","Thursday","10am","10pm","Wednesday","10am","10pm","Tuesday","10am","10pm","Monday","10am","238839","168",,"68 Orchard Rd, #06-15/17","Riverside Indonesian BBQ","4.2",
"Block 335 Smith St, #02-225 Nasi Padang Beach Road (Halal @ Chinatown), Blue Zone, Chinatown Complex, Singapore 050335","Singapore","SG",,"0x31da194fedecaa81:0x40ebc5427f375ce9","/g/11w8yh02mr","1.2824051","103.8428007","Block 335 Smith St, #02-225 Blue Zone, Chinatown Complex","+6597234573","9723 4573","ChIJgars7U8Z2jER6Vw3f0LF60A","4:30pm","Monday","11am",,"Sunday",,"4:30pm","Saturday","11am","4:30pm","Friday","11am","4:30pm","Thursday","11am","4:30pm","Wednesday","11am","4:30pm","Tuesday","11am","4:30pm","Monday","11am","050335","38",,"Block 335 Smith St, #02-225 Blue Zone, Chinatown Complex","Nasi Padang Beach Road (Halal @ Chinatown)","4.9",
"2 Tampines Central 5, #B1-20 Ayam Penyet President - Century Square Tampines, Century Square, Singapore 529509","Singapore","SG",,"0x31da3d11893d3b8f:0x79fe1217a808b049","/g/11b76v5qhz","1.352505","103.9439658","2 Tampines Central 5, #B1-20 Century Square","+6562602469","6260 2469","ChIJjzs9iRE92jERSbAIqBcS_nk","9pm","Monday","11:30am","9pm","Sunday","11am","9:30pm","Saturday","11am","9:30pm","Friday","11:30am","9pm","Thursday","11:30am","9pm","Wednesday","11:30am","9pm","Tuesday","11:30am","9pm","Monday","11:30am","529509","1256",,"2 Tampines Central 5, #B1-20 Century Square","Ayam Penyet President - Century Square Tampines","4.6",
"51 Bencoolen St, #01-05 Putra Minang Restaurant Bencoolen, Singapore 189630","Singapore","SG",,"0x31da19faa330d147:0x815145de046b9fd8","/g/11p02qpf64","1.2994205","103.8505094","51 Bencoolen St, #01-05","+6582623535","8262 3535","ChIJR9Ewo_oZ2jER2J9rBN5FUYE","9pm","Monday","9am","9pm","Sunday","9am","9pm","Saturday","9am","9pm","Friday","9am","9pm","Thursday","9am","9pm","Wednesday","9am","9pm","Tuesday","9am","9pm","Monday","9am","189630","635",,"51 Bencoolen St, #01-05","Putra Minang Restaurant Bencoolen","4.3",
"68 S Bridge Rd, #01-01 Fangko House, Singapore 058698","Singapore","SG",,"0x31da190af2522f29:0x8b45498c96b4c314","/g/11lhzg2fw2","1.2872892","103.8480636","68 S Bridge Rd, #01-01","+6592318849","9231 8849","ChIJKS9S8goZ2jERFMO0loxJRYs","6pm","Monday","8am","6pm","Sunday","8am","11pm","Saturday","8am","11pm","Friday","8am","11pm","Thursday","8am","11pm","Wednesday","8am","8:30pm","Tuesday","8am","6pm","Monday","8am","058698","1564",,"68 S Bridge Rd, #01-01","Fangko House","4.7",
"220 Orchard Rd, B1-04/05 Jtown Cafe, Midpoint Orchard, Singapore 238852","Singapore","SG",,"0x31da19913385be13:0x1b399aca74759ac6","/g/1tls0c2f","1.3017142","103.8387216","220 Orchard Rd, B1-04/05 Midpoint Orchard","+6592305040","9230 5040","ChIJE76FM5EZ2jERxpp1dMqaORs",,"Monday",,"8pm","Sunday","11:30am","8:15pm","Saturday","11:45am","8:15pm","Friday","11:45am","8pm","Thursday","11:45am","8pm","Wednesday","11:45am","8pm","Tuesday","11:45am",,"Monday",,"238852","627",,"220 Orchard Rd, B1-04/05 Midpoint Orchard","Jtown Cafe","4.3",
"304 Orchard Rd, #04-25/27 Ayam Penyet Ria - Lucky Plaza, Singapore 238863","Singapore","SG",,"0x31da1992129014d1:0x869f55c820947fad","/g/1tdd2smt","1.3045795","103.8340621","304 Orchard Rd, #04-25/27","+6562357385","6235 7385","ChIJ0RSQEpIZ2jERrX-UIMhVn4Y","8:30pm","Monday","11am","8:30pm","Sunday","10am","8:30pm","Saturday","11am","8:30pm","Friday","11am","8:30pm","Thursday","11am","8:30pm","Wednesday","11am","8:30pm","Tuesday","11am","8:30pm","Monday","11am","238863","1146",,"304 Orchard Rd, #04-25/27","Ayam Penyet Ria - Lucky Plaza","4",
"7 Maxwell Rd, #01-65 Warung Parsanga, Amoy Street Food Centre, Singapore 069111","Singapore","SG",,"0x31da1912998b8deb:0x116a4a665b974e5d","/g/1tl1fd5y","1.2794274","103.8467957","7 Maxwell Rd, #01-65 Amoy Street Food Centre","+6583896813","8389 6813","ChIJ642LmRIZ2jERXU6XW2ZKahE","2:30pm","Monday","6am",,"Sunday",,,"Saturday",,"2:30pm","Friday","6am","2:30pm","Thursday","6am","2:30pm","Wednesday","6am","2:30pm","Tuesday","6am","2:30pm","Monday","6am","069111","24",,"7 Maxwell Rd, #01-65 Amoy Street Food Centre","Warung Parsanga","3.8",
"60 Paya Lebar Rd, B1-29/30/31 Taste of Indonesia @ Paya Lebar Square, Paya Lebar Square, Singapore 409051","Singapore","SG",,"0x31da18185d8f764b:0x8d0d5dd1ed4a7da8","/g/11f305jclk",,,"60 Paya Lebar Rd, B1-29/30/31 Paya Lebar Square",,,"ChIJS3aPXRgY2jERqH1K7dFdDY0","8pm","Monday","10am","8pm","Sunday","9am","8pm","Saturday","10am","8pm","Friday","10am","8pm","Thursday","10am","8pm","Wednesday","10am","8pm","Tuesday","10am","8pm","Monday","10am","409051","196",,"60 Paya Lebar Rd, B1-29/30/31 Paya Lebar Square","Taste of Indonesia @ Paya Lebar Square",,
"730 N Bridge Rd, Irna's Taste Food & Cakes, Singapore 198698","Singapore","SG",,"0x31da19e3239d24ff:0x786e0fd55d262a56","/g/11t630dnps",,,"730 N Bridge Rd","+6588950735","8895 0735","ChIJ_ySdI-MZ2jERViomXdUPbng",,"Monday",,"8pm","Sunday","11am","8pm","Saturday","11am","8pm","Friday","11am","7pm","Thursday","11am","7pm","Wednesday","11am","7pm","Tuesday","11am",,"Monday",,"198698","122",,"730 N Bridge Rd","Irna's Taste Food & Cakes",,
"Our Tampines Hub, 1 Tampines Walk, #B1-47A Rumah Makan Minang - Our Tampines Hub, Singapore 528523","Singapore","SG",,"0x31da3d71240d609d:0x83e4881ce4d1e9a1","/g/11f3n3wkfz",,,"Our Tampines Hub, 1 Tampines Walk, #B1-47A","+6569777065","6977 7065","ChIJnWANJHE92jERoenR5ByI5IM","6:30pm","Monday","7:30am","6:30pm","Sunday","7:30am","6:30pm","Saturday","7:30am","6:30pm","Friday","7:30am","6:30pm","Thursday","7:30am","6:30pm","Wednesday","7:30am","6:30pm","Tuesday","7:30am","6:30pm","Monday","7:30am","528523","1.064",,"Our Tampines Hub, 1 Tampines Walk, #B1-47A","Rumah Makan Minang - Our Tampines Hub",,
"45 Keong Saik Rd., Yanti Authentic Nasi Padang, Singapore 089149","Singapore","SG",,"0x31da197264d3252f:0x61ab7f0b0ee43769","/g/1tg9q6dn",,,"45 Keong Saik Rd.","+6593207737","9320 7737","ChIJLyXTZHIZ2jERaTfkDgt_q2E","9:15pm","Monday","7am","9:15pm","Sunday","7am","9:15pm","Saturday","7am","9:15pm","Friday","7am","9:15pm","Thursday","7am","9:15pm","Wednesday","7am","9:15pm","Tuesday","7am","9:15pm","Monday","7am","089149","215",,"45 Keong Saik Rd.","Yanti Authentic Nasi Padang",,
"313 Orchard Rd, Goe.Food, Pick up Point, Singapore 238895","Singapore","SG",,"0x31da19ea2a33cb3f:0xe25df88c5ccf1999","/g/11nxt5z0_p",,,"313 Orchard Rd, Pick up Point","+6590026940","9002 6940","ChIJP8szKuoZ2jERmRnPXIz4XeI",,"Monday",,"7pm","Sunday","10am","7pm","Saturday","10am","7pm","Friday","10am","7pm","Thursday","10am","7pm","Wednesday","10am","7pm","Tuesday","10am",,"Monday",,"238895","6",,"313 Orchard Rd, Pick up Point","Goe.Food",,
"1 Tampines Walk, #B1-K4 Taste of Indonesia Express @ Our Tampines Hub, Singapore 528523","Singapore","SG",,"0x31da3d23bab40b05:0x106db6c7ae0ab883","/g/11j5gq9vnc",,,"1 Tampines Walk, #B1-K4",,,"ChIJBQu0uiM92jERg7gKrse2bRA","9:30pm","Monday","10am","9:30pm","Sunday","10am","9:30pm","Saturday","10am","9:30pm","Friday","10am","9:30pm","Thursday","10am","9:30pm","Wednesday","10am","9:30pm","Tuesday","10am","9:30pm","Monday","10am","528523","45",,"1 Tampines Walk, #B1-K4","Taste of Indonesia Express @ Our Tampines Hub",,
"176 Orchard Rd, #01-59-62 Dapur Penyet @ Centrepoint, Singapore 238843","Singapore","SG",,"0x31da1996c7f38acb:0xd14f1201031a1c6c","/g/11cn9p_0dc",,,"176 Orchard Rd, #01-59-62",,,"ChIJy4rzx5YZ2jERbBwaAwEST9E","8:30pm","Monday","11am","8:30pm","Sunday","11am","8:30pm","Saturday","11am","8:30pm","Friday","11am","8:30pm","Thursday","11am","8:30pm","Wednesday","11am","8:30pm","Tuesday","11am","8:30pm","Monday","11am","238843","532",,"176 Orchard Rd, #01-59-62","Dapur Penyet @ Centrepoint",,
"16 Collyer Quay, #02-10 Warung M. Nasir, Centre 049318","Centre","SG",,"0x31da19975168520d:0xecc92addd7abed6b","/g/1tdpcqn7",,,"16 Collyer Quay, #02-10","+6590105188","9010 5188","ChIJDVJoUZcZ2jERa-2r190qyew","3:30pm","Monday","10am",,"Sunday",,,"Saturday",,"3:30pm","Friday","10am","3:30pm","Thursday","10am","3:30pm","Wednesday","10am","3:30pm","Tuesday","10:30am","3:30pm","Monday","10am","049318","435",,"16 Collyer Quay, #02-10","Warung M. Nasir",,
"209 Hougang St 21, #01-55 Anthony Indonesian Cuisine, Singapore 530209","Singapore","SG",,"0x31da1740767284d9:0x9b027568cd304009","/g/11q30y666f",,,"209 Hougang St 21, #01-55",,,"ChIJ2YRydkAX2jERCUAwzWh1Aps","8pm","Monday","11am","8pm","Sunday","11am","8pm","Saturday","11am","8pm","Friday","11am","8pm","Thursday","11am","8pm","Wednesday","11am","8pm","Tuesday","11am","8pm","Monday","11am","530209","56",,"209 Hougang St 21, #01-55","Anthony Indonesian Cuisine",,
"Martabak 818, Ruko Nagoya Paradise Centre Blok H No. 2, Batu Selicin, Kec. Lubuk Baja, Kota Batam, Kepulauan Riau 29432, Indonesia","Batam City","ID",,"0x31d98a2afd3cbc27:0x1de57df2b6ea2d36","/g/11bvt2jlwj",,,"Ruko Nagoya Paradise Centre Blok H No. 2","+628117568188","0811-7568-188","ChIJJ7w8_SqK2TERNi3qtvJ95R0","10:30pm","Monday","2","10:30pm","Sunday","2","10:30pm","Saturday","2","10:30pm","Friday","2","10:30pm","Thursday","2","10:30pm","Wednesday","2","10:30pm","Tuesday","2","10:30pm","Monday","2","29432","476","Riau Islands","Ruko Nagoya Paradise Centre Blok H No. 2","Martabak 818",,
"719 N Bridge Rd, Nasi Padang Sabar Menanti, Singapore 198687","Singapore","SG",,"0x31da19b72ae3989b:0x5ae0d7b118607b23","/g/1tdh5zld",,,"719 N Bridge Rd",,,"ChIJm5jjKrcZ2jERI3tgGLHX4Fo",,"Monday",,"5pm","Sunday","7am","5pm","Saturday","7am","5pm","Friday","7am","5pm","Thursday","7am","5pm","Wednesday","7am","5pm","Tuesday","7am",,"Monday",,"198687","460",,"719 N Bridge Rd","Nasi Padang Sabar Menanti",,
"NASI GORENG PAK LEK SOLO, Seberang Sekolah Harapan Utama Taman Putri Indah, Depan Ruko PT. Yongho Prima, Taman Baloi, Kec. Batam Kota, Kota Batam, Kepulauan Riau 29461, Indonesia","Batam City","ID",,"0x31d9890b22ad0b07:0xa4236fc0a88caa86","/g/11st1qtyy0",,,"Seberang Sekolah Harapan Utama Taman Putri Indah, Depan Ruko PT. Yongho Prima","+6281536032234","0815-3603-2234","ChIJBwutIguJ2TERhqqMqMBvI6Q","12:30am","Monday","6:30pm","12:30am","Sunday","6:30pm","12:30am","Saturday","6:30pm","12:30am","Friday","6:30pm","12:30am","Thursday","6:30pm","12:30am","Wednesday","6:30pm","12:30am","Tuesday","6:30pm","12:30am","Monday","6:30pm","29461","5","Riau Islands","Seberang Sekolah Harapan Utama Taman Putri Indah, Depan Ruko PT. Yongho Prima","NASI GORENG PAK LEK SOLO",,
"94 Lor 4 Toa Payoh, #01-22 THREE. by Garamika, Singapore 310094","Singapore","SG",,"0x31da176a6ec198c3:0xe0cbad1787b9d7c4","/g/11k581v0qb","1.3388227","103.8496748","94 Lor 4 Toa Payoh, #01-22","+6580271333","8027 1333","ChIJw5jBbmoX2jERxNe5hxety-A","3pm","Monday","11am","3pm","Monday","11am",,,,,,,,,,,,,,,,,,,"310094",,,"94 Lor 4 Toa Payoh, #01-22","THREE. by Garamika",,
"1 Tras Link, #01-07 BABY FANG, Singapore 078867","Singapore","SG",,"0x31da190010645481:0xeb61e935298dd8","/g/11wtphm0f8","1.2768282","103.8437544","Tras Link, 1号 #01-07","+6592318849","9231 8849","ChIJgVRkEAAZ2jER2I0pNelh6wA","3:30pm","Monday","11am","3:30pm","Monday","11am",,,,,,,,,,,,,,,,,,,"078867",,,"Tras Link, 1号 #01-07","BABY FANG",,
"304 Orchard Rd, #01-45 Paris Van Java, Lucky Plaza, Singapore 238863","Singapore","SG",,"0x31da19004bf68a03:0x232bd452cb131835","/g/11trh_0q5w","1.3045795","103.8340621","304 Orchard Rd, #01-45 Lucky Plaza","+6565399313","6539 9313","ChIJA4r2SwAZ2jERNRgTy1LUKyM","9pm","Monday","11am","9pm","Monday","11am",,,,,,,,,,,,,,,,,,,"238863",,,"304 Orchard Rd, #01-45 Lucky Plaza","Paris Van Java",,
"30 Bali Ln, KULON, Singapore 189866","Singapore","SG",,"0x31da19b412e46883:0xa427c00a224fab63","/g/11hs3v1bn1","1.3012255","103.8584004","30 Bali Ln","+6569294686","6929 4686","ChIJg2jkErQZ2jERY6tPIgrAJ6Q",,"Monday",,,"Monday",,,,,,,,,,,,,,,,,,,,"189866",,,"30 Bali Ln","KULON",,
"304 Orchard Rd, #04-61/62 INDONESIA BOLEH, Singapore 238863","Singapore","SG",,"0x31da19005009d5df:0xc4786cf40756eece","/g/11xly5wwf3","1.3045755","103.8340344","304 Orchard Rd, #04-61/62","+6587863687","8786 3687","ChIJ39UJUAAZ2jERzu5WB_RseMQ","7:30pm","Monday","10:30am","7:30pm","Monday","10:30am",,,,,,,,,,,,,,,,,,,"238863",,,"304 Orchard Rd, #04-61/62","INDONESIA BOLEH",,
"6 Raffles Blvd, #02-201 Makan Makan, Singapore 039594","Singapore","SG",,"0x31da19252670010f:0x7ce44654e3752159","/g/11rydxypxv","1.2912061","103.8576768","6 Raffles Blvd, #02-201","+6562529848","6252 9848","ChIJDwFwJiUZ2jERWSF141RG5Hw","4pm","Monday","11am","4pm","Monday","11am",,,,,,,,,,,,,,,,,,,"039594",,,"6 Raffles Blvd, #02-201","Makan Makan",,
"54 Zion Rd, IndoChili, Singapore 247779","Singapore","SG",,"0x31da19836ef50bb9:0x8e73d74c5232aa12","/g/11rvw520n","1.2929351","103.831227","54 Zion Rd","+6589228185","8922 8185","ChIJuQv1boMZ2jEREqoyUkzXc44","3pm","Monday","11:30am","3pm","Monday","11:30am",,,,,,,,,,,,,,,,,,,"247779",,,"54 Zion Rd","IndoChili",,
"Altez / Icon Village Extension, 16 Enggor St, #01-10 Bara Food Tanjong Pagar, Singapore 079717","Singapore","SG",,"0x31da1970b386aa81:0x3fe1694d371af197","/g/11frj609q2","1.2744873","103.8443179","Altez / Icon Village Extension, 16 Enggor St, #01-10","+6581826876","8182 6876","ChIJgaqGs3AZ2jERl_EaN01p4T8","8pm","Monday","8am","8pm","Monday","8am",,,,,,,,,,,,,,,,,,,"079717",,,"Altez / Icon Village Extension, 16 Enggor St, #01-10","Bara Food Tanjong Pagar",,
"162 Rochor Rd, Warung Leko, Singapore 188437","Singapore","SG",,"0x31da19007c4e6f23:0x55ec356d022a2f71","/g/11yj7t00fp","1.3008967","103.8553637","162 Rochor Rd","+6585037499","8503 7499","ChIJI29OfAAZ2jERcS8qAm017FU","10pm","Monday","11am","10pm","Monday","11am",,,,,,,,,,,,,,,,,,,"188437",,,"162 Rochor Rd","Warung Leko",,
"371 Beach Rd, #02-28 Palapa Indonesian Fast Food, City Gate, Singapore 199597","Singapore","SG",,"0x31da193f0b67dd21:0xde3cee62b0aa0c7b","/g/11y5gdwcr1","1.3023209","103.8623237","371 Beach Rd, #02-28 City Gate",,,"ChIJId1nCz8Z2jERewyqsGLuPN4","9pm","Monday","11am","9pm","Monday","11am",,,,,,,,,,,,,,,,,,,"199597",,,"371 Beach Rd, #02-28 City Gate","Palapa Indonesian Fast Food",,
"6 Tanjong Pagar Plz, #02-06 Indonesian Cuisine, Singapore 081006","Singapore","SG",,"0x31da1900737c6615:0xbaf9957e47776e88","/g/11m5xwn1wq","1.2766945","103.8431415","6 Tanjong Pagar Plz, #02-06",,,"ChIJFWZ8cwAZ2jERiG53R36V-bo","3pm","Monday","9am","3pm","Monday","9am",,,,,,,,,,,,,,,,,,,"081006",,,"6 Tanjong Pagar Plz, #02-06","Indonesian Cuisine",,
"6 Jalan Bukit Merah, #01-01 Dapur Indah Indonesian Food, ABC Brickworks Market & Food Centre, Singapore 150006","Singapore","SG",,"0x31da1b00705b7ab5:0xfc006678b367a83d","/g/11w90102s8","1.2869047","103.8081551","6 Jalan Bukit Merah, #01-01 ABC Brickworks Market & Food Centre",,,"ChIJtXpbcAAb2jERPahns3hmAPw",,"Monday",,,"Monday",,,,,,,,,,,,,,,,,,,,"150006",,,"6 Jalan Bukit Merah, #01-01 ABC Brickworks Market & Food Centre","Dapur Indah Indonesian Food",,
"Lucky Plaza, 304 Orchard Rd, #01-42 Bebek Goreng Pak Ndut @Lucky Plaza, Orchard, Singapore 238863","Singapore","SG",,"0x31da199270bd8a55:0x3ce988ae33fdb9ab","/g/11g7zgnwrj","1.3045755","103.8340344","Lucky Plaza, 304 Orchard Rd, #01-42 Orchard","+6567344787","6734 4787","ChIJVYq9cJIZ2jERq7n9M66I6Tw","9:30pm","Monday","11am","9:30pm","Monday","11am",,,,,,,,,,,,,,,,,,,"238863",,,"Lucky Plaza, 304 Orchard Rd, #01-42 Orchard","Bebek Goreng Pak Ndut @Lucky Plaza",,
"304 Orchard Rd, #01-75 Cipta Rasa Caferia Singapore, Lucky Plaza, Singapore 238863","Singapore","SG",,"0x31da19926d40711d:0x6093c6e37512708c","/g/1tqpws3g","1.3044387","103.8342547","304 Orchard Rd, #01-75 Lucky Plaza","+6597917748","9791 7748","ChIJHXFAbZIZ2jERjHASdePGk2A","8pm","Monday","10am","8pm","Monday","10am",,,,,,,,,,,,,,,,,,,"238863",,,"304 Orchard Rd, #01-75 Lucky Plaza","Cipta Rasa Caferia Singapore",,
"17 Petir Rd, #B2-57/58 Ayam Penyet President, Singapore 678278","Singapore","SG",,"0x31da11bb500fb449:0x1e834a4b6efe44d2","/g/11dx9x1xg_","1.3784644","103.7636339","17 Petir Rd, #B2-57/58","+6562655945","6265 5945","ChIJSbQPULsR2jER0kT-bktKgx4","9pm","Monday","7:30am","9pm","Monday","7:30am",,,,,,,,,,,,,,,,,,,"678278",,,"17 Petir Rd, #B2-57/58","Ayam Penyet President",,
"220 Orchard Rd, B1-04/05 Jtown Cafe, Midpoint Orchard, Singapore 238852","Singapore","SG",,"0x31da19913385be13:0x1b399aca74759ac6","/g/1tls0c2f","1.3017142","103.8387216","220 Orchard Rd, B1-04/05 Midpoint Orchard","+6592305040","9230 5040","ChIJE76FM5EZ2jERxpp1dMqaORs",,"Monday",,,"Monday",,,,,,,,,,,,,,,,,,,,"238852",,,"220 Orchard Rd, B1-04/05 Midpoint Orchard","Jtown Cafe",,
"601 MacPherson Rd, #01-61 WARUNG IJO | VEGETARIAN | VEGAN | INDONESIAN CUISINES | NO ALCOHOL | NO ONION GARLIC, Grantral Mall Tai Seng, Singapore 368242","Singapore","SG",,"0x31da1949d857c60d:0x52f4188e45fd31c","/g/11h4qmbw93","1.3338869","103.8881309","601 MacPherson Rd, #01-61 Grantral Mall Tai Seng","+6588578600","8857 8600","ChIJDcZX2EkZ2jERHNNf5IhBLwU","3pm","Monday","11am","3pm","Monday","11am",,,,,,,,,,,,,,,,,,,"368242",,,"601 MacPherson Rd, #01-61 Grantral Mall Tai Seng","WARUNG IJO | VEGETARIAN | VEGAN | INDONESIAN CUISINES | NO ALCOHOL | NO ONION GARLIC",,
"117 Aljunied Ave 2, #01-06 Indonesian Food House, Singapore 380117","Singapore","SG",,"0x31da1823c27ac89b:0x771e6fb914d843ef","/g/11hbg8vcmd","1.3208431","103.8868911","117 Aljunied Ave 2, #01-06",,,"ChIJm8h6wiMY2jER70PYFLlvHnc","11am","Monday","6:30","11am","Monday","6:30",,,,,,,,,,,,,,,,,,,"380117",,,"117 Aljunied Ave 2, #01-06","Indonesian Food House",,
"block 462 Crawford Ln, Impian Wahyu, Singapore 190462","Singapore","SG",,"0x31da19b9b7a17217:0x6a5cde6b75db03e8","/g/11cn0467mc","1.3048687","103.8616632","block 462 Crawford Ln","+6581207192","8120 7192","ChIJF3Kht7kZ2jER6APbdWveXGo","6pm","Monday","11am",,"Sunday",,"6pm","Saturday","11am","6pm","Friday","11am","6pm","Thursday","11am","6pm","Wednesday","11am","6pm","Tuesday","11am","6pm","Monday","11am","190462","339",,"block 462 Crawford Ln","Impian Wahyu","4.6",
"23 Serangoon Central, #01-57 Ayam Penyet Ria - Nex, NEX, Singapore 556083","Singapore","SG",,"0x31da172db057dda3:0x14dfcc27d35b636","/g/11s3wg6s02","1.349972","103.8731256","23 Serangoon Central, #01-57 NEX","+6566772011","6677 2011","ChIJo91XsC0X2jERNrY1fcL8TQE","9:30pm","Monday","11am","9:30pm","Sunday","11am","9:30pm","Saturday","11am","9:30pm","Friday","11am","9:30pm","Thursday","11am","9:30pm","Wednesday","11am","9:30pm","Tuesday","11am","9:30pm","Monday","11am","556083","1100",,"23 Serangoon Central, #01-57 NEX","Ayam Penyet Ria - Nex","4.6",
"50 Tras St, Cumi Bali, Singapore 078989","Singapore","SG",,"0x31da196d447f0e0f:0xa1bfeb8cfb7ee197","/g/1vs1pcp6","1.2781374","103.844249","50 Tras St","+6562206619","6220 6619","ChIJDw5_RG0Z2jERl-F--4zrv6E","2:30pm","Monday","11:30am","2:30pm","Sunday","11:30am","2:30pm","Saturday","11:30am","2:30pm","Friday","11:30am","2:30pm","Thursday","11:30am","2:30pm","Wednesday","11:30am","2:30pm","Tuesday","11:30am","2:30pm","Monday","11:30am","078989","724",,"50 Tras St","Cumi Bali","4.1",
"68 S Bridge Rd, #01-01 Fangko House, Singapore 058698","Singapore","SG",,"0x31da190af2522f29:0x8b45498c96b4c314","/g/11lhzg2fw2","1.2872892","103.8480636","68 S Bridge Rd, #01-01","+6592318849","9231 8849","ChIJKS9S8goZ2jERFMO0loxJRYs","6pm","Monday","8am","6pm","Sunday","8am","11pm","Saturday","8am","11pm","Friday","8am","11pm","Thursday","8am","11pm","Wednesday","8am","8:30pm","Tuesday","8am","6pm","Monday","8am","058698","1564",,"68 S Bridge Rd, #01-01","Fangko House","4.7",
"290 Orchard Rd, #B1 - 44 Tambuah Mas Indonesian Restaurant Paragon Orchard | Michelin Guide, Paragon, Singapore 238859","Singapore","SG",,"0x31da1992320efb97:0x4f68b1b22f90990f","/g/1tj86z1_","1.3036434","103.8349946","290 Orchard Rd, #B1 - 44 Paragon","+6588262181","8826 2181","ChIJl_sOMpIZ2jERD5mQL7KxaE8","10pm","Monday","11am","10pm","Sunday","11am","10pm","Saturday","11am","10pm","Friday","11am","10pm","Thursday","11am","10pm","Wednesday","11am","10pm","Tuesday","11am","10pm","Monday","11am","238859","1102",,"290 Orchard Rd, #B1 - 44 Paragon","Tambuah Mas Indonesian Restaurant Paragon Orchard | Michelin Guide","4.1",
"14 Scotts Rd, #05-22/23 Pondok Jawa Timur, Far East Plaza, Singapore 228213","Singapore","SG",,"0x31da19b0d446610d:0x3ad23ff6ed7de527","/g/11b6_nqh4h","1.3075867","103.8335336","14 Scotts Rd, #05-22/23 Far East Plaza","+6568845853","6884 5853","ChIJDWFG1LAZ2jERJ-V97fY_0jo","8pm","Monday","11am","8pm","Sunday","10am","9pm","Saturday","11am","9pm","Friday","11am","8pm","Thursday","11am","8pm","Wednesday","11am","8pm","Tuesday","11am","8pm","Monday","11am","228213","777",,"14 Scotts Rd, #05-22/23 Far East Plaza","Pondok Jawa Timur","4.4",
"23 Serangoon Central, #01-57 WAYANG - NEX, NEX, Singapore 556083","Singapore","SG",,"0x31da1960d52ccefb:0x50ade511c51c851b","/g/11txnxk6_q","1.3507142","103.872392","23 Serangoon Central, #01-57 NEX","+6566772011","6677 2011","ChIJ-84s1WAZ2jERG4UcxRHlrVA","9pm","Monday","11am","9pm","Sunday","11am","9pm","Saturday","11am","9pm","Friday","11am","9pm","Thursday","11am","9pm","Wednesday","11am","9pm","Tuesday","11am","9pm","Monday","11am","556083","140",,"23 Serangoon Central, #01-57 NEX","WAYANG - NEX","4.5",
"44 Kandahar St, Bumbu Restaurant, Singapore 198897","Singapore","SG",,"0x31da19b122a36dfd:0xe888a54734731ea7","/g/1tf7v78b","1.3018761","103.8599942","44 Kandahar St","+6563928628","6392 8628","ChIJ_W2jIrEZ2jERpx5zNEeliOg",,"Monday",,"3pm","Sunday","11am","3pm","Saturday","11am","3pm","Friday","11am","3pm","Thursday","11am","3pm","Wednesday","11am","3pm","Tuesday","11am",,"Monday",,"198897","606",,"44 Kandahar St","Bumbu Restaurant","4.4",
"78 Airport Blvd., #03-225/226 Tambuah Mas Jewel | Indonesian Restaurant, Jewel Changi Airport, Singapore 819666","Singapore","SG",,"0x31da3de05e6e543b:0xde0769c2c6c365d7","/g/11m77mf3tf","1.3597664","103.9897447","78 Airport Blvd., #03-225/226 Jewel Changi Airport","+6586832181","8683 2181","ChIJO1RuXuA92jER12XDxsJpB94","10pm","Monday","10am","10pm","Sunday","10am","10pm","Saturday","10am","10pm","Friday","10am","10pm","Thursday","10am","10pm","Wednesday","10am","10pm","Tuesday","10am","10pm","Monday","10am","819666","261",,"78 Airport Blvd., #03-225/226 Jewel Changi Airport","Tambuah Mas Jewel | Indonesian Restaurant","4.2",
"1 Kim Seng Promenade, B1-110/111 Tambuah Mas Great World | Halal Indonesian Restaurant, Great World, Singapore 237994","Singapore","SG",,"0x31da19a543cf7f43:0xca7549d7eacef751","/g/11fq_bb3w1","1.2931253","103.8319286","1 Kim Seng Promenade, B1-110/111 Great World","+6587112181","8711 2181","ChIJQ3_PQ6UZ2jERUffO6tdJdco","10pm","Monday","11am","10pm","Sunday","11am","10pm","Saturday","11am","10pm","Friday","11am","10pm","Thursday","11am","10pm","Wednesday","11am","10pm","Tuesday","11am","10pm","Monday","11am","237994","454",,"1 Kim Seng Promenade, B1-110/111 Great World","Tambuah Mas Great World | Halal Indonesian Restaurant","4.2",
"304 Orchard Rd, #02-66/67 Minang House, Lucky Plaza, Singapore 238863","Singapore","SG",,"0x31da19926d40711d:0x7b0be1d0321bdd4b","/g/1wk7nd3c","1.3048263","103.8337223","304 Orchard Rd, #02-66/67 Lucky Plaza","+6568874702","6887 4702","ChIJHXFAbZIZ2jERS90bMtDhC3s","6pm","Monday","10:30am","6pm","Sunday","10:30am","6pm","Saturday","10:30am","6pm","Friday","10:30am","6pm","Thursday","10:30am","6pm","Wednesday","10:30am","6pm","Tuesday","10:30am","6pm","Monday","10:30am","238863","358",,"304 Orchard Rd, #02-66/67 Lucky Plaza","Minang House","4.4",
"6 Eu Tong Sen St, #02-72 to 75/77/92 Rendezvous Restaurant Hock Lock Kee, The Central, Singapore 059817","Singapore","SG",,"0x31da190a9bbec0d7:0x35b0563210393588","/g/11r97xg_w","1.289174","103.846216","6 Eu Tong Sen St, #02-72 to 75/77/92 The Central","+6563397508","6339 7508","ChIJ18C-mwoZ2jERiDU5EDJWsDU","8:30pm","Monday","11:30am","8:30pm","Sunday","11:30am","8:30pm","Saturday","11:30am","8:30pm","Friday","11:30am","8:30pm","Thursday","11:30am","8:30pm","Wednesday","11:30am","8:30pm","Tuesday","11:30am","8:30pm","Monday","11:30am","059817","648",,"6 Eu Tong Sen St, #02-72 to 75/77/92 The Central","Rendezvous Restaurant Hock Lock Kee","4.2",
"3 Gateway Dr, #B1-11 Bebek Goreng Pak Ndut @Westgate, Westgate, Singapore 608532","Singapore","SG",,"0x31da1151af263f5f:0xa2517cc82d442a52","/g/11j4mw73r2","1.3337357","103.7425365","3 Gateway Dr, #B1-11 Westgate","+6565654787","6565 4787","ChIJXz8mr1ER2jERUipELch8UaI","9:30pm","Monday","11am","9:30pm","Sunday","11am","9:30pm","Saturday","11am","9:30pm","Friday","11am","9:30pm","Thursday","11am","9:30pm","Wednesday","11am","9:30pm","Tuesday","11am","9:30pm","Monday","11am","608532","560",,"3 Gateway Dr, #B1-11 Westgate","Bebek Goreng Pak Ndut @Westgate","4.5",
"1 Pasir Ris Cl, #01-104 D'Penyetz - Downtown East, Singapore 519599","Singapore","SG",,"0x31da3d47ce894975:0xfd917d2afb1ead67","/g/11lgjnkvdl","1.3762197","103.9556301","1 Pasir Ris Cl, #01-104",,,"ChIJdUmJzkc92jERZ60e-yp9kf0","9:30pm","Monday","11am","9:30pm","Sunday","11am","9:30pm","Saturday","11am","9:30pm","Friday","11am","9:30pm","Thursday","11am","9:30pm","Wednesday","11am","9:30pm","Tuesday","11am","9:30pm","Monday","11am","519599","252",,"1 Pasir Ris Cl, #01-104","D'Penyetz - Downtown East","4.3",
"18 & 18A Kandahar Street, Rumah Makan Minang - Kandahar Street, Singapore 198884","Singapore","SG",,"0x31da19b126f40b5d:0xf5b1f9ae92a2f622","/g/1tj30ms4","1.3022991","103.8595966","18 & 18A Kandahar Street","+6569777064","6977 7064","ChIJXQv0JrEZ2jERIvaikq75sfU","6:30pm","Monday","7:30am","6:30pm","Sunday","7:30am","6:30pm","Saturday","7:30am","6:30pm","Friday","7:30am","6:30pm","Thursday","7:30am","6:30pm","Wednesday","7:30am","6:30pm","Tuesday","7:30am","6:30pm","Monday","7:30am","198884","1529",,"18 & 18A Kandahar Street","Rumah Makan Minang - Kandahar Street","4.3",
"273 Tanjong Katong Rd, Ben’s Kitchen, Singapore 437056","Singapore","SG",,"0x31da1925bb4e735f:0x779b0d738e506706","/g/11k3wmcwxq","1.3070829","103.895667","273 Tanjong Katong Rd","+6560150232","6015 0232","ChIJX3NOuyUZ2jERBmdQjnMNm3c","3pm","Monday","11am","9pm","Sunday","11am","9pm","Saturday","11am","3pm","Friday","11am","3pm","Thursday","11am","3pm","Wednesday","11am","3pm","Tuesday","11am","3pm","Monday","11am","437056","378",,"273 Tanjong Katong Rd","Ben’s Kitchen","4.3",
"Telok Ayer St, #88 - 90 Pagi Sore Indonesian Restaurant (Family Business in Singapore since 1989), Singapore 048470","Singapore","SG",,"0x31da190c45674969:0x32ead82129cb068b","/g/1v_n913p","1.2826195","103.8486534","Telok Ayer St, #88 - 90","+6562256002","6225 6002","ChIJaUlnRQwZ2jERiwbLKSHY6jI","2pm","Monday","11:30am","2pm","Sunday","11:30am","2pm","Saturday","11:30am","2pm","Friday","11:30am","2pm","Thursday","11:30am","2pm","Wednesday","11:30am","2pm","Tuesday","11:30am","2pm","Monday","11:30am","048470","608",,"Telok Ayer St, #88 - 90","Pagi Sore Indonesian Restaurant (Family Business in Singapore since 1989)","4.1",
"151 Lorong Chuan, #01-24 D'Penyetz Lorong Chuan, Singapore 556741","Singapore","SG",,"0x31da1750bdf39553:0x9829e7011a2388d6","/g/11r36grjtf",,,"151 Lorong Chuan, #01-24",,,"ChIJU5XzvVAX2jER1ogjGgHnKZg","8:30pm","Monday","11am","8:30pm","Sunday","11am","8:30pm","Saturday","11am","8:30pm","Friday","11am","8:30pm","Thursday","11am","8:30pm","Wednesday","11am","8:30pm","Tuesday","11am","8:30pm","Monday","11am","556741","133",,"151 Lorong Chuan, #01-24","D'Penyetz Lorong Chuan",,
"11 Jln Pisang, Hjh Maimunah Restaurant and Catering, Singapore 199078","Singapore","SG",,"0x31da19b72d5852b7:0xa32d8c892f4a6229","/g/1tkqxsy2",,,"11 Jln Pisang","+6562974294","6297 4294","ChIJt1JYLbcZ2jERKWJKL4mMLaM","7pm","Monday","7:30am",,"Sunday",,"7pm","Saturday","7:30am","7pm","Friday","7:30am","7pm","Thursday","7:30am","7pm","Wednesday","7:30am","7pm","Tuesday","7:30am","7pm","Monday","7:30am","199078","3.357",,"11 Jln Pisang","Hjh Maimunah Restaurant and Catering",,
"405 Havelock Rd, Level 3 Kintamani Restaurant, Furama Riverfront, Singapore 169633","Singapore","SG",,"0x31da1977b165dfcd:0x536bab441be18fb7","/g/1tf7k223",,,"405 Havelock Rd, Level 3 Furama Riverfront","+6567396463","6739 6463","ChIJzd9lsXcZ2jERt4_hG0Sra1M","2:30pm","Monday","12","2:30pm","Sunday","12","2:30pm","Saturday","12","2:30pm","Friday","12","2:30pm","Thursday","12","2:30pm","Wednesday","12","2:30pm","Tuesday","12","2:30pm","Monday","12","169633","1.141",,"405 Havelock Rd, Level 3 Furama Riverfront","Kintamani Restaurant",,
"2 Tampines Central 5, #B1-20 Ayam Penyet President - Century Square Tampines, Century Square, Singapore 529509","Singapore","SG",,"0x31da3d11893d3b8f:0x79fe1217a808b049","/g/11b76v5qhz",,,"2 Tampines Central 5, #B1-20 Century Square","+6562602469","6260 2469","ChIJjzs9iRE92jERSbAIqBcS_nk","9pm","Monday","11:30am","9pm","Sunday","11am","9:30pm","Saturday","11am","9:30pm","Friday","11:30am","9pm","Thursday","11:30am","9pm","Wednesday","11:30am","9pm","Tuesday","11:30am","9pm","Monday","11:30am","529509","1.256",,"2 Tampines Central 5, #B1-20 Century Square","Ayam Penyet President - Century Square Tampines",,
"31 Arab St, Ratu Lemper, Singapore 199730","Singapore","SG",,"0x31da19b1040b4959:0xc86e898dcc5fb2e","/g/11crzzv42w",,,"31 Arab St","+6598132450","9813 2450","ChIJWUkLBLEZ2jERLvvF3Jjohgw",,"Monday",,"6pm","Sunday","10am","6pm","Saturday","10am","6pm","Friday","10am","6pm","Thursday","10am","6pm","Wednesday","10am","6pm","Tuesday","10am",,"Monday",,"199730","113",,"31 Arab St","Ratu Lemper",,
"930 Yishun Ave 2, B1-54 Ayam Penyet President, Northpoint City North Wing, Singapore 769098","Singapore","SG",,"0x31da146f818230eb:0x3f08f74d65860828","/g/11fx95kt_h",,,"930 Yishun Ave 2, B1-54 Northpoint City North Wing","+6562572991","6257 2991","ChIJ6zCCgW8U2jERKAiGZU33CD8","9pm","Monday","11:30am","9pm","Sunday","11am","9:30pm","Saturday","11am","9:30pm","Friday","11:30am","9pm","Thursday","11:30am","9pm","Wednesday","11:30am","9pm","Tuesday","11:30am","9pm","Monday","11:30am","769098","1.395",,"930 Yishun Ave 2, B1-54 Northpoint City North Wing","Ayam Penyet President",,
"51 Bencoolen St, #01-05 Putra Minang Restaurant Bencoolen, Singapore 189630","Singapore","SG",,"0x31da19faa330d147:0x815145de046b9fd8","/g/11p02qpf64",,,"51 Bencoolen St, #01-05","+6582623535","8262 3535","ChIJR9Ewo_oZ2jER2J9rBN5FUYE","9pm","Monday","9am","9pm","Sunday","9am","9pm","Saturday","9am","9pm","Friday","9am","9pm","Thursday","9am","9pm","Wednesday","9am","9pm","Tuesday","9am","9pm","Monday","9am","189630","635",,"51 Bencoolen St, #01-05","Putra Minang Restaurant Bencoolen",,
"1 Pasir Ris Cl, #02-110 D'Bakmie & D'Cendol Downtown East, E!Hub@Downtown East 1, Singapore 519599","Singapore","SG",,"0x31da3dfeeb1876c5:0x2dd9302d5909580e","/g/11tcw465l9",,,"1 Pasir Ris Cl, #02-110 E!Hub@Downtown East 1",,,"ChIJxXYY6_492jERDlgJWS0w2S0","9:30pm","Monday","10am","9:30pm","Sunday","10am","9:30pm","Saturday","10am","9:30pm","Friday","10am","9:30pm","Thursday","10am","9:30pm","Wednesday","10am","9:30pm","Tuesday","10am","9:30pm","Monday","10am","519599","90",,"1 Pasir Ris Cl, #02-110 E!Hub@Downtown East 1","D'Bakmie & D'Cendol Downtown East",,
"249 Victoria St, Ayam Penyet Ria - Bugis Street, Singapore 188034","Singapore","SG",,"0x31da195c61fe9197:0xd5c039e87545b317","/g/11t6zyvjx1",,,"249 Victoria St","+6569516031","6951 6031","ChIJl5H-YVwZ2jERF7NFdeg5wNU","9:30pm","Monday","11am","9:30pm","Sunday","11am","9:30pm","Saturday","11am","9:30pm","Friday","11am","9:30pm","Thursday","11am","9:30pm","Wednesday","11am","9:30pm","Tuesday","11am","9:30pm","Monday","11am","188034","202",,"249 Victoria St","Ayam Penyet Ria - Bugis Street",,
"B2-K3, 15 Paya Lebar Rd, Papa Ayam PLQ Mall, Singapore 409049","Singapore","SG",,"0x31da19c0cfd0806f:0x8359b70230e090e5","/g/11k0695zyg",,,"B2-K3, 15 Paya Lebar Rd","+6586983921","8698 3921","ChIJb4DQz8AZ2jER5ZDgMAK3WYM","9:30pm","Monday","10:30am","9:30pm","Sunday","10:30am","9:30pm","Saturday","10:30am","9:30pm","Friday","10:30am","9:30pm","Thursday","10:30am","9:30pm","Wednesday","10:30am","9:30pm","Tuesday","10:30am","9:30pm","Monday","10:30am","409049","326",,"B2-K3, 15 Paya Lebar Rd","Papa Ayam PLQ Mall",,
"31 Commonwealth Cres, #02-64 Mega’s Stall (Best Authentic Indonesian Food), Singapore",,"SG",,"0x31da1bec3a09fae1:0x4399e2b15d7b25fc","/g/11kpfk53z_",,,"31 Commonwealth Cres, #02-64",,,"ChIJ4foJOuwb2jER_CV7XbHimUM","24 hours","Monday","24 hours","24 hours","Sunday","24 hours","24 hours","Saturday","24 hours","24 hours","Friday","24 hours","24 hours","Thursday","24 hours","24 hours","Wednesday","24 hours","24 hours","Tuesday","24 hours","24 hours","Monday","24 hours",,"8",,"31 Commonwealth Cres, #02-64","Mega’s Stall (Best Authentic Indonesian Food)",,
"60 Paya Lebar Rd, B1-29/30/31 Taste of Indonesia @ Paya Lebar Square, Paya Lebar Square, Singapore 409051","Singapore","SG",,"0x31da18185d8f764b:0x8d0d5dd1ed4a7da8","/g/11f305jclk",,,"60 Paya Lebar Rd, B1-29/30/31 Paya Lebar Square",,,"ChIJS3aPXRgY2jERqH1K7dFdDY0","8pm","Monday","10am","8pm","Sunday","9am","8pm","Saturday","10am","8pm","Friday","10am","8pm","Thursday","10am","8pm","Wednesday","10am","8pm","Tuesday","10am","8pm","Monday","10am","409051","196",,"60 Paya Lebar Rd, B1-29/30/31 Paya Lebar Square","Taste of Indonesia @ Paya Lebar Square",,
"#01-19/23 Ayam Penyet President, Gantral Mall, Singapore",,"SG",,"0x31da1b864501ec71:0xbdabc5763b36cf80","/g/11st8h655j",,,"#01-19/23 Gantral Mall",,,"ChIJcewBRYYb2jERgM82O3bFq70","8:30pm","Monday","10:30am","8:30pm","Sunday","10:30am","8:30pm","Saturday","10:30am","8:30pm","Friday","10:30am","8:30pm","Thursday","10:30am","8:30pm","Wednesday","10:30am","8:30pm","Tuesday","10:30am","8:30pm","Monday","10:30am",,"287",,"#01-19/23 Gantral Mall","Ayam Penyet President",,
"Warung Pojok (The Hidden Indonesian Food Stall), Kampung Baru Ban Foo, Ulu Tiram, Johor, Malaysia","Ulu Tiram","MY",,"0x31da6912367b18e9:0xc94332ab223ef536","/g/11fjxft7j8",,,,,,"ChIJ6Rh7NhJp2jERNvU-IqsyQ8k","12am","Monday","8am","6am","Sunday","12","6am","Saturday","12","12am","Friday","8am","12am","Thursday","8am","12am","Wednesday","8am","12am","Tuesday","8am","12am","Monday","8am",,"17","Johor",,"Warung Pojok (The Hidden Indonesian Food Stall)",,
"730 N Bridge Rd, Irna's Taste Food & Cakes, Singapore 198698","Singapore","SG",,"0x31da19e3239d24ff:0x786e0fd55d262a56","/g/11t630dnps",,,"730 N Bridge Rd","+6588950735","8895 0735","ChIJ_ySdI-MZ2jERViomXdUPbng",,"Monday",,"8pm","Sunday","11am","8pm","Saturday","11am","8pm","Friday","11am","7pm","Thursday","11am","7pm","Wednesday","11am","7pm","Tuesday","11am",,"Monday",,"198698","122",,"730 N Bridge Rd","Irna's Taste Food & Cakes",,
