"badge_title","badge_url","category_breadcrumb","category_id","category_name","discount_percentage","fetched_at","image_url","is_ad","is_wishlist","keyword","original_price","page","position","price","price_number","product_id","product_url","rating","shop_city","shop_id","shop_name","shop_tier","shop_url","sold_count","source_url","title"
"Kab. Bekasi",,,"0",,"0","2026-08-01T00:33:10.192Z","https://p16-images-sign-sg.tokopedia-static.net/tos-alisg-i-aphluv4xwc-sg/d8dca99df4c04fd1a58617487268948c~tplv-aphluv4xwc-white-pad-v1:300:300.jpeg?lk3s=97278606&x-expires=1785547989&x-signature=794wntCt%2F4A%2F8cEmC92ozR1cI0o%3D&x-signature-webp=O%2FeudLVnxDt3P2KiPtS%2FIGdug5o%3D","false","false","bawang goreng murni",,"1","1","Rp33.586","33586","102914349021","https://www.tokopedia.com/bikin-nagih-21/bawang-merah-goreng-155-g-renyah-gurih-low-oil-100-murni-tanpa-campuran-halal-pirt-1734148045883541226?extParam=ivf%3Dfalse%26keyword%3Dbawang+goreng+murni%26search_id%3D202608010033093DD48AB31D016F286K16%26src%3Dsearch","5","Kab. Bekasi","7494337048762287850","Bikin Nagih 21","1","https://www.tokopedia.com/bikin-nagih-21","2 terjual","https://www.tokopedia.com/search?q=bawang%20goreng%20murni&st=product","Bawang Merah Goreng 155 g - Renyah Gurih Low Oil 100% Murni tanpa Campuran | Halal | PIRT"
"Kab. Magetan",,,"0",,"0","2026-08-01T00:33:10.192Z","https://p16-images-sign-sg.tokopedia-static.net/tos-alisg-i-aphluv4xwc-sg/1fdc35a35bf84dffbb21bfe5cd75d2df~tplv-aphluv4xwc-white-pad-v1:300:300.jpeg?lk3s=97278606&x-expires=1785547989&x-signature=jXcSH51kJTpQI4NF17wIq72cREs%3D&x-signature-webp=qqUZObHhLitHK6sFMGNWwT%2BELgY%3D","false","false","bawang goreng murni",,"1","2","Rp46.000","46000","100447348441","https://www.tokopedia.com/pawon-si-mbok-01/bawang-merah-goreng-original-200-gran-murni-tanpa-tepung-gurih-renyah-1731127340147311689?extParam=ivf%3Dfalse%26keyword%3Dbawang+goreng+murni%26search_id%3D202608010033093DD48AB31D016F286K16%26src%3Dsearch","5","Kab. Magetan","7494749496720525385","Pawon Si Mbok 01","1","https://www.tokopedia.com/pawon-si-mbok-01","2 terjual","https://www.tokopedia.com/search?q=bawang%20goreng%20murni&st=product","(BAWANG MERAH) GORENG ORIGINAL 200 gran Murni Tanpa Tepung Gurih Renyah"
"Kab. Brebes",,,"0",,"0","2026-08-01T00:33:10.192Z","https://p16-images-sign-sg.tokopedia-static.net/tos-alisg-i-aphluv4xwc-sg/ecc6cc43078a481baca70b6428bfcfdc~tplv-aphluv4xwc-white-pad-v1:300:300.jpeg?lk3s=97278606&x-expires=1785547989&x-signature=l8o7jeuPT98dP4iV6JUsnvvF9fA%3D&x-signature-webp=nw%2FMBeJfy4OUCX64qpBZ39l10fY%3D","false","false","bawang goreng murni","Rp88.900","1","3","Rp77.683","77683","103497363618","https://www.tokopedia.com/ginukshop-121/bawang-goreng-asli-brebes-enak-gurih-dan-cruncy-1736134698404513270-1736134465749616118?extParam=ivf%3Dfalse%26keyword%3Dbawang+goreng+murni%26search_id%3D202608010033093DD48AB31D016F286K16%26src%3Dsearch","5","Kab. Brebes","7494518649324144118","Ginuk.shop","1","https://www.tokopedia.com/ginukshop-121","5 terjual","https://www.tokopedia.com/search?q=bawang%20goreng%20murni&st=product","Bawang Goreng Asli Brebes Mba Ginuk Murni 100% tanpa campuran Grade A"
"Kab. Brebes",,,"0",,"0","2026-08-01T00:33:10.192Z","https://p16-images-sign-sg.tokopedia-static.net/tos-alisg-i-aphluv4xwc-sg/699ee4b7cae742d2ad43b6511a4e120c~tplv-aphluv4xwc-white-pad-v1:300:300.jpeg?lk3s=97278606&x-expires=1785547989&x-signature=Yptod8tGKfbugu2GOFsADOYSV3k%3D&x-signature-webp=4LBcUSaNjuCXHQADT8%2BdWJAeMC0%3D","false","false","bawang goreng murni","Rp89.900","1","4","Rp70.977","70977","103300614236","https://www.tokopedia.com/ginukshop-121/bawang-goreng-mba-ginuk-asli-brebes-1735274417616684534-1735274495746082294?extParam=ivf%3Dfalse%26keyword%3Dbawang+goreng+murni%26search_id%3D202608010033093DD48AB31D016F286K16%26src%3Dsearch","5","Kab. Brebes","7494518649324144118","Ginuk.shop","1","https://www.tokopedia.com/ginukshop-121","8 terjual","https://www.tokopedia.com/search?q=bawang%20goreng%20murni&st=product","Bawang Goreng Mba Ginuk Asli Brebes 100% murni tanpa campuran Grade A"
"Kab. Bekasi",,,"0",,"0","2026-08-01T00:33:10.192Z","https://p16-images-sign-sg.tokopedia-static.net/tos-alisg-i-aphluv4xwc-sg/08a954d27bfc49b7bfc3aee09ec62ad5~tplv-aphluv4xwc-white-pad-v1:300:300.jpeg?lk3s=97278606&x-expires=1785547989&x-signature=Q8PY2%2B2yQ8k6MP11n%2F%2Bkw6wPQ7w%3D&x-signature-webp=9NRb%2FAv%2B1TiWGFI%2F0QhRwXPY5gs%3D","false","false","bawang goreng murni",,"1","5","Rp41.720","41720","102914375089","https://www.tokopedia.com/bikin-nagih-21/bawang-merah-goreng-205-g-renyah-gurih-low-oil-100-murni-tanpa-campuran-halal-pirt-1734148116579649258?extParam=ivf%3Dfalse%26keyword%3Dbawang+goreng+murni%26search_id%3D202608010033093DD48AB31D016F286K16%26src%3Dsearch","5","Kab. Bekasi","7494337048762287850","Bikin Nagih 21","1","https://www.tokopedia.com/bikin-nagih-21","1 terjual","https://www.tokopedia.com/search?q=bawang%20goreng%20murni&st=product","Bawang Merah Goreng 205 g- Renyah Gurih Low Oil 100% Murni tanpa Campuran | Halal | PIRT"
"Jakarta Barat","https://p16-images-comn-sg.tokopedia-static.net/tos-alisg-i-zr7vqa5nfb-sg/img/goldmerchant/pm_activation/badge/Power%20Merchant%20Pro.png~tplv-zr7vqa5nfb-image.image","makanan-minuman/makanan-kering/bawang-goreng","35","Makanan & Minuman","0","2026-08-01T00:33:10.192Z","https://p19-images-common-sign-sg.tokopedia-static.net/tos-maliva-i-o3syd03w52-us/cd80a56044e549a3b346ef19ee3afc5a~tplv-o3syd03w52-resize-jpeg:300:300.jpeg?lk3s=97278606&x-expires=1785547989&x-signature=tVOx0n40ysjxHqgfss0quPGfBlc%3D&x-signature-webp=McKuXdJxdvBvTYJgmv59muwi8RY%3D","false","false","bawang goreng murni",,"1","6","Rp58.500","58500","100355602563","https://www.tokopedia.com/mettaol/bawang-goreng-cendana-250-gram-bawang-asli-brebes-100-murni-1729916441211209803?extParam=ivf%3Dfalse%26keyword%3Dbawang+goreng+murni%26search_id%3D202608010033093DD48AB31D016F286K16%26src%3Dsearch","5","Jakarta Barat","10634558","Metta OL Shop","3","https://www.tokopedia.com/mettaol","4 terjual","https://www.tokopedia.com/search?q=bawang%20goreng%20murni&st=product","Bawang Goreng CENDANA 250 Gram - BAWANG ASLI BREBES 100% MURNI"
"Kab. Bekasi","https://p16-images-comn-sg.tokopedia-static.net/tos-alisg-i-zr7vqa5nfb-sg/img/goldmerchant/pm_activation/badge/Power%20Merchant%20Pro.png~tplv-zr7vqa5nfb-image.image","makanan-minuman/makanan-kering/bawang-goreng","35","Makanan & Minuman","0","2026-08-01T00:33:10.192Z","https://p16-images-sign-sg.tokopedia-static.net/tos-alisg-i-aphluv4xwc-sg/d230a92d8f464820b82624e87f2e62f4~tplv-aphluv4xwc-white-pad-v1:300:300.jpeg?lk3s=97278606&x-expires=1785547989&x-signature=IHYNHj18CYxJ0v3OGXQ2pH5rcgk%3D&x-signature-webp=R4jZLj3sC%2BNX3Z7LjCPvGZEp2tY%3D","false","false","bawang goreng murni",,"1","7","Rp6.000","6000","102502689895","https://www.tokopedia.com/shopshabira/bawang-goreng-sarwo-muaske-murni-tanpa-campuran-harga-ekonomis-20gr-onion-1733045089882572755?extParam=ivf%3Dfalse%26keyword%3Dbawang+goreng+murni%26search_id%3D202608010033093DD48AB31D016F286K16%26src%3Dsearch","5","Kab. Bekasi","11031048","ShopShabira","3","https://www.tokopedia.com/shopshabira","10 terjual","https://www.tokopedia.com/search?q=bawang%20goreng%20murni&st=product","bawang goreng sarwo muaske murni tanpa campuran harga ekonomis 20gr Onion"
"Surabaya","https://p16-images-comn-sg.tokopedia-static.net/tos-alisg-i-zr7vqa5nfb-sg/img/goldmerchant/pm_activation/badge/Power%20Merchant%20Pro.png~tplv-zr7vqa5nfb-image.image","makanan-minuman/makanan-kering/bawang-goreng","35","Makanan & Minuman","0","2026-08-01T00:33:10.192Z","https://p16-images-sign-sg.tokopedia-static.net/tos-alisg-i-aphluv4xwc-sg/31f6a3057d8049ddaf4eae4cdcefb5cf~tplv-aphluv4xwc-white-pad-v1:300:300.jpeg?lk3s=97278606&x-expires=1785547989&x-signature=Ud5L896gu%2FF9saQ49XOTslLdm8A%3D&x-signature-webp=vcNdsJVMfhOsNcOmgiFKA%2FBhmYg%3D","false","false","bawang goreng murni","Rp23.000","1","8","Rp22.500","22500","103223263840","https://www.tokopedia.com/cvunion77/bawang-merah-goreng-kriuk-bawang-merah-murni-tanpa-tepung-siap-makan-by-bumbu-wilona-1729869433007081807-1735044387361883471?extParam=ivf%3Dfalse%26keyword%3Dbawang+goreng+murni%26search_id%3D202608010033093DD48AB31D016F286K16%26src%3Dsearch","5","Surabaya","7318658","BUMBU WILONA","3","https://www.tokopedia.com/cvunion77","90+ terjual","https://www.tokopedia.com/search?q=bawang%20goreng%20murni&st=product","BAWANG MERAH GORENG KRIUK | BAWANG MERAH MURNI TANPA TEPUNG | SIAP MAKAN BY BUMBU WILONA"
"Depok","https://p16-images-comn-sg.tokopedia-static.net/tos-alisg-i-zr7vqa5nfb-sg/img/goldmerchant/pm_activation/badge/Power%20Merchant%20Pro.png~tplv-zr7vqa5nfb-image.image","makanan-minuman/makanan-kering/daging-kering-asin","35","Makanan & Minuman","0","2026-08-01T00:33:10.192Z","https://p16-images-sign-sg.tokopedia-static.net/tos-alisg-i-aphluv4xwc-sg/img/VqbcmM/2023/3/24/5fe87c67-89c8-4466-b5ce-3d0dc1e9ffd3.jpg~tplv-aphluv4xwc-white-pad-v1:300:300.jpeg?lk3s=97278606&x-expires=1785547989&x-signature=MlnoTAO5Xsa8KmHxbRd83feGjYI%3D&x-signature-webp=OsqA%2BynGizJtcc8Y25PGHtbAylc%3D","false","false","bawang goreng murni",,"1","9","Rp47.500","47500","6025189838","https://www.tokopedia.com/unfakitchen/bawang-goreng-brebes-murni-gurih-super-premium?extParam=ivf%3Dfalse%26keyword%3Dbawang+goreng+murni%26search_id%3D202608010033093DD48AB31D016F286K16%26src%3Dsearch","4.9","Depok","8965491","UNAFA KITCHEN","3","https://www.tokopedia.com/unfakitchen","750+ terjual","https://www.tokopedia.com/search?q=bawang%20goreng%20murni&st=product","bawang goreng brebes murni gurih"
"Kab. Bekasi","https://p16-images-comn-sg.tokopedia-static.net/tos-alisg-i-zr7vqa5nfb-sg/img/goldmerchant/pm_activation/badge/Power%20Merchant%20Pro.png~tplv-zr7vqa5nfb-image.image","makanan-minuman/makanan-kering/bawang-goreng","35","Makanan & Minuman","0","2026-08-01T00:33:10.192Z","https://p16-images-common-sign-sg.tokopedia-static.net/tos-maliva-i-o3syd03w52-us/33500c6f92f547fd9937f0d5bfbf017a~tplv-o3syd03w52-resize-jpeg:300:300.jpeg?lk3s=97278606&x-expires=1785547989&x-signature=v%2BjXJOoMDOI2uM3hmHXtK5xEUDU%3D&x-signature-webp=XGw2Sr9oZeq%2BHjoyNQGiiF4ASgA%3D","false","false","bawang goreng murni","Rp140.000","1","10","Rp111.500","111500","7627476009","https://www.tokopedia.com/mindonyok22/paket-hemat-4-toples-boleh-mix-varian-goreng-garem-bawang-murni-pedas-garam-1729643236127312440?extParam=ivf%3Dfalse%26keyword%3Dbawang+goreng+murni%26search_id%3D202608010033093DD48AB31D016F286K16%26src%3Dsearch","4.9","Kab. Bekasi","1575490","mindonyok22","3","https://www.tokopedia.com/mindonyok22","1rb+ terjual","https://www.tokopedia.com/search?q=bawang%20goreng%20murni&st=product","PAKET HEMAT 4 TOPLES Boleh mix varian ( goreng garem ) Bawang murni  Pedas Garam"
"Kab. Probolinggo","https://p16-images-comn-sg.tokopedia-static.net/tos-alisg-i-zr7vqa5nfb-sg/img/goldmerchant/pm_activation/badge/Power%20Merchant%20Pro.png~tplv-zr7vqa5nfb-image.image","makanan-minuman/makanan-kering/bawang-goreng","35","Makanan & Minuman","0","2026-08-01T00:33:10.192Z","https://p16-images-sign-sg.tokopedia-static.net/tos-alisg-i-aphluv4xwc-sg/9156b251ad8b4a98823ac2d7ce37c8c5~tplv-aphluv4xwc-white-pad-v1:300:300.jpeg?lk3s=97278606&x-expires=1785547989&x-signature=y8VTzTE9MAaT76KlQ8nWlJA8ASw%3D&x-signature-webp=IVUMHVFwOsUZIXC1%2FL2cZxsj9%2Fo%3D","false","false","bawang goreng murni",,"1","11","Rp98.500","98500","100063188777","https://www.tokopedia.com/bawang-goreng-rachel/500gr-bawang-goreng-asli-probolinggo-murni-tanpa-tepung-kemasan-pouch-rendah-minyak-sudah-di-spinner-1729564850101061413?extParam=ivf%3Dfalse%26keyword%3Dbawang+goreng+murni%26search_id%3D202608010033093DD48AB31D016F286K16%26src%3Dsearch","4.9","Kab. Probolinggo","7495603668099369765","BAWANG GORENG RACHEL","3","https://www.tokopedia.com/bawang-goreng-rachel","1rb+ terjual","https://www.tokopedia.com/search?q=bawang%20goreng%20murni&st=product","500gr Bawang Goreng Asli Probolinggo Murni Tanpa Tepung Kemasan Pouch Rendah Minyak Sudah Di spinner."
"Jakarta Selatan","https://p16-images-comn-sg.tokopedia-static.net/tos-alisg-i-zr7vqa5nfb-sg/img/goldmerchant/pm_activation/badge/Power%20Merchant%20Pro.png~tplv-zr7vqa5nfb-image.image","makanan-minuman/makanan-kering/bawang-goreng","35","Makanan & Minuman","0","2026-08-01T00:33:10.192Z","https://p16-images-common-sign-sg.tokopedia-static.net/tos-maliva-i-o3syd03w52-us/452e98db803b40468d877e19b15ec67c~tplv-o3syd03w52-resize-jpeg:300:300.jpeg?lk3s=97278606&x-expires=1785547989&x-signature=NkuTnkziBoKYwhlDTQKmVYNaW8k%3D&x-signature-webp=PXAZSuEdoAo6OIvdy5NsVLfmro0%3D","false","false","bawang goreng murni",,"1","12","Rp24.700","24700","102146293576","https://www.tokopedia.com/dendengindud/bawang-putih-goreng-premium-murni-100-85-gram-1729566812001045320?extParam=ivf%3Dfalse%26keyword%3Dbawang+goreng+murni%26search_id%3D202608010033093DD48AB31D016F286K16%26src%3Dsearch","4.9","Jakarta Selatan","2019451","Dendeng Crispy Indud","3","https://www.tokopedia.com/dendengindud","250+ terjual","https://www.tokopedia.com/search?q=bawang%20goreng%20murni&st=product","Bawang Putih Goreng Premium Murni 100% [85 Gram]"
"Jakarta Timur","https://p16-images-comn-sg.tokopedia-static.net/tos-alisg-i-zr7vqa5nfb-sg/img/goldmerchant/pm_activation/badge/Power%20Merchant%20Pro.png~tplv-zr7vqa5nfb-image.image","makanan-minuman/makanan-kering/bawang-goreng","35","Makanan & Minuman","0","2026-08-01T00:33:10.192Z","https://p16-images-sign-sg.tokopedia-static.net/tos-alisg-i-aphluv4xwc-sg/img/VqbcmM/2024/5/14/b3155840-6a7a-4b08-b7ce-34f41a283b94.jpg~tplv-aphluv4xwc-white-pad-v1:300:300.jpeg?lk3s=97278606&x-expires=1785547989&x-signature=2MmfN8mfysSqWN0TicM4dyYPSvQ%3D&x-signature-webp=Er282dhWpp24Nv%2FoGA6tP4N4BMc%3D","false","false","bawang goreng murni","Rp140.000","1","13","Rp130.000","130000","1161171298","https://www.tokopedia.com/riskijayabawang/bawang-goreng-murni-1-kg-bahan-rempah-kualitas-tinggi-1730348185860540138?extParam=ivf%3Dfalse%26keyword%3Dbawang+goreng+murni%26search_id%3D202608010033093DD48AB31D016F286K16%26src%3Dsearch","4.9","Jakarta Timur","9588168","Riski Jaya Bawang","3","https://www.tokopedia.com/riskijayabawang","10rb+ terjual","https://www.tokopedia.com/search?q=bawang%20goreng%20murni&st=product","Bawang Goreng Murni 1 kg - Bahan Rempah Kualitas Tinggi"
"Kab. Sukoharjo","https://p16-images-comn-sg.tokopedia-static.net/tos-alisg-i-zr7vqa5nfb-sg/img/goldmerchant/pm_activation/badge/Power%20Merchant%20Pro.png~tplv-zr7vqa5nfb-image.image","makanan-minuman/makanan-kering/bawang-goreng","35","Makanan & Minuman","0","2026-08-01T00:33:10.192Z","https://p16-images-sign-sg.tokopedia-static.net/tos-alisg-i-aphluv4xwc-sg/e5a2abae50774f2b807975067795d979~tplv-aphluv4xwc-white-pad-v1:300:300.jpeg?lk3s=97278606&x-expires=1785547989&x-signature=5NuFWVlpYAZMqbYDldeMQgrIVtY%3D&x-signature-webp=Syen0jcg6wpvM%2BxkleSpGn%2FU9BM%3D","false","false","bawang goreng murni",,"1","14","Rp47.000","47000","100096525545","https://www.tokopedia.com/omg-kuliner-shop-bawang-goreng/premium-bawang-goreng-original-200gram-murni-tanpa-tepung-toples-brebes-1729769325703628782?extParam=ivf%3Dfalse%26keyword%3Dbawang+goreng+murni%26search_id%3D202608010033093DD48AB31D016F286K16%26src%3Dsearch","4.9","Kab. Sukoharjo","7494859155377589230","OMG KULINER Shop BAWANG GORENG","3","https://www.tokopedia.com/omg-kuliner-shop-bawang-goreng","250+ terjual","https://www.tokopedia.com/search?q=bawang%20goreng%20murni&st=product","(PREMIUM ) BAWANG GORENG ORIGINAL (200gram) murni tanpa tepung Toples brebes"
"Kab. Sukoharjo","https://p16-images-comn-sg.tokopedia-static.net/tos-alisg-i-zr7vqa5nfb-sg/img/goldmerchant/pm_activation/badge/Power%20Merchant%20Pro.png~tplv-zr7vqa5nfb-image.image","makanan-minuman/makanan-kering/bawang-goreng","35","Makanan & Minuman","0","2026-08-01T00:33:10.192Z","https://p16-images-sign-sg.tokopedia-static.net/tos-alisg-i-aphluv4xwc-sg/97d40edd7cde489e93c078645332cef4~tplv-aphluv4xwc-white-pad-v1:300:300.jpeg?lk3s=97278606&x-expires=1785547989&x-signature=CCu499rFISiZVg%2BYrChiKec7X8Y%3D&x-signature-webp=5qOJBhJ9d5%2BW2vYfZnrpIpNSisA%3D","false","false","bawang goreng murni",,"1","15","Rp58.950","58950","100096175625","https://www.tokopedia.com/omg-kuliner-shop-bawang-goreng/super-premium-bawang-merah-goreng-300-200-100-gram-murni-tanpa-tepung-original-tawangmangu-1729747277677299694?extParam=ivf%3Dfalse%26keyword%3Dbawang+goreng+murni%26search_id%3D202608010033093DD48AB31D016F286K16%26src%3Dsearch","4.9","Kab. Sukoharjo","7494859155377589230","OMG KULINER Shop BAWANG GORENG","3","https://www.tokopedia.com/omg-kuliner-shop-bawang-goreng","6rb+ terjual","https://www.tokopedia.com/search?q=bawang%20goreng%20murni&st=product","[SUPER PREMIUM] BAWANG MERAH GORENG 300/200/100 gram | Murni Tanpa Tepung Original (Tawangmangu)"
"Jakarta Selatan","https://p16-images-comn-sg.tokopedia-static.net/tos-alisg-i-zr7vqa5nfb-sg/img/goldmerchant/pm_activation/badge/Power%20Merchant%20Pro.png~tplv-zr7vqa5nfb-image.image","makanan-minuman/makanan-kering/bawang-goreng","35","Makanan & Minuman","0","2026-08-01T00:33:10.192Z","https://p16-images-common-sign-sg.tokopedia-static.net/tos-maliva-i-o3syd03w52-us/235974b38ee94615b8b749f6b2234c76~tplv-o3syd03w52-resize-jpeg:300:300.jpeg?lk3s=97278606&x-expires=1785547989&x-signature=7azb8MmZUazPHvN0jqRbqrwfEYA%3D&x-signature-webp=CyiSgSlDyz0WzBOmPjTlZFGa5AY%3D","false","false","bawang goreng murni",,"1","16","Rp24.700","24700","102146293519","https://www.tokopedia.com/dendengindud/bawang-merah-goreng-indud-premium-murni-100-60-gram-1729566818989214536?extParam=ivf%3Dfalse%26keyword%3Dbawang+goreng+murni%26search_id%3D202608010033093DD48AB31D016F286K16%26src%3Dsearch","4.9","Jakarta Selatan","2019451","Dendeng Crispy Indud","3","https://www.tokopedia.com/dendengindud","250+ terjual","https://www.tokopedia.com/search?q=bawang%20goreng%20murni&st=product","Bawang Merah Goreng Indud Premium Murni 100% [60 Gram]"
"Kab. Tangerang","https://p16-images-comn-sg.tokopedia-static.net/tos-alisg-i-zr7vqa5nfb-sg/img/goldmerchant/pm_activation/badge/Power%20Merchant%20Pro.png~tplv-zr7vqa5nfb-image.image","makanan-minuman/makanan-kering/bawang-goreng","35","Makanan & Minuman","0","2026-08-01T00:33:10.192Z","https://p16-images-sign-sg.tokopedia-static.net/tos-alisg-i-aphluv4xwc-sg/img/VqbcmM/2023/8/12/99adf1b8-d341-41ed-954d-630b6ca9dfad.jpg~tplv-aphluv4xwc-white-pad-v1:300:300.jpeg?lk3s=97278606&x-expires=1785547989&x-signature=4cm%2FM19VdUrrYW317rnLI52gkU0%3D&x-signature-webp=lWLmUY5SPTWNN0sTq5kiO8%2Fc0z4%3D","false","false","bawang goreng murni",,"1","17","Rp65.500","65500","102369522528","https://www.tokopedia.com/toko-rk-tangerang/bawang-merah-goreng-1-kg-murni-tampa-campuran-bahan-spices-rempah-pedas-bubuk-terbaik-untuk-hasil-sempurna-rasa-gurih-renyah-1732268104915322318?extParam=ivf%3Dfalse%26keyword%3Dbawang+goreng+murni%26search_id%3D202608010033093DD48AB31D016F286K16%26src%3Dsearch","4.8","Kab. Tangerang","16211154","toko rk tangerang","3","https://www.tokopedia.com/toko-rk-tangerang","100+ terjual","https://www.tokopedia.com/search?q=bawang%20goreng%20murni&st=product","Bawang Merah Goreng 1 kg Murni Tampa campuran Bahan Spices Rempah Pedas Bubuk Terbaik Untuk Hasil Sempurna Rasa Gurih Renyah"
"Bekasi","https://p16-images-comn-sg.tokopedia-static.net/tos-alisg-i-zr7vqa5nfb-sg/img/goldmerchant/pm_activation/badge/Power%20Merchant%20Pro.png~tplv-zr7vqa5nfb-image.image","makanan-minuman/bumbu-bahan-masakan/santan","35","Makanan & Minuman","0","2026-08-01T00:33:10.192Z","https://p16-images-sign-sg.tokopedia-static.net/tos-alisg-i-aphluv4xwc-sg/fcd86366ac0f46eca16aac260117fbe8~tplv-aphluv4xwc-white-pad-v1:300:300.jpeg?lk3s=97278606&x-expires=1785547989&x-signature=elp5DeFW49Yt6T0YNIcMrYYoZrI%3D&x-signature-webp=%2BBQIwIBD0Xjgj4E%2Fnwtm72bC8HQ%3D","false","false","bawang goreng murni","Rp38.000","1","18","Rp28.900","28900","103400817688","https://www.tokopedia.com/departemen-ikan-asin/bawang-goreng-murni-premium-200-g-1735346731130258449-1735692221681665041?extParam=ivf%3Dfalse%26keyword%3Dbawang+goreng+murni%26search_id%3D202608010033093DD48AB31D016F286K16%26src%3Dsearch","4.8","Bekasi","7494970082358167569","DEPARTEMEN IKAN ASIN","3","https://www.tokopedia.com/departemen-ikan-asin","100+ terjual","https://www.tokopedia.com/search?q=bawang%20goreng%20murni&st=product","Bawang goreng premium murni"
"Kab. Sukoharjo","https://p16-images-comn-sg.tokopedia-static.net/tos-alisg-i-zr7vqa5nfb-sg/img/goldmerchant/pm_activation/badge/Power%20Merchant%20Pro.png~tplv-zr7vqa5nfb-image.image","makanan-minuman/makanan-kering/bawang-goreng","35","Makanan & Minuman","0","2026-08-01T00:33:10.192Z","https://p16-images-sign-sg.tokopedia-static.net/tos-alisg-i-aphluv4xwc-sg/e963f25800904f07b36d64008c18afb7~tplv-aphluv4xwc-white-pad-v1:300:300.jpeg?lk3s=97278606&x-expires=1785547989&x-signature=kHNq99QN26sjUzWDvklYGLINOjU%3D&x-signature-webp=qhDyspL7%2FHoi%2FzM6vVLtYXJyrDM%3D","false","false","bawang goreng murni",,"1","19","Rp40.000","40000","102125322385","https://www.tokopedia.com/omg-kuliner-shop-bawang-goreng/200-gr-pouch-bawang-putih-goreng-kating-super-murni-tanpa-campuran-tepung-1732256073418377198?extParam=ivf%3Dfalse%26keyword%3Dbawang+goreng+murni%26search_id%3D202608010033093DD48AB31D016F286K16%26src%3Dsearch","4.8","Kab. Sukoharjo","7494859155377589230","OMG KULINER Shop BAWANG GORENG","3","https://www.tokopedia.com/omg-kuliner-shop-bawang-goreng","40+ terjual","https://www.tokopedia.com/search?q=bawang%20goreng%20murni&st=product","200 gr/Pouch | Bawang Putih goreng kating super murni tanpa campuran tepung"
"Surabaya","https://p16-images-comn-sg.tokopedia-static.net/tos-alisg-i-zr7vqa5nfb-sg/img/goldmerchant/pm_activation/badge/Power%20Merchant%20Pro.png~tplv-zr7vqa5nfb-image.image","makanan-minuman/makanan-kering/kerupuk","35","Makanan & Minuman","0","2026-08-01T00:33:10.192Z","https://p19-images-sign-sg.tokopedia-static.net/tos-alisg-i-aphluv4xwc-sg/7e05cc1ceb114fe68bc16d7dc0838071~tplv-aphluv4xwc-white-pad-v1:300:300.jpeg?lk3s=97278606&x-expires=1785547989&x-signature=0Te%2FSzcS7ogcBTka2L2%2BYe5By94%3D&x-signature-webp=OZXNO8qz1q1g13FYpDI7fcJ3vg4%3D","false","false","bawang goreng murni","Rp23.000","1","20","Rp22.500","22500","102580828630","https://www.tokopedia.com/cvunion77/bawang-merah-goreng-bawang-putih-kating-cincang-goreng-murni-tanpa-tepung-tanpa-campuran-siap-makan-by-bumbu-wilona-1733266798816429391?extParam=ivf%3Dfalse%26keyword%3Dbawang+goreng+murni%26search_id%3D202608010033093DD48AB31D016F286K16%26src%3Dsearch","4.8","Surabaya","7318658","BUMBU WILONA","3","https://www.tokopedia.com/cvunion77","100+ terjual","https://www.tokopedia.com/search?q=bawang%20goreng%20murni&st=product","BAWANG MERAH GORENG | BAWANG PUTIH KATING CINCANG GORENG | MURNI TANPA TEPUNG TANPA CAMPURAN | SIAP MAKAN BY BUMBU WILONA"
"Kab. Sukoharjo","https://p16-images-comn-sg.tokopedia-static.net/tos-alisg-i-zr7vqa5nfb-sg/img/goldmerchant/pm_activation/badge/Power%20Merchant%20Pro.png~tplv-zr7vqa5nfb-image.image","makanan-minuman/makanan-kering/bawang-goreng","35","Makanan & Minuman","0","2026-08-01T00:33:10.192Z","https://p16-images-sign-sg.tokopedia-static.net/tos-alisg-i-aphluv4xwc-sg/a0eaa378cc6b4260907b6e868a2bac12~tplv-aphluv4xwc-white-pad-v1:300:300.jpeg?lk3s=97278606&x-expires=1785547989&x-signature=2%2B%2FquMCE6kKB075qrmnTR9accjg%3D&x-signature-webp=OXy7lxNBDANoFHekdtOH2c%2BpbH4%3D","false","false","bawang goreng murni",,"1","21","Rp62.000","62000","100096523553","https://www.tokopedia.com/omg-kuliner-shop-bawang-goreng/premium-bawang-merah-goreng-300-gr-berat-bersih-murni-tanpa-tepung-tanpa-campuran-brebes-1729745542392809454?extParam=ivf%3Dfalse%26keyword%3Dbawang+goreng+murni%26search_id%3D202608010033093DD48AB31D016F286K16%26src%3Dsearch","4.8","Kab. Sukoharjo","7494859155377589230","OMG KULINER Shop BAWANG GORENG","3","https://www.tokopedia.com/omg-kuliner-shop-bawang-goreng","100+ terjual","https://www.tokopedia.com/search?q=bawang%20goreng%20murni&st=product","[PREMIUM] bawang merah goreng 300 gr berat bersih | murni tanpa tepung, tanpa campuran (brebes)"
"Kab. Bogor",,,"0",,"0","2026-08-01T00:33:10.192Z","https://p16-images-common-sign-sg.tokopedia-static.net/tos-maliva-i-o3syd03w52-us/9cb65cba19874bf786df350c7c942d6f~tplv-o3syd03w52-resize-jpeg:300:300.jpeg?lk3s=97278606&x-expires=1785547989&x-signature=ZIw6zhK1Hg1lju25bN2d%2Bms8CKM%3D&x-signature-webp=MLT%2FzYYZV%2B5sQw6hCiYuq9OFjnU%3D","false","false","bawang goreng murni",,"1","22","Rp40.000","40000","100378124031","https://www.tokopedia.com/setiahome/bawang-goreng-bawang-murni-tanpa-campuran-tepung-organik-bebas-gula-alami-1729576383244634902?extParam=ivf%3Dfalse%26keyword%3Dbawang+goreng+murni%26search_id%3D202608010033093DD48AB31D016F286K16%26src%3Dsearch","4.4","Kab. Bogor","7494864449410665238","SetiaHome","1","https://www.tokopedia.com/setiahome","30+ terjual","https://www.tokopedia.com/search?q=bawang%20goreng%20murni&st=product","Bawang goreng  Bawang murni tanpa campuran tepung Organik Bebas gula Alami"
"Kab. Kediri","https://p16-images-comn-sg.tokopedia-static.net/tos-alisg-i-zr7vqa5nfb-sg/img/goldmerchant/pm_activation/badge/Power%20Merchant%20Pro.png~tplv-zr7vqa5nfb-image.image","makanan-minuman/bumbu-bahan-masakan/bawang","35","Makanan & Minuman","0","2026-08-01T00:33:10.192Z","https://p16-images-sign-sg.tokopedia-static.net/tos-alisg-i-aphluv4xwc-sg/9fd604e3cfcb435cbb39abb158b68eff~tplv-aphluv4xwc-white-pad-v1:300:300.jpeg?lk3s=97278606&x-expires=1785547989&x-signature=5VrlpoaPcJqfOFHLF7rG0v%2FSKns%3D&x-signature-webp=B8HVecfJU3%2F4mRVbpOFoQrfVpDY%3D","false","false","bawang goreng murni",,"1","23","Rp16.999","16999","103416063495","https://www.tokopedia.com/dhohostore/bawang-putih-goreng-bawang-goreng-100-gram-1735104819780879410-1735769565699540018?extParam=ivf%3Dfalse%26keyword%3Dbawang+goreng+murni%26search_id%3D202608010033093DD48AB31D016F286K16%26src%3Dsearch","4.5","Kab. Kediri","1230170","DHOHO KEDIRI AG1","3","https://www.tokopedia.com/dhohostore","8 terjual","https://www.tokopedia.com/search?q=bawang%20goreng%20murni&st=product","BAWANG PUTIH GORENG MURNI TANPA CAMPURAN  Kecombrang"
"Kab. Kediri","https://p16-images-comn-sg.tokopedia-static.net/tos-alisg-i-zr7vqa5nfb-sg/img/goldmerchant/pm_activation/badge/Power%20Merchant%20Pro.png~tplv-zr7vqa5nfb-image.image","olahraga/alat-pancing/umpan-pancing","62","Olahraga","0","2026-08-01T00:33:10.192Z","https://p16-images-sign-sg.tokopedia-static.net/tos-alisg-i-aphluv4xwc-sg/f796c281c4a9497694bf214ee5ba6256~tplv-aphluv4xwc-white-pad-v1:300:300.jpeg?lk3s=97278606&x-expires=1785547989&x-signature=a2HGlnizIuJoO8byahkRrR0tejA%3D&x-signature-webp=fogGHTIsxznS3oK39RO8h83XPjc%3D","false","false","bawang goreng murni",,"1","24","Rp53.000","53000","100260107589","https://www.tokopedia.com/garuda0101/essen-biang-bawang-goreng-murni-garuda-umpan-ikan-mas-lele-patin-mujair-bawal-galatama-lomba-1729823184272655576?extParam=ivf%3Dfalse%26keyword%3Dbawang+goreng+murni%26search_id%3D202608010033093DD48AB31D016F286K16%26src%3Dsearch",,"Kab. Kediri","14854056","GARUDA0101","3","https://www.tokopedia.com/garuda0101","1 terjual","https://www.tokopedia.com/search?q=bawang%20goreng%20murni&st=product","Essen Biang Bawang Goreng Murni GARUDA Umpan Ikan Mas Lele Patin Mujair Bawal Galatama Lomba"
"Kab. Tulungagung","https://p16-images-comn-sg.tokopedia-static.net/tos-alisg-i-zr7vqa5nfb-sg/img/goldmerchant/pm_activation/badge/Power%20Merchant%20Pro.png~tplv-zr7vqa5nfb-image.image","makanan-minuman/makanan-kering/bawang-goreng","35","Makanan & Minuman","0","2026-08-01T00:33:10.192Z","https://p16-images-common-sign-sg.tokopedia-static.net/tos-maliva-i-o3syd03w52-us/374104f6e0784ad08c9d47bdb160f92f~tplv-o3syd03w52-resize-jpeg:300:300.jpeg?lk3s=97278606&x-expires=1785547989&x-signature=sFY%2B0viT2bG9b7Z7ZsTlXNDezMY%3D&x-signature-webp=2IOwidKpgh9n2P%2Bq4uzLYnc8Cls%3D","false","false","bawang goreng murni",,"1","25","Rp45.000","45000","100032806828","https://www.tokopedia.com/nadya-star/bawang-goreng-merah-murni-tanpa-campuran-tepung-1729603628703451607?extParam=ivf%3Dfalse%26keyword%3Dbawang+goreng+murni%26search_id%3D202608010033093DD48AB31D016F286K16%26src%3Dsearch","4.2","Kab. Tulungagung","7494786443931781591","NADYA STAR","3","https://www.tokopedia.com/nadya-star","25 terjual","https://www.tokopedia.com/search?q=bawang%20goreng%20murni&st=product","Bawang Goreng merah Murni tanpa campuran tepung"
"Kab. Bojonegoro",,"makanan-minuman/makanan-kering/bawang-goreng","35","Makanan & Minuman","0","2026-08-01T00:33:10.192Z","https://p19-images-common-sign-sg.tokopedia-static.net/tos-maliva-i-o3syd03w52-us/3c3299b6b21d4a23ab8af97200ec083c~tplv-o3syd03w52-resize-jpeg:300:300.jpeg?lk3s=97278606&x-expires=1785547989&x-signature=2PZ0j3MlQmFMnowfrxm80NA6vSQ%3D&x-signature-webp=TjsLMrXgu16VKuk3qVouVP%2BIQgI%3D","false","false","bawang goreng murni",,"1","26","Rp35.000","35000","100543772865","https://www.tokopedia.com/sakosmetik/bawang-goreng-brambang-goreng-murni-campur-tepung-1729579092682377796?extParam=ivf%3Dfalse%26keyword%3Dbawang+goreng+murni%26search_id%3D202608010033093DD48AB31D016F286K16%26src%3Dsearch","5","Kab. Bojonegoro","7494876974957365828","SA.kosmetik","1","https://www.tokopedia.com/sakosmetik","30+ terjual","https://www.tokopedia.com/search?q=bawang%20goreng%20murni&st=product","BAWANG GORENG BRAMBANG GORENG MURNI CAMPUR TEPUNG"
"Kab. Garut",,"makanan-minuman/makanan-jadi/makanan-instan-kaleng","35","Makanan & Minuman","0","2026-08-01T00:33:10.192Z","https://p19-images-sign-sg.tokopedia-static.net/tos-alisg-i-aphluv4xwc-sg/3f51794c50874d6e865c71860cb00763~tplv-aphluv4xwc-white-pad-v1:300:300.jpeg?lk3s=97278606&x-expires=1785547989&x-signature=y0stkGGpdltKijhYZ45MzfEvTcY%3D&x-signature-webp=1ijCG0eq6l%2BidoJ9rvpUlhniZ6U%3D","false","false","bawang goreng murni","Rp40.000","1","27","Rp33.660","33660","100540512155","https://www.tokopedia.com/cabaw-maeuis/bawang-goreng-asli-premium-cabaw-ma-euis-murni-tanpa-tepung-original-gurih-dan-renyah-pedas-level-1-50-gram-1730363962513720660?extParam=ivf%3Dfalse%26keyword%3Dbawang+goreng+murni%26search_id%3D202608010033093DD48AB31D016F286K16%26src%3Dsearch","5","Kab. Garut","7495977200753543508","Cabaw maeuis","1","https://www.tokopedia.com/cabaw-maeuis","5 terjual","https://www.tokopedia.com/search?q=bawang%20goreng%20murni&st=product","Bawang Goreng Asli Premium CABAW MA EUIS | Murni Tanpa Tepung, Original Gurih dan Renyah Pedas Level 1 (50 GRAM)"
"Kab. Garut",,"makanan-minuman/makanan-kering/bawang-goreng","35","Makanan & Minuman","0","2026-08-01T00:33:10.192Z","https://p16-images-sign-sg.tokopedia-static.net/tos-alisg-i-aphluv4xwc-sg/3b21c0b3e8eb49869972e6493e84d01c~tplv-aphluv4xwc-white-pad-v1:300:300.jpeg?lk3s=97278606&x-expires=1785547989&x-signature=Yo4HRk7H5Ofnq0yRrN3NuIgDgzo%3D&x-signature-webp=7jJFYZERiiHj2JL0bvwlaJFJY9E%3D","false","false","bawang goreng murni",,"1","28","Rp65.000","65000","100540164472","https://www.tokopedia.com/cabaw-maeuis/bawang-goreng-asli-premium-cabaw-ma-euis-murni-tanpa-tepung-original-gurih-dan-renyah-pedas-level-3-100-gram-1730371248301966676?extParam=ivf%3Dfalse%26keyword%3Dbawang+goreng+murni%26search_id%3D202608010033093DD48AB31D016F286K16%26src%3Dsearch","5","Kab. Garut","7495977200753543508","Cabaw maeuis","1","https://www.tokopedia.com/cabaw-maeuis","8 terjual","https://www.tokopedia.com/search?q=bawang%20goreng%20murni&st=product","Bawang Goreng Asli Premium CABAW MA EUIS | Murni Tanpa Tepung, Original Gurih dan Renyah Pedas Level 3 (100 GRAM)"
"Medan",,"makanan-minuman/makanan-kering/bawang-goreng","35","Makanan & Minuman","0","2026-08-01T00:33:10.192Z","https://p16-images-sign-sg.tokopedia-static.net/tos-alisg-i-aphluv4xwc-sg/364a9876d9d54cb78762422eceb44684~tplv-aphluv4xwc-white-pad-v1:300:300.jpeg?lk3s=97278606&x-expires=1785547989&x-signature=gp%2BgJ69vmrytKZXrLsnHGrpeFfE%3D&x-signature-webp=iwPdKX7Rw7MUWsi%2BoZhHbCg7Et8%3D","false","false","bawang goreng murni","Rp32.500","1","29","Rp30.225","30225","103479788209","https://www.tokopedia.com/bawangku-medan/cod-bawang-goreng-samosir-murni-100-asli-tanpa-campuran-garansi-uang-kembali-1736052242690049904-1736052336808593264?extParam=ivf%3Dfalse%26keyword%3Dbawang+goreng+murni%26search_id%3D202608010033093DD48AB31D016F286K16%26src%3Dsearch","5","Medan","7495199737988549488","Bawangku medan","1","https://www.tokopedia.com/bawangku-medan","5 terjual","https://www.tokopedia.com/search?q=bawang%20goreng%20murni&st=product","(COD)(INSTANT) Bawang Goreng 100% MURNI ASLI TANPA CAMPURAN - Bawang Goreng Samosir VIRAL"
"Kab. Kuningan",,"makanan-minuman/makanan-kering/bawang-goreng","35","Makanan & Minuman","0","2026-08-01T00:33:10.192Z","https://p19-images-sign-sg.tokopedia-static.net/tos-alisg-i-aphluv4xwc-sg/046b90ff3c2e46b28e777aa22b65ebba~tplv-aphluv4xwc-white-pad-v1:300:300.jpeg?lk3s=97278606&x-expires=1785547989&x-signature=UBzYdlbqGCbk%2BYx%2FVOt1cQ3%2FcNA%3D&x-signature-webp=abHbDn6QJiY1GcajGJlzNp%2FWjSc%3D","false","false","bawang goreng murni",,"1","30","Rp47.500","47500","100357401394","https://www.tokopedia.com/kahhij-food/bawang-goreng-premium-180g-100-murni-bawang-merah-1729631010980922618?extParam=ivf%3Dfalse%26keyword%3Dbawang+goreng+murni%26search_id%3D202608010033093DD48AB31D016F286K16%26src%3Dsearch","5","Kab. Kuningan","7495005823576213754","Kahhij Food","1","https://www.tokopedia.com/kahhij-food","1 terjual","https://www.tokopedia.com/search?q=bawang%20goreng%20murni&st=product","Bawang Goreng Premium 180g 100% murni bawang merah"
"Jakarta Barat",,"makanan-minuman/makanan-ringan/keripik","35","Makanan & Minuman","0","2026-08-01T00:33:10.192Z","https://p16-images-sign-sg.tokopedia-static.net/tos-alisg-i-aphluv4xwc-sg/img/product-1/2018/1/15/0/0_5f8909c4-6681-4a45-a9de-844a749b6d9f_459_320.jpg~tplv-aphluv4xwc-white-pad-v1:300:300.jpeg?lk3s=97278606&x-expires=1785547989&x-signature=x0gELePtWGKsVHxKywbeygMEios%3D&x-signature-webp=LeiGHInGWgr4CeE0Bn6l2WBQnCo%3D","false","false","bawang goreng murni",,"1","31","Rp65.000","65000","251864175","https://www.tokopedia.com/haocuan88/bawang-merah-goreng-murni-tanpa-tepung-halal-home-made-murah-gojek?extParam=ivf%3Dfalse%26keyword%3Dbawang+goreng+murni%26search_id%3D202608010033093DD48AB31D016F286K16%26src%3Dsearch","5","Jakarta Barat","1221990","HaoCuan88","1","https://www.tokopedia.com/haocuan88","6 terjual","https://www.tokopedia.com/search?q=bawang%20goreng%20murni&st=product","BAWANG MERAH GORENG MURNI TANPA TEPUNG HALAL HOME MADE MURAH GOJEK"
"Kab. Tegal",,"makanan-minuman/makanan-kering/bawang-goreng","35","Makanan & Minuman","0","2026-08-01T00:33:10.192Z","https://p19-images-sign-sg.tokopedia-static.net/tos-alisg-i-aphluv4xwc-sg/img/VqbcmM/2025/1/23/0badc532-1f63-4a58-b55d-3ec9cef58306.png~tplv-aphluv4xwc-white-pad-v1:300:300.jpeg?lk3s=97278606&x-expires=1785547989&x-signature=1xaC4HaoomU%2BLYRckF3Rwgsw368%3D&x-signature-webp=0L7ghNoWPWTeCn1SWrQQjx4LgW4%3D","false","false","bawang goreng murni",,"1","32","Rp89.500","89500","16110103779","https://www.tokopedia.com/nyaiwidji/bawang-goreng-nyai-widji-1000ml-200gr-kriuk-100-bawang-murni-premium-1730812889229853833?extParam=ivf%3Dfalse%26keyword%3Dbawang+goreng+murni%26search_id%3D202608010033093DD48AB31D016F286K16%26src%3Dsearch","5","Kab. Tegal","18156492","Nyai Widji","1","https://www.tokopedia.com/nyaiwidji","19 terjual","https://www.tokopedia.com/search?q=bawang%20goreng%20murni&st=product","Bawang Goreng Nyai Widji [1000ml - 200gr] KRIUK 100% Bawang Murni Premium"
"Kab. Boyolali",,"makanan-minuman/makanan-kering/bawang-goreng","35","Makanan & Minuman","0","2026-08-01T00:33:10.192Z","https://p16-images-sign-sg.tokopedia-static.net/tos-alisg-i-aphluv4xwc-sg/c26b660e0c4744cdb8d95139fc3df3eb~tplv-aphluv4xwc-white-pad-v1:300:300.jpeg?lk3s=97278606&x-expires=1785547989&x-signature=f%2BYPqyPLvBAzlP%2FXP2m9VeIrX1A%3D&x-signature-webp=eZ7RK%2FwKzg%2F%2BHY2ZEEJkFOnVwGA%3D","false","false","bawang goreng murni",,"1","33","Rp88.000","88000","100075253247","https://www.tokopedia.com/cahaya-bawang-goreng/bawang-goreng-250-gram-premium-renyah-bawang-merah-100-murni-tanpa-campuran-tepung-penyedap-rasa-makanan-1729616589757580715?extParam=ivf%3Dfalse%26keyword%3Dbawang+goreng+murni%26search_id%3D202608010033093DD48AB31D016F286K16%26src%3Dsearch","5","Kab. Boyolali","7495745911835560363","Cahaya bawang goreng","1","https://www.tokopedia.com/cahaya-bawang-goreng","3 terjual","https://www.tokopedia.com/search?q=bawang%20goreng%20murni&st=product","Bawang Goreng  250 gram Premium Renyah  Bawang Merah 100% Murni Tanpa Campuran Tepung Penyedap Rasa Makanan"
"Kab. Malang",,"makanan-minuman/makanan-kering/bawang-goreng","35","Makanan & Minuman","0","2026-08-01T00:33:10.192Z","https://p16-images-sign-sg.tokopedia-static.net/tos-alisg-i-aphluv4xwc-sg/67581a36360d45558133731c843b8e40~tplv-aphluv4xwc-white-pad-v1:300:300.jpeg?lk3s=97278606&x-expires=1785547989&x-signature=pIQZ%2BrZDVcyih1R5ONoeMjSZ5KY%3D&x-signature-webp=CeWyfmDiWzKx4DxCHxMtYyCvFnE%3D","false","false","bawang goreng murni",,"1","34","Rp51.000","51000","100535478713","https://www.tokopedia.com/kepo-snack1/kepo-snack-bawang-goreng-probolinggo-100-murni-tanpa-campuran-1729735979071145134?extParam=ivf%3Dfalse%26keyword%3Dbawang+goreng+murni%26search_id%3D202608010033093DD48AB31D016F286K16%26src%3Dsearch","5","Kab. Malang","7495740407958374574","kepo snack1","1","https://www.tokopedia.com/kepo-snack1","5 terjual","https://www.tokopedia.com/search?q=bawang%20goreng%20murni&st=product","Kepo Snack - Bawang Goreng Probolinggo 100% Murni Tanpa Campuran"
"Depok",,"makanan-minuman/makanan-kering/bawang-goreng","35","Makanan & Minuman","0","2026-08-01T00:33:10.192Z","https://p16-images-common-sign-sg.tokopedia-static.net/tos-maliva-i-o3syd03w52-us/88cfd107608a460a8d7dbc3e669fd69f~tplv-o3syd03w52-resize-jpeg:300:300.jpeg?lk3s=97278606&x-expires=1785547989&x-signature=ZmQiexIWo4HfY5y4Cn07zr711hA%3D&x-signature-webp=Yjxs2TxR5XTBiBE%2F9C%2BbQBTDuZM%3D","false","false","bawang goreng murni",,"1","35","Rp38.000","38000","100345606924","https://www.tokopedia.com/bawanggoreng10-986/bawang-putih-goreng-toples-asli-murni-tanpa-campuran-kemasan-120gr-200gr-220gr-1729604903264553605?extParam=ivf%3Dfalse%26keyword%3Dbawang+goreng+murni%26search_id%3D202608010033093DD48AB31D016F286K16%26src%3Dsearch","5","Depok","7494914252273191557","Bawanggoreng10","1","https://www.tokopedia.com/bawanggoreng10-986","30+ terjual","https://www.tokopedia.com/search?q=bawang%20goreng%20murni&st=product","Bawang Putih Goreng Toples Asli Murni Tanpa Campuran Kemasan 120gr , 200gr , 220gr"
"Kab. Tulungagung",,"makanan-minuman/makanan-kering/bawang-goreng","35","Makanan & Minuman","0","2026-08-01T00:33:10.192Z","https://p16-images-sign-sg.tokopedia-static.net/tos-alisg-i-aphluv4xwc-sg/2b1be7dcac3e4482af694ec14573a8be~tplv-aphluv4xwc-white-pad-v1:300:300.jpeg?lk3s=97278606&x-expires=1785547989&x-signature=F3dZpHcqdjpxKygIsALtrsJ30jg%3D&x-signature-webp=N3fDEYOIs8nYXKZXR5mvgc5fHLs%3D","false","false","bawang goreng murni",,"1","36","Rp53.000","53000","100557210346","https://www.tokopedia.com/wanggor-cahaya-murni/premium-bawang-merah-goreng-murni-tanpa-tepung-750-ml-kemasan-toples-1730876078484260280?extParam=ivf%3Dfalse%26keyword%3Dbawang+goreng+murni%26search_id%3D202608010033093DD48AB31D016F286K16%26src%3Dsearch","5","Kab. Tulungagung","7494964832031246776","Wanggor Cahaya Murni","1","https://www.tokopedia.com/wanggor-cahaya-murni","9 terjual","https://www.tokopedia.com/search?q=bawang%20goreng%20murni&st=product","[PREMIUM] BAWANG MERAH GORENG MURNI TANPA TEPUNG 750 ml - KEMASAN TOPLES"
"Kab. Garut",,"makanan-minuman/makanan-kering/bawang-goreng","35","Makanan & Minuman","0","2026-08-01T00:33:10.192Z","https://p16-images-sign-sg.tokopedia-static.net/tos-alisg-i-aphluv4xwc-sg/5eabcad87c68466a88fd7eb8bd4896f1~tplv-aphluv4xwc-white-pad-v1:300:300.jpeg?lk3s=97278606&x-expires=1785547989&x-signature=318yxMZITsG1Z8B5N6Bkdwc1%2B90%3D&x-signature-webp=3l72FtmDEPVJ7%2BemY2ZVSpEzkaY%3D","false","false","bawang goreng murni",,"1","37","Rp40.000","40000","100540507791","https://www.tokopedia.com/cabaw-maeuis/bawang-goreng-asli-premium-cabaw-ma-euis-murni-tanpa-tepung-original-gurih-dan-renyah-pedas-level-3-50-gram-1730371223045702996?extParam=ivf%3Dfalse%26keyword%3Dbawang+goreng+murni%26search_id%3D202608010033093DD48AB31D016F286K16%26src%3Dsearch","5","Kab. Garut","7495977200753543508","Cabaw maeuis","1","https://www.tokopedia.com/cabaw-maeuis","6 terjual","https://www.tokopedia.com/search?q=bawang%20goreng%20murni&st=product","Bawang Goreng Asli Premium CABAW MA EUIS | Murni Tanpa Tepung, Original Gurih dan Renyah Pedas Level 3 (50 GRAM)"
"Kab. Banyuwangi",,"makanan-minuman/makanan-kering/bawang-goreng","35","Makanan & Minuman","0","2026-08-01T00:33:10.192Z","https://p16-images-sign-sg.tokopedia-static.net/tos-alisg-i-aphluv4xwc-sg/99d6d8087f7d4a96af88e388a4eb79e0~tplv-aphluv4xwc-white-pad-v1:300:300.jpeg?lk3s=97278606&x-expires=1785547989&x-signature=USIls66NnrvMsSFRZqgrJkQs3Ig%3D&x-signature-webp=rpHvnRkMfFljKZazv1j4%2F3Iwb6A%3D","false","false","bawang goreng murni",,"1","38","Rp16.000","16000","100435825371","https://www.tokopedia.com/bagor-premium/bawang-goreng-murni-tanpa-campuran-1730865507855795288?extParam=ivf%3Dfalse%26keyword%3Dbawang+goreng+murni%26search_id%3D202608010033093DD48AB31D016F286K16%26src%3Dsearch","5","Kab. Banyuwangi","7496084340055246936","Bagor premium","1","https://www.tokopedia.com/bagor-premium","17 terjual","https://www.tokopedia.com/search?q=bawang%20goreng%20murni&st=product","bawang goreng murni tanpa campuran"
"Kab. Banyuwangi",,"makanan-minuman/makanan-kering/bawang-goreng","35","Makanan & Minuman","0","2026-08-01T00:33:10.192Z","https://p16-images-sign-sg.tokopedia-static.net/tos-alisg-i-aphluv4xwc-sg/d56dc7d0a2b24e64b3be326f23bbedac~tplv-aphluv4xwc-white-pad-v1:300:300.jpeg?lk3s=97278606&x-expires=1785547989&x-signature=kar0Rhca3nZ0Nr%2BNZhG6ONKK1sw%3D&x-signature-webp=fo%2F26070HwYC4Qb4HFc9FvF9wT8%3D","false","false","bawang goreng murni",,"1","39","Rp28.800","28800","100527540024","https://www.tokopedia.com/bagor-mama-gopek/bawang-goreng-premium-160g-murni-100-bawang-merah-1729703756210472824?extParam=ivf%3Dfalse%26keyword%3Dbawang+goreng+murni%26search_id%3D202608010033093DD48AB31D016F286K16%26src%3Dsearch","5","Kab. Banyuwangi","7494690171467697016","bagor mama gopek","1","https://www.tokopedia.com/bagor-mama-gopek","1 terjual","https://www.tokopedia.com/search?q=bawang%20goreng%20murni&st=product","BAWANG GORENG PREMIUM 160g murni 100% bawang merah"
"Depok",,"makanan-minuman/bumbu-bahan-masakan/bumbu-masak-instan","35","Makanan & Minuman","0","2026-08-01T00:33:10.192Z","https://p16-images-sign-sg.tokopedia-static.net/tos-alisg-i-aphluv4xwc-sg/5f4be3e6460e42529e58558b176b26e9~tplv-aphluv4xwc-white-pad-v1:300:300.jpeg?lk3s=97278606&x-expires=1785547989&x-signature=F%2F2lkVxHOFe6Xf3GFqPo%2FDyYNv0%3D&x-signature-webp=otw5%2FKRJmg5%2F%2FoJzHGfwZpxOiJg%3D","false","false","bawang goreng murni","Rp14.250","1","40","Rp13.538","13538","15348121316","https://www.tokopedia.com/anta-spice/bawang-putih-bubuk-white-garlic-powder?extParam=ivf%3Dfalse%26keyword%3Dbawang+goreng+murni%26search_id%3D202608010033093DD48AB31D016F286K16%26src%3Dsearch","5","Depok","17971165","Anta Spice","1","https://www.tokopedia.com/anta-spice","30+ terjual","https://www.tokopedia.com/search?q=bawang%20goreng%20murni&st=product","Bawang Putih Bubuk 40gr Garlic Powder Bubuk Bawang Putih Murni Bumbu Dapur Praktis Marinasi Ayam Nasi Goreng Tumisan Halal"
"Jakarta Timur",,"makanan-minuman/makanan-kering/bawang-goreng","35","Makanan & Minuman","0","2026-08-01T00:33:10.192Z","https://p19-images-sign-sg.tokopedia-static.net/tos-alisg-i-aphluv4xwc-sg/d75c01009dcf492a9edaec79cb1f52ad~tplv-aphluv4xwc-white-pad-v1:300:300.jpeg?lk3s=97278606&x-expires=1785547989&x-signature=vO3b17zGQl0hI6UoSn%2FLJBxje7Y%3D&x-signature-webp=JMhX46assO4Rm4x4br1iHc6gaJ8%3D","false","false","bawang goreng murni",,"1","41","Rp72.000","72000","102833641751","https://www.tokopedia.com/pnjng/bawang-goreng-brebes-murni-100-spices-1732695853822412633?extParam=ivf%3Dfalse%26keyword%3Dbawang+goreng+murni%26search_id%3D202608010033093DD48AB31D016F286K16%26src%3Dsearch","5","Jakarta Timur","6265430","Kartika bawang","1","https://www.tokopedia.com/pnjng","7 terjual","https://www.tokopedia.com/search?q=bawang%20goreng%20murni&st=product","Bawang Goreng BREBES MURNI 100% Spices"
"Jakarta Utara",,"makanan-minuman/makanan-kering/bawang-goreng","35","Makanan & Minuman","0","2026-08-01T00:33:10.192Z","https://p16-images-sign-sg.tokopedia-static.net/tos-alisg-i-aphluv4xwc-sg/a498b8cca1c74948ae4038b1a53c8294~tplv-aphluv4xwc-white-pad-v1:300:300.jpeg?lk3s=97278606&x-expires=1785547989&x-signature=nGOhRYBrmdWTFOFWPz%2FKj%2BlgNas%3D&x-signature-webp=emikids7i8OxdS%2FNvb5Gz5Cne0Y%3D","false","false","bawang goreng murni",,"1","42","Rp119.000","119000","100536575258","https://www.tokopedia.com/grosir8/paket-hemat-3-toples-bawang-goreng-premium-murni-grade-a-tanpa-campuran-tepung-tanpa-campuran-ubi-450gr-3-toples-tanpa-msg-spices-merah-1729627107927033274?extParam=ivf%3Dfalse%26keyword%3Dbawang+goreng+murni%26search_id%3D202608010033093DD48AB31D016F286K16%26src%3Dsearch","5","Jakarta Utara","7495340026638076346","GROSIR8_NEW","1","https://www.tokopedia.com/grosir8","6 terjual","https://www.tokopedia.com/search?q=bawang%20goreng%20murni&st=product","[PAKET HEMAT 3 TOPLES] Bawang Goreng PREMIUM Murni Grade A Tanpa Campuran Tepung & Tanpa Campuran Ubi 450gr (3 toples) Tanpa Msg Spices Merah"
"Kab. Wonogiri",,"makanan-minuman/makanan-kering/bawang-goreng","35","Makanan & Minuman","0","2026-08-01T00:33:10.192Z","https://p16-images-sign-sg.tokopedia-static.net/tos-alisg-i-aphluv4xwc-sg/1eb6d99ced994b0d983a115180122277~tplv-aphluv4xwc-white-pad-v1:300:300.jpeg?lk3s=97278606&x-expires=1785547989&x-signature=tb%2FKQw5WK7V3Z%2F%2FrC5pfIHlJFLs%3D&x-signature-webp=itFdMiqVaQVE%2B6QJb4trfSsLRDU%3D","false","false","bawang goreng murni",,"1","43","Rp25.000","25000","100392210061","https://www.tokopedia.com/kanestsnack/bawang-putih-goreng-original-tanpa-campuran-murni-bawang-kating-1731140262606898613?extParam=ivf%3Dfalse%26keyword%3Dbawang+goreng+murni%26search_id%3D202608010033093DD48AB31D016F286K16%26src%3Dsearch","5","Kab. Wonogiri","7494735493393779125","KanestSnack","1","https://www.tokopedia.com/kanestsnack","16 terjual","https://www.tokopedia.com/search?q=bawang%20goreng%20murni&st=product","BAWANG PUTIH GORENG ORIGINAL TANPA CAMPURAN MURNI BAWANG KATING"
"Kab. Probolinggo",,"makanan-minuman/makanan-kering/bawang-goreng","35","Makanan & Minuman","0","2026-08-01T00:33:10.192Z","https://p19-images-sign-sg.tokopedia-static.net/tos-alisg-i-aphluv4xwc-sg/697d35edb8884f4bbc1e2c0f06b67d26~tplv-aphluv4xwc-white-pad-v1:300:300.jpeg?lk3s=97278606&x-expires=1785547989&x-signature=%2F0%2BkD3EfXMl78YU4gYiE30i4GDg%3D&x-signature-webp=M1vM%2B1zGvg3co3eVrbqhIP%2Bthss%3D","false","false","bawang goreng murni",,"1","44","Rp50.000","50000","100569949201","https://www.tokopedia.com/mw-berkah/bawang-merah-goreng-probolingggo-murni-original-tanpa-tepung-dispiner-250-gram-1731580958126736783?extParam=ivf%3Dfalse%26keyword%3Dbawang+goreng+murni%26search_id%3D202608010033093DD48AB31D016F286K16%26src%3Dsearch","5","Kab. Probolinggo","7495477887631591823","MW BERKAH","1","https://www.tokopedia.com/mw-berkah","1 terjual","https://www.tokopedia.com/search?q=bawang%20goreng%20murni&st=product","BAWANG MERAH GORENG PROBOLINGGGO MURNI ORIGINAL TANPA TEPUNG DISPINER 250 Gram"
"Sukabumi",,"makanan-minuman/makanan-kering/bawang-goreng","35","Makanan & Minuman","0","2026-08-01T00:33:10.192Z","https://p16-images-sign-sg.tokopedia-static.net/tos-alisg-i-aphluv4xwc-sg/img/VqbcmM/2023/12/28/75dca862-fcd4-459a-be50-3d7538316fc8.png~tplv-aphluv4xwc-white-pad-v1:300:300.jpeg?lk3s=97278606&x-expires=1785547989&x-signature=LHpwwGrMr4FwHyjpTKH1l5Cr0TY%3D&x-signature-webp=3DncIN%2BNvlkEWtZZIxxO%2FgS4Jd4%3D","false","false","bawang goreng murni",,"1","45","Rp47.000","47000","12431255558","https://www.tokopedia.com/ratna-pantry/bawang-merah-goreng-sumenep-premium-murni-tanpa-tepung-non-msg-750ml?extParam=ivf%3Dfalse%26keyword%3Dbawang+goreng+murni%26search_id%3D202608010033093DD48AB31D016F286K16%26src%3Dsearch","5","Sukabumi","16873639","Rat.Na Pantry","1","https://www.tokopedia.com/ratna-pantry","8 terjual","https://www.tokopedia.com/search?q=bawang%20goreng%20murni&st=product","Bawang Merah Goreng Sumenep Premium Murni Tanpa Tepung Non MSG [750ml]"
"Surabaya",,"makanan-minuman/bumbu-bahan-masakan/minyak","35","Makanan & Minuman","0","2026-08-01T00:33:10.192Z","https://p19-images-sign-sg.tokopedia-static.net/tos-alisg-i-aphluv4xwc-sg/04e04e028d564a529d5e938b7ed0fc17~tplv-aphluv4xwc-white-pad-v1:300:300.jpeg?lk3s=97278606&x-expires=1785547989&x-signature=EDv7MmzaVgewW%2FwHKyGEe5nRS5I%3D&x-signature-webp=ZL7D4yMUDA0rGUcX3k%2BU%2FMPSBLY%3D","false","false","bawang goreng murni","Rp15.000","1","46","Rp9.000","9000","103272969658","https://www.tokopedia.com/macaumee/botol-minyak-bawang-putih-150-g-garlic-oil-rasa-tambahan-bumbu-masakan-pelengkap-bumbu-mie-nasi-goreng-tumisan-murni-dari-bawang-berkualitas-aroma-wangi-halal-1735170506774709454?extParam=ivf%3Dfalse%26keyword%3Dbawang+goreng+murni%26search_id%3D202608010033093DD48AB31D016F286K16%26src%3Dsearch","5","Surabaya","3864744","Mee Macau Noodle Mie","1","https://www.tokopedia.com/macaumee","28 terjual","https://www.tokopedia.com/search?q=bawang%20goreng%20murni&st=product","[BOTOL] Minyak Bawang Putih 150 G Garlic Oil Rasa Tambahan Bumbu Masakan Pelengkap Bumbu Mie Nasi Goreng Tumisan Murni Dari Bawang Berkualitas Aroma Wangi Halal"
"Surakarta",,"makanan-minuman/makanan-kering/bawang-goreng","35","Makanan & Minuman","0","2026-08-01T00:33:10.192Z","https://p16-images-sign-sg.tokopedia-static.net/tos-alisg-i-aphluv4xwc-sg/125816f429274d2982d8a10d723f2a81~tplv-aphluv4xwc-white-pad-v1:300:300.jpeg?lk3s=97278606&x-expires=1785547989&x-signature=Ev0xeaCs8fmb4Ji%2FIc%2B%2Fq%2FQKyPI%3D&x-signature-webp=jpTcjIOIXrguhFaY5meDcJHN2%2F0%3D","false","false","bawang goreng murni",,"1","47","Rp37.000","37000","100753870511","https://www.tokopedia.com/bramgor91/bawang-merah-goreng-super-premium-murni-tanpa-campuran-150gr-spices-rempah-bubuk-brambang-toples-bahan-pedas-1730244618787325476?extParam=ivf%3Dfalse%26keyword%3Dbawang+goreng+murni%26search_id%3D202608010033093DD48AB31D016F286K16%26src%3Dsearch","5","Surakarta","15339848","Bramgor91","1","https://www.tokopedia.com/bramgor91","3 terjual","https://www.tokopedia.com/search?q=bawang%20goreng%20murni&st=product","Bawang merah goreng  super premium murni tanpa campuran 150gr Spices Rempah Bubuk Brambang Toples Bahan Pedas"
"Kab. Banyuwangi",,"makanan-minuman/makanan-kering/bawang-goreng","35","Makanan & Minuman","0","2026-08-01T00:33:10.192Z","https://p16-images-sign-sg.tokopedia-static.net/tos-alisg-i-aphluv4xwc-sg/782e510b4bb14e789fedd430567c2d96~tplv-aphluv4xwc-white-pad-v1:300:300.jpeg?lk3s=97278606&x-expires=1785547989&x-signature=QuLbXUT5NmdIdrms85G%2Fw4U0yxg%3D&x-signature-webp=Q7JbKjOK8csfdEGX7XNTEpri6Bw%3D","false","false","bawang goreng murni",,"1","48","Rp18.000","18000","100435932724","https://www.tokopedia.com/bagor-premium/bawang-goreng-murni-tanpa-tepung-1731138000961176664?extParam=ivf%3Dfalse%26keyword%3Dbawang+goreng+murni%26search_id%3D202608010033093DD48AB31D016F286K16%26src%3Dsearch","5","Kab. Banyuwangi","7496084340055246936","Bagor premium","1","https://www.tokopedia.com/bagor-premium","9 terjual","https://www.tokopedia.com/search?q=bawang%20goreng%20murni&st=product","bawang goreng murni tanpa tepung"
"Malang",,"makanan-minuman/makanan-kering/bawang-goreng","35","Makanan & Minuman","0","2026-08-01T00:33:10.192Z","https://p16-images-sign-sg.tokopedia-static.net/tos-alisg-i-aphluv4xwc-sg/b3625219336d45edb9e04b5a7065d7f4~tplv-aphluv4xwc-white-pad-v1:300:300.jpeg?lk3s=97278606&x-expires=1785547989&x-signature=j6JEMjl8js3JYdUTawm5g7vdUjo%3D&x-signature-webp=C7a%2Bo06jX1FsyjrB%2BgPYYkLnmyI%3D","false","false","bawang goreng murni",,"1","49","Rp17.000","17000","100543314699","https://www.tokopedia.com/bawang-goreng-by-nafha/bawang-merah-goreng-premium-murni-tanpa-campuran-1729622300193097247?extParam=ivf%3Dfalse%26keyword%3Dbawang+goreng+murni%26search_id%3D202608010033093DD48AB31D016F286K16%26src%3Dsearch","5","Malang","7495714237808347679","Bawang Goreng By Nafha","1","https://www.tokopedia.com/bawang-goreng-by-nafha","20 terjual","https://www.tokopedia.com/search?q=bawang%20goreng%20murni&st=product","Bawang merah goreng premium, murni tanpa campuran"
"Kab. Batang",,"makanan-minuman/makanan-kering/bawang-goreng","35","Makanan & Minuman","0","2026-08-01T00:33:10.192Z","https://p16-images-sign-sg.tokopedia-static.net/tos-alisg-i-aphluv4xwc-sg/426b1841a0464edbacf64a0e0c6fa58d~tplv-aphluv4xwc-white-pad-v1:300:300.jpeg?lk3s=97278606&x-expires=1785547989&x-signature=hFTqdmYcOW%2FXKpj6bhvoN2ZElFU%3D&x-signature-webp=yxgw9LwIIAKozHtaAmPNX5yTkM8%3D","false","false","bawang goreng murni",,"1","50","Rp5.000","5000","103633976807","https://www.tokopedia.com/fnckids-321/100-murni-bawang-goreng-renyah-tanpa-campuran-tepung-1736721976955339811-1736721995781342243?extParam=ivf%3Dfalse%26keyword%3Dbawang+goreng+murni%26search_id%3D202608010033093DD48AB31D016F286K16%26src%3Dsearch","5","Kab. Batang","7494980785573562403","FnCKids","1","https://www.tokopedia.com/fnckids-321","12 terjual","https://www.tokopedia.com/search?q=bawang%20goreng%20murni&st=product","100% Murni Bawang Goreng Renyah tanpa campuran tepung"
"Surabaya",,"makanan-minuman/makanan-kering/bawang-goreng","35","Makanan & Minuman","0","2026-08-01T00:33:10.192Z","https://p16-images-sign-sg.tokopedia-static.net/tos-alisg-i-aphluv4xwc-sg/4efe3797b15a4c699c756419c6022a3e~tplv-aphluv4xwc-white-pad-v1:300:300.jpeg?lk3s=97278606&x-expires=1785547989&x-signature=MFoSVQGTQOFRDT%2FQ%2BqgbPIybE3M%3D&x-signature-webp=2YIdHxobGjCBvAjk7zreARLHzI4%3D","false","false","bawang goreng murni",,"1","51","Rp23.000","23000","102931107512","https://www.tokopedia.com/bumbu-wilona-store/bawang-merah-goreng-kriuk-bawang-merah-murni-tanpa-tepung-siap-makan-by-bumbu-wilona-1734195053681804632?extParam=ivf%3Dfalse%26keyword%3Dbawang+goreng+murni%26search_id%3D202608010033093DD48AB31D016F286K16%26src%3Dsearch","5","Surabaya","7496120800005228888","BUMBU WILONA STORE","1","https://www.tokopedia.com/bumbu-wilona-store","1 terjual","https://www.tokopedia.com/search?q=bawang%20goreng%20murni&st=product","BAWANG MERAH GORENG KRIUK | BAWANG MERAH MURNI TANPA TEPUNG | SIAP MAKAN BY BUMBU WILONA"
"Denpasar",,"makanan-minuman/bumbu-bahan-masakan/aneka-sambal","35","Makanan & Minuman","0","2026-08-01T00:33:10.192Z","https://p16-images-sign-sg.tokopedia-static.net/tos-alisg-i-aphluv4xwc-sg/28be85bd6ffc48b2b811f7a59e38131d~tplv-aphluv4xwc-white-pad-v1:300:300.jpeg?lk3s=97278606&x-expires=1785547989&x-signature=vA9k5bdCXt%2FkqiPIODRs0Bjjrfg%3D&x-signature-webp=r%2BK01Rn0cfPf%2FN6MEviicNN4hek%3D","false","false","bawang goreng murni",,"1","52","Rp36.500","36500","100653880732","https://www.tokopedia.com/onlinashop/onlina-minyak-ayam-bawang-250ml-halal-kemasan-stoples-kaca-murni-aromatik-untuk-tumisan-nasi-goreng-mie-kuah-1730371830916482622?extParam=ivf%3Dfalse%26keyword%3Dbawang+goreng+murni%26search_id%3D202608010033093DD48AB31D016F286K16%26src%3Dsearch","5","Denpasar","14294579","Onlina Shop","1","https://www.tokopedia.com/onlinashop","1 terjual","https://www.tokopedia.com/search?q=bawang%20goreng%20murni&st=product","ONLINA Minyak Ayam Bawang 250ml Halal Kemasan Stoples Kaca Murni & Aromatik untuk Tumisan Nasi Goreng & Mie Kuah"
"Depok",,"makanan-minuman/bumbu-bahan-masakan/rempah","35","Makanan & Minuman","0","2026-08-01T00:33:10.192Z","https://p16-images-sign-sg.tokopedia-static.net/tos-alisg-i-aphluv4xwc-sg/a4c70a993fb14c239fda5ff51146ec4a~tplv-aphluv4xwc-white-pad-v1:300:300.jpeg?lk3s=97278606&x-expires=1785547989&x-signature=vINHgwMkCznuSaYrlBjK6vjud7s%3D&x-signature-webp=0nk2mfPY%2ByicnzLeHKMfl9RGlNY%3D","false","false","bawang goreng murni","Rp13.250","1","53","Rp12.588","12588","100569789245","https://www.tokopedia.com/anta-spice/daun-bawang-kering-dried-leeks-flakes-anta-spice-1730369639175849298?extParam=ivf%3Dfalse%26keyword%3Dbawang+goreng+murni%26search_id%3D202608010033093DD48AB31D016F286K16%26src%3Dsearch","5","Depok","17971165","Anta Spice","1","https://www.tokopedia.com/anta-spice","6 terjual","https://www.tokopedia.com/search?q=bawang%20goreng%20murni&st=product","Daun Bawang Kering 10gr Dried Green Onion Dried Leeks Murni Taburan Praktis Mie Ramen Sup Bakso Bubur Nasi Goreng Halal"
"Malang",,"makanan-minuman/makanan-kering/bawang-goreng","35","Makanan & Minuman","0","2026-08-01T00:33:10.192Z","https://p16-images-sign-sg.tokopedia-static.net/tos-alisg-i-aphluv4xwc-sg/c51b902fadd849abb91c7db3d46a9bf0~tplv-aphluv4xwc-white-pad-v1:300:300.jpeg?lk3s=97278606&x-expires=1785547989&x-signature=%2BKujedihWOWihCAsgtiOUurdLas%3D&x-signature-webp=iJrWDu%2FbS%2B9tdn5SGw6SJ9BIB78%3D","false","false","bawang goreng murni",,"1","54","Rp42.000","42000","100543314375","https://www.tokopedia.com/bawang-goreng-by-nafha/bawang-goreng-murni-3-pcs-kemasan-mungil-1729631608844486175?extParam=ivf%3Dfalse%26keyword%3Dbawang+goreng+murni%26search_id%3D202608010033093DD48AB31D016F286K16%26src%3Dsearch","5","Malang","7495714237808347679","Bawang Goreng By Nafha","1","https://www.tokopedia.com/bawang-goreng-by-nafha","7 terjual","https://www.tokopedia.com/search?q=bawang%20goreng%20murni&st=product","BAWANG GORENG MURNI (3 PCS kemasan mungil)"
"Jakarta Timur",,"makanan-minuman/makanan-kering/bawang-goreng","35","Makanan & Minuman","0","2026-08-01T00:33:10.192Z","https://p19-images-common-sign-sg.tokopedia-static.net/tos-maliva-i-o3syd03w52-us/950f62a44aa94543be8e42837350e434~tplv-o3syd03w52-resize-jpeg:300:300.jpeg?lk3s=97278606&x-expires=1785547989&x-signature=LF9fQgKasWFQA%2BePBXcvn62C%2FQE%3D&x-signature-webp=HA8CMYaTAELheNYNjLVnIld6jQE%3D","false","false","bawang goreng murni",,"1","55","Rp15.000","15000","102833641709","https://www.tokopedia.com/pnjng/bawang-goreng-sumenep-murni-1729690462355753817?extParam=ivf%3Dfalse%26keyword%3Dbawang+goreng+murni%26search_id%3D202608010033093DD48AB31D016F286K16%26src%3Dsearch","5","Jakarta Timur","6265430","Kartika bawang","1","https://www.tokopedia.com/pnjng","15 terjual","https://www.tokopedia.com/search?q=bawang%20goreng%20murni&st=product","Bawang Goreng SUMENEP Murni"
"Jakarta Utara",,"makanan-minuman/makanan-kering/bawang-goreng","35","Makanan & Minuman","0","2026-08-01T00:33:10.192Z","https://p16-images-sign-sg.tokopedia-static.net/tos-alisg-i-aphluv4xwc-sg/f9132ceb0fde4b5abec97e4e709324f9~tplv-aphluv4xwc-white-pad-v1:300:300.jpeg?lk3s=97278606&x-expires=1785547989&x-signature=aMuIz78j7S%2BbEOeqdHd5g%2Bkz%2Flw%3D&x-signature-webp=Py4gzgkf0PuIwx2ZGTbYgXlnj6w%3D","false","false","bawang goreng murni",,"1","56","Rp59.000","59000","100536575253","https://www.tokopedia.com/grosir8/beli-1-dapat-spesial-bonus-bawang-goreng-premium-murni-grade-a-tanpa-campuran-tepung-tanpa-campuran-ubi-150gr-1-toples-gratis-sambel-pecel-kemasan-100gr-1729619699301647802?extParam=ivf%3Dfalse%26keyword%3Dbawang+goreng+murni%26search_id%3D202608010033093DD48AB31D016F286K16%26src%3Dsearch","5","Jakarta Utara","7495340026638076346","GROSIR8_NEW","1","https://www.tokopedia.com/grosir8","10 terjual","https://www.tokopedia.com/search?q=bawang%20goreng%20murni&st=product","[BELI 1 DAPAT SPESIAL BONUS] Bawang Goreng PREMIUM Murni Grade A Tanpa Campuran Tepung & Tanpa Campuran Ubi 150gr (1 toples) GRATIS Sambel Pecel Kemasan 100gr"
"Kab. Garut",,"makanan-minuman/makanan-kering/bawang-goreng","35","Makanan & Minuman","0","2026-08-01T00:33:10.192Z","https://p16-images-sign-sg.tokopedia-static.net/tos-alisg-i-aphluv4xwc-sg/86ed7545b8694d929e68820271cedee1~tplv-aphluv4xwc-white-pad-v1:300:300.jpeg?lk3s=97278606&x-expires=1785547989&x-signature=%2BPZKtPYqM1Ib%2Bu66P1PplNYOc6o%3D&x-signature-webp=7J6gDB2NASLgMA3yu3M1Tc4oDW4%3D","false","false","bawang goreng murni",,"1","57","Rp65.000","65000","100540546638","https://www.tokopedia.com/cabaw-maeuis/cabaw-ma-euis-bawang-goreng-asli-premium-murni-tanpa-tepung-original-gurih-dan-renyah-pedas-level-1-100-gram-1730371236185605460?extParam=ivf%3Dfalse%26keyword%3Dbawang+goreng+murni%26search_id%3D202608010033093DD48AB31D016F286K16%26src%3Dsearch","5","Kab. Garut","7495977200753543508","Cabaw maeuis","1","https://www.tokopedia.com/cabaw-maeuis","8 terjual","https://www.tokopedia.com/search?q=bawang%20goreng%20murni&st=product","CABAW MA EUIS Bawang Goreng Asli Premium | Murni Tanpa Tepung, Original Gurih dan Renyah Pedas Level 1 (100 GRAM)"
"Kab. Kulon Progo",,"makanan-minuman/makanan-kering/bawang-goreng","35","Makanan & Minuman","0","2026-08-01T00:33:10.192Z","https://p16-images-sign-sg.tokopedia-static.net/tos-alisg-i-aphluv4xwc-sg/4fb59e11c1ca46a3853da02a2b910a33~tplv-aphluv4xwc-white-pad-v1:300:300.jpeg?lk3s=97278606&x-expires=1785547989&x-signature=NiuMFRIoC0rJP%2Bn0xPPMIFv6DRg%3D&x-signature-webp=%2BkUFNwcI%2F4ESY4cNpA0KN8thblg%3D","false","false","bawang goreng murni",,"1","58","Rp28.000","28000","8925486919","https://www.tokopedia.com/seekecofoodnusa/seekeco-bawang-goreng-premium-murni-tanpa-tepung-kemasan-botol-100-bawang-merah-asli-tanpa-msg-pengawet-renyah-gurih-otentik-1730030785177027616?extParam=ivf%3Dfalse%26keyword%3Dbawang+goreng+murni%26search_id%3D202608010033093DD48AB31D016F286K16%26src%3Dsearch","5","Kab. Kulon Progo","15518922","Seekeco Food Nusantara","1","https://www.tokopedia.com/seekecofoodnusa","12 terjual","https://www.tokopedia.com/search?q=bawang%20goreng%20murni&st=product","SEEKECO Bawang Goreng Premium Murni Tanpa Tepung Kemasan BOTOL 100% Bawang Merah Asli Tanpa MSG & Pengawet Renyah Gurih Otentik"
"Kab. Kulon Progo",,"makanan-minuman/makanan-kering/bawang-goreng","35","Makanan & Minuman","0","2026-08-01T00:33:10.192Z","https://p16-images-sign-sg.tokopedia-static.net/tos-alisg-i-aphluv4xwc-sg/43ff1bc5c15840fa962cf1d45893d77a~tplv-aphluv4xwc-white-pad-v1:300:300.jpeg?lk3s=97278606&x-expires=1785547989&x-signature=xXNhJ%2FdujTxs%2Fkqo2qMs6ny95QM%3D&x-signature-webp=mhjqiBFkEvDDe%2Bv8eM%2Fqz336mnE%3D","false","false","bawang goreng murni",,"1","59","Rp62.500","62500","8919868120","https://www.tokopedia.com/seekecofoodnusa/bawang-goreng-premium-murni-tanpa-tepung-kemasan-toples-seekeco-1730030610409358368?extParam=ivf%3Dfalse%26keyword%3Dbawang+goreng+murni%26search_id%3D202608010033093DD48AB31D016F286K16%26src%3Dsearch","5","Kab. Kulon Progo","15518922","Seekeco Food Nusantara","1","https://www.tokopedia.com/seekecofoodnusa","30+ terjual","https://www.tokopedia.com/search?q=bawang%20goreng%20murni&st=product","Bawang Goreng Premium Murni Tanpa Tepung Kemasan TOPLES Seekeco"
"Bekasi",,"makanan-minuman/makanan-jadi/makanan-instan-kaleng","35","Makanan & Minuman","0","2026-08-01T00:33:10.192Z","https://p16-images-sign-sg.tokopedia-static.net/tos-alisg-i-aphluv4xwc-sg/156e3d4724f74b7db29f3fbb07f7e5ba~tplv-aphluv4xwc-white-pad-v1:300:300.jpeg?lk3s=97278606&x-expires=1785547989&x-signature=lGORaTUszuLFfeqIeKYUSD680Fo%3D&x-signature-webp=Xm8n4IXmbi5fBOv%2BsPO7gvLW36o%3D","false","false","bawang goreng murni",,"1","60","Rp27.000","27000","100573173049","https://www.tokopedia.com/jay-arifin/bawang-goreng-mamaolla-bawang-goreng-premium-original-lezat-dan-gurih-100-dr-bahan-murni-tanpa-campuran-dr-bawang-yg-berkwalitas-dan-minyak-kemasan-yg-bermutu-tinggi-sehingga-menciptakan-rasa-yg-gurih-serta-renyah-yg-tiada-tara-1730872697762908054?extParam=ivf%3Dfalse%26keyword%3Dbawang+goreng+murni%26search_id%3D202608010033093DD48AB31D016F286K16%26src%3Dsearch","5","Bekasi","7496090701030329238","jay arifin","1","https://www.tokopedia.com/jay-arifin","2 terjual","https://www.tokopedia.com/search?q=bawang%20goreng%20murni&st=product","bawang goreng  premium,bunda laura original lezat dan gurih 100% dr bahan murni tanpa campuran,dr bawang yg berkwalitas dan minyak kemasan yg bermutu tinggi,sehingga menciptakan rasa yg gurih serta renyah yg tiada tara Makanan"
"Surabaya",,"makanan-minuman/makanan-kering/bawang-goreng","35","Makanan & Minuman","0","2026-08-01T00:33:11.708Z","https://p16-images-common-sign-sg.tokopedia-static.net/tos-maliva-i-o3syd03w52-us/8b2661ee38ed4d348df1eba7d71abff0~tplv-o3syd03w52-resize-jpeg:300:300.jpeg?lk3s=97278606&x-expires=1785547991&x-signature=yG3%2BahBI1mfE2ehnAnxoNZJwFjQ%3D&x-signature-webp=IjownaZXOQjRKaOu20u8sbCN7ko%3D","false","false","bawang goreng murni",,"2","61","Rp47.500","47500","100707036644","https://www.tokopedia.com/bkenzstyle/kuangs-bawang-goreng-murni-oven-120gr-1729618433335986549?extParam=ivf%3Dfalse%26keyword%3Dbawang+goreng+murni%26src%3Dsearch","4.9","Surabaya","443338","BKenz","1","https://www.tokopedia.com/bkenzstyle","100+ terjual","https://www.tokopedia.com/search?q=bawang%20goreng%20murni&st=product","Kuangs Bawang Goreng Murni Oven 120gr"
"Jakarta Timur",,"makanan-minuman/makanan-jadi/ready-to-eat-siap-makan","35","Makanan & Minuman","0","2026-08-01T00:33:11.708Z","https://p16-images-sign-sg.tokopedia-static.net/tos-alisg-i-aphluv4xwc-sg/3719a661359d42a79b059ecb472f927d~tplv-aphluv4xwc-white-pad-v1:300:300.jpeg?lk3s=97278606&x-expires=1785547991&x-signature=QVN%2ByPOz2%2BpPlZ1FYPMHK53x9x8%3D&x-signature-webp=7k8G9cSEkTZiA6SQIaoIac86MHI%3D","false","false","bawang goreng murni",,"2","62","Rp50.000","50000","100405288702","https://www.tokopedia.com/bawang-goreng-anak-lanang/lampu-emergency-gantung-ufo-600-watt-solar-panel-tenaga-matahari-maxpower-mx-203-baterai-2-x-18650-6000mah-tahan-8-10-jam-e-mode-cahaya-super-terang-sc92-1730813533016065079?extParam=ivf%3Dfalse%26keyword%3Dbawang+goreng+murni%26src%3Dsearch","4.9","Jakarta Timur","7495888731836352567","Bawang goreng ANAK LANANG","1","https://www.tokopedia.com/bawang-goreng-anak-lanang","80+ terjual","https://www.tokopedia.com/search?q=bawang%20goreng%20murni&st=product","bawang goreng asli Brebes murni tanpa campuran apapun 100%bawang merah asli brebes, di jamin gurih, wangi, renyah,halal, cocok untuk segala makanan, di makan begitu saja juga pasti nagih di jamin. AL1"
"Kab. Kebumen",,"makanan-minuman/makanan-kering/bawang-goreng","35","Makanan & Minuman","0","2026-08-01T00:33:11.708Z","https://p16-images-sign-sg.tokopedia-static.net/tos-alisg-i-aphluv4xwc-sg/73c1f73bb5104d23ac62777151acfe01~tplv-aphluv4xwc-white-pad-v1:300:300.jpeg?lk3s=97278606&x-expires=1785547991&x-signature=cPu3Bo57D4175vvpb6B6HEV5j%2Bc%3D&x-signature-webp=aiBkGTXbrHL2a2x6G0ONn5I7hoU%3D","false","false","bawang goreng murni","Rp80.000","2","63","Rp69.600","69600","103242648656","https://www.tokopedia.com/jambul-js/bawang-goreng-premium-tanpa-campuran-1734557838493058800-1735092344774362864?extParam=ivf%3Dfalse%26keyword%3Dbawang+goreng+murni%26src%3Dsearch","4.8","Kab. Kebumen","7494692805321198320","JAMBUL JS","1","https://www.tokopedia.com/jambul-js","100+ terjual","https://www.tokopedia.com/search?q=bawang%20goreng%20murni&st=product","JAMBUL - BAWANG GORENG MURNI TANPA CAMPURAN"
"Surabaya",,"makanan-minuman/makanan-kering/bawang-goreng","35","Makanan & Minuman","0","2026-08-01T00:33:11.708Z","https://p16-images-sign-sg.tokopedia-static.net/tos-alisg-i-aphluv4xwc-sg/img/VqbcmM/2022/1/7/5f81519f-d814-49c3-8f6b-a872c527de50.jpg~tplv-aphluv4xwc-white-pad-v1:300:300.jpeg?lk3s=97278606&x-expires=1785547991&x-signature=5G7ByZnIbi9GB0S1J4a9FHVdq%2Bw%3D&x-signature-webp=x0IinF4f4eHmb5VpjAPaMgQj480%3D","false","false","bawang goreng murni",,"2","64","Rp64.950","64950","2681219298","https://www.tokopedia.com/abidboyshop/bawang-goreng-1-kg-ori-murni-kriuk-crispy-tanpa-pengawet?extParam=ivf%3Dfalse%26keyword%3Dbawang+goreng+murni%26src%3Dsearch","4.8","Surabaya","12990212","abidboyshop","1","https://www.tokopedia.com/abidboyshop","4rb+ terjual","https://www.tokopedia.com/search?q=bawang%20goreng%20murni&st=product","Bawang Goreng 1 kg Ori Murni Kriuk Crispy Tanpa Pengawet"
"Kab. Nganjuk",,"makanan-minuman/makanan-kering/bawang-goreng","35","Makanan & Minuman","0","2026-08-01T00:33:11.708Z","https://p16-images-sign-sg.tokopedia-static.net/tos-alisg-i-aphluv4xwc-sg/82e0512a3b654c7abcb87506cc5b2614~tplv-aphluv4xwc-white-pad-v1:300:300.jpeg?lk3s=97278606&x-expires=1785547991&x-signature=Hx2nA3mEH6FZj5A%2FC2YtKxU8m%2BM%3D&x-signature-webp=Npeh5zh%2FHi1yv0o1HkHpDO%2BS4DE%3D","false","false","bawang goreng murni",,"2","65","Rp30.000","30000","1701374048","https://www.tokopedia.com/bawanggorengmaktin/bawang-goreng-brebes-250gr-standingpot?extParam=ivf%3Dfalse%26keyword%3Dbawang+goreng+murni%26src%3Dsearch","4.8","Kab. Nganjuk","10736298","BAWANG GORENG MAK TIN 2","1","https://www.tokopedia.com/bawanggorengmaktin","100+ terjual","https://www.tokopedia.com/search?q=bawang%20goreng%20murni&st=product","BAWANG MERAH GORENG 250 GRAM ORIGINAL MURNI"
"Kab. Kuningan",,"makanan-minuman/makanan-kering/bawang-goreng","35","Makanan & Minuman","0","2026-08-01T00:33:11.708Z","https://p16-images-sign-sg.tokopedia-static.net/tos-alisg-i-aphluv4xwc-sg/6db8954aab474bf681f4234a191a59e2~tplv-aphluv4xwc-white-pad-v1:300:300.jpeg?lk3s=97278606&x-expires=1785547991&x-signature=HE%2FnyG7HlV0vSw98HazUmVgikZY%3D&x-signature-webp=Z9cGVQ7oRPlm5wnpwxCHsSUZAqw%3D","false","false","bawang goreng murni","Rp86.000","2","66","Rp69.900","69900","103484892768","https://www.tokopedia.com/bawang-nisa/bawang-goreng-1kg-murni-termurah-brambang-renyah-bawang-goreng-tepung-3-berkualitas-1736077209222546935?extParam=ivf%3Dfalse%26keyword%3Dbawang+goreng+murni%26src%3Dsearch","4.8","Kab. Kuningan","7496107350228503031","BAWANG NISA","1","https://www.tokopedia.com/bawang-nisa","100+ terjual","https://www.tokopedia.com/search?q=bawang%20goreng%20murni&st=product","Bawang Goreng 1 kg [ Murni ] •Termurah Brambang Renyah -Bawang Goreng Tepung 3% Berkualitas"
"Kab. Kuningan",,"makanan-minuman/makanan-kering/bawang-goreng","35","Makanan & Minuman","0","2026-08-01T00:33:11.708Z","https://p16-images-sign-sg.tokopedia-static.net/tos-alisg-i-aphluv4xwc-sg/d57d5546b94944669e811f645fef2000~tplv-aphluv4xwc-white-pad-v1:300:300.jpeg?lk3s=97278606&x-expires=1785547991&x-signature=fUeY96vk0CNjZtt8iqgYlCxUlGk%3D&x-signature-webp=lbTmKj2vkGw%2FWnzJNLm8awb4SFU%3D","false","false","bawang goreng murni",,"2","67","Rp29.000","29000","103096245992","https://www.tokopedia.com/deden-muhammad-ridwan/bawang-goreng-original-1734605521172596210?extParam=ivf%3Dfalse%26keyword%3Dbawang+goreng+murni%26src%3Dsearch","4.8","Kab. Kuningan","12023303","Deden Muhammad Ridwan","1","https://www.tokopedia.com/deden-muhammad-ridwan","100+ terjual","https://www.tokopedia.com/search?q=bawang%20goreng%20murni&st=product","Bawang Goreng Premium Original 100 Gram Rempah Murni Best Seller Harga Bersahabat Rasa Enak Bikin Nagih - Spices"
"Tangerang Selatan",,"makanan-minuman/makanan-kering/bawang-goreng","35","Makanan & Minuman","0","2026-08-01T00:33:11.708Z","https://p16-images-sign-sg.tokopedia-static.net/tos-alisg-i-aphluv4xwc-sg/8a20b0de9ea14ef1a172611095adaf59~tplv-aphluv4xwc-white-pad-v1:300:300.jpeg?lk3s=97278606&x-expires=1785547991&x-signature=kKexg5VVuP0J0%2FvezvamDZJoPwU%3D&x-signature-webp=fPeRnlojV9wfI6PUcCxsVyeg0c4%3D","false","false","bawang goreng murni","Rp200.000","2","68","Rp182.500","182500","15375867463","https://www.tokopedia.com/nionnion-1/bawang-goreng-premium-brebes-1-kg-bawang-merah-goreng-sumenep-brambang-goreng-bagor-tepung-bawang-goreng-kiloan-bawang-goreng-murni-bawang-goreng-original-nion-nion-brebes-premium-29ae0?extParam=ivf%3Dfalse%26keyword%3Dbawang+goreng+murni%26src%3Dsearch","4.7","Tangerang Selatan","13473240","Produsen Bawang Goreng No. 1","1","https://www.tokopedia.com/nionnion-1","100+ terjual","https://www.tokopedia.com/search?q=bawang%20goreng%20murni&st=product","Bawang Goreng Premium Brebes 1 Kg Bawang Merah Goreng Sumenep Brambang Goreng Bagor Tepung Bawang Goreng Kiloan Bawang Goreng Murni Bawang Goreng Original Nion Nion"
"Kab. Brebes",,"makanan-minuman/makanan-kering/bawang-goreng","35","Makanan & Minuman","0","2026-08-01T00:33:11.708Z","https://p16-images-sign-sg.tokopedia-static.net/tos-alisg-i-aphluv4xwc-sg/ae101312f11444fbbbef5e4462734476~tplv-aphluv4xwc-white-pad-v1:300:300.jpeg?lk3s=97278606&x-expires=1785547991&x-signature=uceCdeiN8T2qiF40hQCN3JpARhk%3D&x-signature-webp=5HnUDjwnBTLkwKHnCOWgUXAEnZA%3D","false","false","bawang goreng murni","Rp100.000","2","69","Rp90.000","90000","100533243177","https://www.tokopedia.com/bjb25/1kg-bawang-goreng-asli-brebes-murni-premium-1729879737369004578?extParam=ivf%3Dfalse%26keyword%3Dbawang+goreng+murni%26src%3Dsearch","4.7","Kab. Brebes","16488821","BERKAH JAYA BERSAMA25","1","https://www.tokopedia.com/bjb25","100+ terjual","https://www.tokopedia.com/search?q=bawang%20goreng%20murni&st=product","1kg Bawang Goreng Asli Brebes Murni Premium"
"Surabaya",,"makanan-minuman/makanan-kering/kerupuk","35","Makanan & Minuman","0","2026-08-01T00:33:11.708Z","https://p16-images-sign-sg.tokopedia-static.net/tos-alisg-i-aphluv4xwc-sg/f057b23cea394b9c9e0ed138ab47880d~tplv-aphluv4xwc-white-pad-v1:300:300.jpeg?lk3s=97278606&x-expires=1785547991&x-signature=OUdHaoUv%2FFmXcRGrW2VmhHrwpUg%3D&x-signature-webp=k9nP3e0qIZyiSdpKLWQq%2FvzQIyQ%3D","false","false","bawang goreng murni",,"2","70","Rp35.000","35000","103189350155","https://www.tokopedia.com/wimax-store/bawang-goreng-100-murni-tanpa-tepung-pengawet-1734958758896109041-1734959282675025393?extParam=ivf%3Dfalse%26keyword%3Dbawang+goreng+murni%26src%3Dsearch","4.7","Surabaya","16298854","Wimax Store","1","https://www.tokopedia.com/wimax-store","100+ terjual","https://www.tokopedia.com/search?q=bawang%20goreng%20murni&st=product","Bawang Goreng 100% Murni Tanpa Tepung & Pengawet"
"Depok",,"makanan-minuman/bumbu-bahan-masakan/rempah","35","Makanan & Minuman","0","2026-08-01T00:33:11.708Z","https://p16-images-sign-sg.tokopedia-static.net/tos-alisg-i-aphluv4xwc-sg/278ee3464af44b12850642fddfdd363e~tplv-aphluv4xwc-white-pad-v1:300:300.jpeg?lk3s=97278606&x-expires=1785547991&x-signature=wUjrAcZ2xgx8DEKXufN5CDjQSpc%3D&x-signature-webp=kgtuQhM9Ll6tS2IScIwWGHd2EbE%3D","false","false","bawang goreng murni","Rp14.250","2","71","Rp13.538","13538","15354571558","https://www.tokopedia.com/anta-spice/bawang-merah-bubuk-shallot-powder-red-onion-powder-40-gr?extParam=ivf%3Dfalse%26keyword%3Dbawang+goreng+murni%26src%3Dsearch","4.6","Depok","17971165","Anta Spice","1","https://www.tokopedia.com/anta-spice","25 terjual","https://www.tokopedia.com/search?q=bawang%20goreng%20murni&st=product","Bawang Merah Bubuk Organik 40gr Shallot Powder Bubuk Bawang Merah Murni Praktis Bumbu Dapur Marinasi Ayam Nasi Goreng Tumisan Halal"
"Depok",,"makanan-minuman/bumbu-bahan-masakan/rempah","35","Makanan & Minuman","0","2026-08-01T00:33:11.708Z","https://p16-images-sign-sg.tokopedia-static.net/tos-alisg-i-aphluv4xwc-sg/aeb4397453ea4af7a97a27f825010b96~tplv-aphluv4xwc-white-pad-v1:300:300.jpeg?lk3s=97278606&x-expires=1785547991&x-signature=9lHeg2qEoNyho6scahFPiXAae%2BI%3D&x-signature-webp=jEH7ue7%2FyOphYPYuX75h4FAQjH8%3D","false","false","bawang goreng murni","Rp14.250","2","72","Rp13.538","13538","15354557736","https://www.tokopedia.com/anta-spice/bawang-bombay-bubuk-onion-powder-50-gr?extParam=ivf%3Dfalse%26keyword%3Dbawang+goreng+murni%26src%3Dsearch","4.5","Depok","17971165","Anta Spice","1","https://www.tokopedia.com/anta-spice","9 terjual","https://www.tokopedia.com/search?q=bawang%20goreng%20murni&st=product","Bawang Bombay Bubuk 50gr Onion Powder Bawang Bombai Bubuk Murni Bumbu Dapur Praktis Sup Nasi Goreng Tumisan Marinasi Ayam Halal"
"Kab. Cirebon",,"makanan-minuman/makanan-jadi/makanan-instan-kaleng","35","Makanan & Minuman","0","2026-08-01T00:33:11.708Z","https://p16-images-sign-sg.tokopedia-static.net/tos-alisg-i-aphluv4xwc-sg/5801095218a746daafdcf26669d7be06~tplv-aphluv4xwc-white-pad-v1:300:300.jpeg?lk3s=97278606&x-expires=1785547991&x-signature=ooRB7YL40fcTGBW7eXu80EKhjyQ%3D&x-signature-webp=%2FNn1TpX17E%2FcY%2B79arYduZqn4wg%3D","false","false","bawang goreng murni",,"2","73","Rp23.600","23600","100211546893","https://www.tokopedia.com/ibnu-cress/siwang-extra-pedas-bawang-goreng-terasi-murni-sudah-bersertifikasi-halal-resmi-asli-cirebon-1730803483296171201?extParam=ivf%3Dfalse%26keyword%3Dbawang+goreng+murni%26src%3Dsearch","4.5","Kab. Cirebon","7495970640589850817","Ibnu cress","1","https://www.tokopedia.com/ibnu-cress","3rb+ terjual","https://www.tokopedia.com/search?q=bawang%20goreng%20murni&st=product","SIWANG EXTRA PEDAS // BAWANG GORENG TERASI MURNI SUDAH BERSERTIFIKASI HALAL RESMI ASLI CIREBON"
"Jakarta Pusat",,,"0",,"0","2026-08-01T00:33:11.708Z","https://p16-images-sign-sg.tokopedia-static.net/tos-alisg-i-aphluv4xwc-sg/d57b6338f7ca4eaaab1bc96abc6fbb9e~tplv-aphluv4xwc-white-pad-v1:300:300.jpeg?lk3s=97278606&x-expires=1785547991&x-signature=D2TCDMl%2BqSRMnOmQoBZTGaHVKrw%3D&x-signature-webp=%2B5Gf0CVz953z5%2FMj0nCqYkGeaCQ%3D","false","false","bawang goreng murni",,"2","74","Rp155.000","155000","100708203189","https://www.tokopedia.com/tamarave/enak-paket-hemat-4-toples-bawang-goreng-khas-betawi-goreng-garem-mindo-nyok-100-bawang-murni-1731844625022551431?extParam=ivf%3Dfalse%26keyword%3Dbawang+goreng+murni%26src%3Dsearch","5","Jakarta Pusat","17517676","tamara vendica","1","https://www.tokopedia.com/tamarave","2 terjual","https://www.tokopedia.com/search?q=bawang%20goreng%20murni&st=product","Enak Paket Hemat 4 Toples Bawang Goreng Khas Betawi ( goreng garem ) Mindo nyok 100% bawang murni"
"Depok",,,"0",,"0","2026-08-01T00:33:11.708Z","https://p16-images-sign-sg.tokopedia-static.net/tos-alisg-i-aphluv4xwc-sg/e16123ae6ed240078937588d9eb3005c~tplv-aphluv4xwc-white-pad-v1:300:300.jpeg?lk3s=97278606&x-expires=1785547991&x-signature=uGYl8yevYnHrYEo0Wj4LDhFnUp0%3D&x-signature-webp=%2FIwUCthdhJBFriLxZYKLD9zg6v8%3D","false","false","bawang goreng murni",,"2","75","Rp78.000","78000","102548643693","https://www.tokopedia.com/memarumah/mema-bawang-goreng-250gr-100-bawang-merah-murni-tanpa-campuran-halal-indonesia-cocok-untuk-semua-hidangan-1733181631173593057?extParam=ivf%3Dfalse%26keyword%3Dbawang+goreng+murni%26src%3Dsearch","5","Depok","7496150650091703265","mema.rumah","1","https://www.tokopedia.com/memarumah","3 terjual","https://www.tokopedia.com/search?q=bawang%20goreng%20murni&st=product","MEMA Bawang Goreng 250Gr 100% Bawang Merah Murni Tanpa Campuran Halal Indonesia Cocok untuk Semua Hidangan"
"Depok",,"makanan-minuman/makanan-kering/bawang-goreng","35","Makanan & Minuman","0","2026-08-01T00:33:11.708Z","https://p16-images-sign-sg.tokopedia-static.net/tos-alisg-i-aphluv4xwc-sg/c64fc3cb74294e61afd5affd18787b46~tplv-aphluv4xwc-white-pad-v1:300:300.jpeg?lk3s=97278606&x-expires=1785547991&x-signature=SxIF76bHgEZEAXhcRbYfPutVQUM%3D&x-signature-webp=kFW0YMKlDBvaeSqbRkOo9s3JcQM%3D","false","false","bawang goreng murni",,"2","76","Rp115.000","115000","100345506904","https://www.tokopedia.com/bawanggoreng10-986/bawang-goreng-sumenep-1kg-grade-a-sumenep-murni-grade-bagus-1729624852121486981?extParam=ivf%3Dfalse%26keyword%3Dbawang+goreng+murni%26src%3Dsearch","4.3","Depok","7494914252273191557","Bawanggoreng10","1","https://www.tokopedia.com/bawanggoreng10-986","10 terjual","https://www.tokopedia.com/search?q=bawang%20goreng%20murni&st=product","BAWANG GORENG SUMENEP 1KG GRADE A / SUMENEP MURNI GRADE BAGUS"
"Kab. Wonogiri",,"makanan-minuman/makanan-kering/bawang-goreng","35","Makanan & Minuman","0","2026-08-01T00:33:11.708Z","https://p19-images-sign-sg.tokopedia-static.net/tos-alisg-i-aphluv4xwc-sg/5db01d6bb65f4b9f9511b127bf02409e~tplv-aphluv4xwc-white-pad-v1:300:300.jpeg?lk3s=97278606&x-expires=1785547991&x-signature=DO2l%2FNi6xfQAlb4MliKAPQGY9N4%3D&x-signature-webp=IcMn1zWrRcCWLxDnmwqiW2m%2Ferw%3D","false","false","bawang goreng murni",,"2","77","Rp23.000","23000","100391592948","https://www.tokopedia.com/kanestsnack/bawang-merah-goreng-super-premium-original-murni-tanpa-campuran-1731140185788417461?extParam=ivf%3Dfalse%26keyword%3Dbawang+goreng+murni%26src%3Dsearch","4.3","Kab. Wonogiri","7494735493393779125","KanestSnack","1","https://www.tokopedia.com/kanestsnack","30+ terjual","https://www.tokopedia.com/search?q=bawang%20goreng%20murni&st=product","BAWANG MERAH GORENG SUPER PREMIUM ORIGINAL MURNI TANPA CAMPURAN"
"Kab. Tangerang",,,"0",,"0","2026-08-01T00:33:11.708Z","https://p16-images-sign-sg.tokopedia-static.net/tos-alisg-i-aphluv4xwc-sg/298f858e1d5c4981a479671d30e5e559~tplv-aphluv4xwc-white-pad-v1:300:300.jpeg?lk3s=97278606&x-expires=1785547991&x-signature=uDOmMvqPDnPcup7mrLrm84oRhX4%3D&x-signature-webp=mUy8FNOAoLcupNxsOTV4%2F2R43mI%3D","false","false","bawang goreng murni",,"2","78","Rp34.500","34500","102543651203","https://www.tokopedia.com/warisan-rasa88/bawang-goreng-murni-asli-100gr-tanpa-tepung-1733156573835199957?extParam=ivf%3Dfalse%26keyword%3Dbawang+goreng+murni%26src%3Dsearch",,"Kab. Tangerang","7494216425790146005","warisan rasa88","1","https://www.tokopedia.com/warisan-rasa88",,"https://www.tokopedia.com/search?q=bawang%20goreng%20murni&st=product","BAWANG GORENG MURNI, ASLI, 100gr, Tanpa Tepung"
"Jakarta Timur",,"dapur/aksesoris-dapur/parutan","983","Dapur","0","2026-08-01T00:33:11.708Z","https://p19-images-sign-sg.tokopedia-static.net/tos-alisg-i-aphluv4xwc-sg/img/hDjmkQ/2025/3/3/cd36db78-7668-4bca-851b-65cca1be8277.jpg~tplv-aphluv4xwc-white-pad-v1:300:300.jpeg?lk3s=97278606&x-expires=1785547991&x-signature=6BIfNCdjbLPBTmzhr3jhkWSIeOU%3D&x-signature-webp=HrTJHwKOfRfy2j14wu3npPlcDpU%3D","false","false","bawang goreng murni",,"2","79","Rp110.000","110000","16365207350","https://www.tokopedia.com/gyatttoko/brambang-premium-bawang-merah-goreng-krispi-garing-120g-120-gram-100-persen-asli-murni-tanpa-pengawet-campuran-bagora-rajagaluh-no-sumenep-brebes-1730949381358715928?extParam=ivf%3Dfalse%26keyword%3Dbawang+goreng+murni%26src%3Dsearch",,"Jakarta Timur","18467545","Gyatt toko","1","https://www.tokopedia.com/gyatttoko",,"https://www.tokopedia.com/search?q=bawang%20goreng%20murni&st=product","Brambang Premium Bawang Merah Goreng Krispi Garing 120g 120 gram 100 persen Asli Murni Tanpa Pengawet Campuran Bagora Rajagaluh No Sumenep Brebes"
"Kab. Magetan",,,"0",,"0","2026-08-01T00:33:11.708Z","https://p16-images-sign-sg.tokopedia-static.net/tos-alisg-i-aphluv4xwc-sg/465693584885433789d10efd556836ea~tplv-aphluv4xwc-white-pad-v1:300:300.jpeg?lk3s=97278606&x-expires=1785547991&x-signature=KiqahVkP57HfPWx3jakCvhgQ6yk%3D&x-signature-webp=ztxpEMOKEWqq6eJiFWClyFUL4Kw%3D","false","false","bawang goreng murni",,"2","80","Rp110.000","110000","100526193586","https://www.tokopedia.com/sumber-barokah-01/bawang-goreng-murni-tanpa-campuran-tepung-1-kg-1731486459341210667?extParam=ivf%3Dfalse%26keyword%3Dbawang+goreng+murni%26src%3Dsearch",,"Kab. Magetan","7496199652138911787","sumber barokah 01","1","https://www.tokopedia.com/sumber-barokah-01",,"https://www.tokopedia.com/search?q=bawang%20goreng%20murni&st=product","bawang goreng murni tanpa campuran tepung 1 kg"
"Kab. Bekasi",,,"0",,"0","2026-08-01T00:33:11.708Z","https://p16-images-sign-sg.tokopedia-static.net/tos-alisg-i-aphluv4xwc-sg/7bd4b569d4e44938884465db982c8dfd~tplv-aphluv4xwc-white-pad-v1:300:300.jpeg?lk3s=97278606&x-expires=1785547991&x-signature=OjHWLUGS2f2eGYcf5JGtD60KrKk%3D&x-signature-webp=o7oI4mOAyX%2BEEnQ8xNqfA2ycc4Q%3D","false","false","bawang goreng murni",,"2","81","Rp78.610","78610","102914390861","https://www.tokopedia.com/bikin-nagih-21/bawang-merah-goreng-405-g-renyah-gurih-low-oil-100-murni-tanpa-campuran-halal-pirt-1734148147393300202?extParam=ivf%3Dfalse%26keyword%3Dbawang+goreng+murni%26src%3Dsearch",,"Kab. Bekasi","7494337048762287850","Bikin Nagih 21","1","https://www.tokopedia.com/bikin-nagih-21",,"https://www.tokopedia.com/search?q=bawang%20goreng%20murni&st=product","Bawang Merah Goreng 405 g - Renyah Gurih Low Oil 100% Murni tanpa Campuran Halal | PIRT"
"Jakarta Timur",,"dapur/aksesoris-dapur/parutan","983","Dapur","0","2026-08-01T00:33:11.708Z","https://p16-images-sign-sg.tokopedia-static.net/tos-alisg-i-aphluv4xwc-sg/img/hDjmkQ/2025/3/3/2192fbd2-8a43-436a-96be-1c2dce013ab4.jpg~tplv-aphluv4xwc-white-pad-v1:300:300.jpeg?lk3s=97278606&x-expires=1785547991&x-signature=QcuHBhEXqgBjBPVpG3d997gfb0Y%3D&x-signature-webp=BZVD1cxV9%2Bc3kqfXr7YXBY97dGI%3D","false","false","bawang goreng murni",,"2","82","Rp390.000","390000","16365270630","https://www.tokopedia.com/gyatttoko/brambang-premium-bawang-merah-goreng-krispi-garing-1kg-kilo-1-kg-100-persen-asli-murni-tanpa-pengawet-campuran-bagora-rajagaluh-no-sumenep-brebes-1730949431242163224?extParam=ivf%3Dfalse%26keyword%3Dbawang+goreng+murni%26src%3Dsearch",,"Jakarta Timur","18467545","Gyatt toko","1","https://www.tokopedia.com/gyatttoko",,"https://www.tokopedia.com/search?q=bawang%20goreng%20murni&st=product","Brambang Premium Bawang Merah Goreng Krispi Garing 1kg kilo 1 kg 100 persen Asli Murni Tanpa Pengawet Campuran Bagora Rajagaluh No Sumenep Brebes"
"Kab. Kediri",,"olahraga/alat-pancing/umpan-pancing","62","Olahraga","0","2026-08-01T00:33:11.708Z","https://p19-images-sign-sg.tokopedia-static.net/tos-alisg-i-aphluv4xwc-sg/adf3b12b783f4f298eb2c2a12047a55f~tplv-aphluv4xwc-white-pad-v1:300:300.jpeg?lk3s=97278606&x-expires=1785547991&x-signature=85zrezWskRFTPspGepw%2BpN1T9Ug%3D&x-signature-webp=TKiEReWIm97GGR5oYro%2F%2BBW0qmE%3D","false","false","bawang goreng murni","Rp50.000","2","83","Rp49.000","49000","100050147768","https://www.tokopedia.com/ares-essen-store/essen-ares-essen-biang-bawang-goreng-essen-bawang-goreng-murni-oil-base-essen-ikan-lele-bawal-patin-mas-1730219380860617816?extParam=ivf%3Dfalse%26keyword%3Dbawang+goreng+murni%26src%3Dsearch",,"Kab. Kediri","7494992195872131160","ARES Essen Store","1","https://www.tokopedia.com/ares-essen-store","1 terjual","https://www.tokopedia.com/search?q=bawang%20goreng%20murni&st=product","ESSEN ARES - Essen Biang Bawang Goreng / Essen Bawang Goreng Murni Oil Base Essen Ikan Lele Bawal Patin Mas"
"Jakarta Timur",,,"0",,"0","2026-08-01T00:33:11.708Z","https://p16-images-sign-sg.tokopedia-static.net/tos-alisg-i-aphluv4xwc-sg/95e1c2b0e2e048dfaa07fa6cb81dfbdb~tplv-aphluv4xwc-white-pad-v1:300:300.jpeg?lk3s=97278606&x-expires=1785547991&x-signature=2imx9iy1ioASeWTkGRqdswUHeAE%3D&x-signature-webp=dMY9rkD3qM4n8zmzpBr1MOoJ8cU%3D","false","false","bawang goreng murni",,"2","84","Rp298.500","298500","102443503238","https://www.tokopedia.com/enoii-shop/bawang-goreng-asli-premium-aksara-a-murni-tanpa-tepung-orinal-gurih-dan-renyah-termurah-best-seller-1732919649035060370?extParam=ivf%3Dfalse%26keyword%3Dbawang+goreng+murni%26src%3Dsearch",,"Jakarta Timur","7494202129137173650","ENOII SHOP","1","https://www.tokopedia.com/enoii-shop",,"https://www.tokopedia.com/search?q=bawang%20goreng%20murni&st=product","BAWANG GORENG ASLI PREMIUM AKSARA A++ | MURNI TANPA TEPUNG, ORINAL GURIH DAN RENYAH TERMURAH BEST SELLER"
"Denpasar",,,"0",,"0","2026-08-01T00:33:11.708Z","https://p19-images-sign-sg.tokopedia-static.net/tos-alisg-i-aphluv4xwc-sg/6cbd02623c9c4e46b9f47817879156a7~tplv-aphluv4xwc-white-pad-v1:300:300.jpeg?lk3s=97278606&x-expires=1785547991&x-signature=12%2BcO6Ab2yMjgBI%2BI303NoT0KQc%3D&x-signature-webp=NzaPNC5HJpO9Oi7vnyK5wMjG5eo%3D","false","false","bawang goreng murni",,"2","85","Rp136.000","136000","102556875823","https://www.tokopedia.com/bevil-shop12/super-premium-bawang-merah-goreng-300-200-100-gram-murni-tanpa-tepung-original-tawangmangu-pasti-ori-1733208957939189752?extParam=ivf%3Dfalse%26keyword%3Dbawang+goreng+murni%26src%3Dsearch",,"Denpasar","7496092746524429304","Bevil Shop12","1","https://www.tokopedia.com/bevil-shop12",,"https://www.tokopedia.com/search?q=bawang%20goreng%20murni&st=product","[Super Premium] Bawang Merah Goreng 300/200/100 Gram | Murni Tanpa Tepung Original (Tawangmangu) Pasti Ori"
"Jakarta Selatan",,"dapur/aksesoris-dapur/parutan","983","Dapur","0","2026-08-01T00:33:11.708Z","https://p16-images-sign-sg.tokopedia-static.net/tos-alisg-i-aphluv4xwc-sg/img/hDjmkQ/2025/3/12/38042025-c629-44f9-9079-bb434f482a84.jpg~tplv-aphluv4xwc-white-pad-v1:300:300.jpeg?lk3s=97278606&x-expires=1785547991&x-signature=biWxaNUly249MHrwCdg57K3TbVA%3D&x-signature-webp=X21f0YimAfrZhXYq2Z5824LFczE%3D","false","false","bawang goreng murni",,"2","86","Rp109.000","109000","16433193462","https://www.tokopedia.com/andalansemuanya/brambang-premium-bawang-merah-goreng-krispi-garing-120g-120-gram-100-persen-asli-murni-tanpa-pengawet-campuran-bagora-rajagaluh-no-sumenep-brebes-1731004056840143978?extParam=ivf%3Dfalse%26keyword%3Dbawang+goreng+murni%26src%3Dsearch",,"Jakarta Selatan","18496982","Andalansemuanya","1","https://www.tokopedia.com/andalansemuanya",,"https://www.tokopedia.com/search?q=bawang%20goreng%20murni&st=product","Brambang Premium Bawang Merah Goreng Krispi Garing 120g 120 gram 100 persen Asli Murni Tanpa Pengawet Campuran Bagora Rajagaluh No Sumenep Brebes"
"Jakarta Selatan",,,"0",,"0","2026-08-01T00:33:11.708Z","https://p16-images-sign-sg.tokopedia-static.net/tos-alisg-i-aphluv4xwc-sg/5fc45b9f27b74845a85b2f5ded0869bb~tplv-aphluv4xwc-white-pad-v1:300:300.jpeg?lk3s=97278606&x-expires=1785547991&x-signature=254s3Bekc5gbjaUCYrqnw%2BEeS1U%3D&x-signature-webp=P2knC6YGOc4p8mjyZYNDiqG0MaM%3D","false","false","bawang goreng murni",,"2","87","Rp15.000","15000","100542229165","https://www.tokopedia.com/gliders-gantenk/bawang-goreng-trabas-bawang-goreng-premium-tanpa-tepung-wortel-umbi-umbian-100-bawang-goreng-murni-tanpa-campuran-enak-banget-di-campur-dengan-nasi-mie-atau-makanan-lain-nya-rasanya-gurih-renyah-krenyes-di-mulut-1730892802671543628?extParam=ivf%3Dfalse%26keyword%3Dbawang+goreng+murni%26src%3Dsearch",,"Jakarta Selatan","7495729411002763596","gliders gantenk","1","https://www.tokopedia.com/gliders-gantenk",,"https://www.tokopedia.com/search?q=bawang%20goreng%20murni&st=product","Bawang Goreng Trabas + Bawang Goreng Premium tanpa tepung, wortel, umbi-umbian. 100% bawang goreng murni tanpa campuran   enak banget di campur dengan nasi, mie, atau makanan lain nya, rasanya gurih, renyah, krenyes di mulut"
"Depok",,"rumah-tangga/tempat-penyimpanan/lainnya","984","Rumah Tangga","0","2026-08-01T00:33:11.708Z","https://p16-images-sign-sg.tokopedia-static.net/tos-alisg-i-aphluv4xwc-sg/img/hDjmkQ/2025/3/4/aa770faf-1248-45f4-aeed-d62af86a3720.jpg~tplv-aphluv4xwc-white-pad-v1:300:300.jpeg?lk3s=97278606&x-expires=1785547991&x-signature=isnQ%2FW0qzFfZBTU%2BW5hIa5U1itg%3D&x-signature-webp=Fck6DUmfc3iuGjkjSA5vNibY6OM%3D","false","false","bawang goreng murni",,"2","88","Rp71.000","71000","16371886063","https://www.tokopedia.com/giatrigait/bawang-goreng-murni-tanpa-tepung-250-gr-kemasan-vakum-1730954731729553097?extParam=ivf%3Dfalse%26keyword%3Dbawang+goreng+murni%26src%3Dsearch",,"Depok","18451173","giatrigait","1","https://www.tokopedia.com/giatrigait",,"https://www.tokopedia.com/search?q=bawang%20goreng%20murni&st=product","Bawang Goreng Murni Tanpa Tepung 250 Gr Kemasan Vakum"
"Jakarta Barat",,,"0",,"0","2026-08-01T00:33:11.708Z","https://p19-images-sign-sg.tokopedia-static.net/tos-alisg-i-aphluv4xwc-sg/7c2291722fff40258d6d1fd356564fb8~tplv-aphluv4xwc-white-pad-v1:300:300.jpeg?lk3s=97278606&x-expires=1785547991&x-signature=glAI1TTrpjzlMnqXnE9Bew7oLgU%3D&x-signature-webp=22%2FxG6txJi4voN4UZw0Wja2j2AI%3D","false","false","bawang goreng murni",,"2","89","Rp55.000","55000","100563260129","https://www.tokopedia.com/hanna-kitchennn/bawang-goreng-murni-gurih-dan-renyah-1730331261369419010?extParam=ivf%3Dfalse%26keyword%3Dbawang+goreng+murni%26src%3Dsearch",,"Jakarta Barat","7494696731173488898","Hanna Kitchennn","1","https://www.tokopedia.com/hanna-kitchennn",,"https://www.tokopedia.com/search?q=bawang%20goreng%20murni&st=product","Bawang goreng murni gurih dan renyah"
"Depok",,"rumah-tangga/tempat-penyimpanan/kotak","984","Rumah Tangga","0","2026-08-01T00:33:11.708Z","https://p16-images-sign-sg.tokopedia-static.net/tos-alisg-i-aphluv4xwc-sg/img/hDjmkQ/2025/3/8/17a35dfc-74ac-4036-86f5-19d3a0626d75.jpg~tplv-aphluv4xwc-white-pad-v1:300:300.jpeg?lk3s=97278606&x-expires=1785547991&x-signature=6adj8qenpdFw58sD9d3Ymrr7Elk%3D&x-signature-webp=2YGHGwMhOhRnvghnOzaGf9FOTlg%3D","false","false","bawang goreng murni",,"2","90","Rp156.500","156500","16401964047","https://www.tokopedia.com/allizssa/bawang-goreng-murni-1-kg-pasti-ori-best-pick-pasti-diskon-1730979403016669027?extParam=ivf%3Dfalse%26keyword%3Dbawang+goreng+murni%26src%3Dsearch",,"Depok","18395153","Allizssa","1","https://www.tokopedia.com/allizssa",,"https://www.tokopedia.com/search?q=bawang%20goreng%20murni&st=product","Bawang Goreng Murni 1 Kg Pasti Ori|Best Pick|Pasti Diskon"
"Kab. Nganjuk",,,"0",,"0","2026-08-01T00:33:11.708Z","https://p16-images-common-sign-sg.tokopedia-static.net/tos-maliva-i-o3syd03w52-us/20aaffcf3d4b4693933a3eb65aca1e90~tplv-o3syd03w52-resize-jpeg:300:300.jpeg?lk3s=97278606&x-expires=1785547991&x-signature=69u%2FXcVeFMkEAepdCNQCBnrrijI%3D&x-signature-webp=U2dULMc5M4ucSvWjekheEvsTtY8%3D","false","false","bawang goreng murni",,"2","91","Rp30.000","30000","100550678677","https://www.tokopedia.com/agapro/bawang-merah-goreng-murni-200g-food-1730192974084081261?extParam=ivf%3Dfalse%26keyword%3Dbawang+goreng+murni%26src%3Dsearch",,"Kab. Nganjuk","7494984121854823021","AGApro","1","https://www.tokopedia.com/agapro",,"https://www.tokopedia.com/search?q=bawang%20goreng%20murni&st=product","Bawang Merah goreng murni 200g Food"
"Jakarta Timur",,"dapur/aksesoris-dapur/parutan","983","Dapur","0","2026-08-01T00:33:11.708Z","https://p16-images-sign-sg.tokopedia-static.net/tos-alisg-i-aphluv4xwc-sg/img/hDjmkQ/2025/3/3/7aa8cede-74ac-493a-8647-b27328b0fff7.jpg~tplv-aphluv4xwc-white-pad-v1:300:300.jpeg?lk3s=97278606&x-expires=1785547991&x-signature=pwNsLlNoBZkStE2oTUS4em2J%2BXg%3D&x-signature-webp=Efn%2BmOTxe%2FZLo3U6uxcfMnxxUyk%3D","false","false","bawang goreng murni",,"2","92","Rp156.000","156000","16365199640","https://www.tokopedia.com/gyatttoko/brambang-premium-bawang-merah-goreng-krispi-garing-250g-250-gram-100-persen-asli-murni-tanpa-pengawet-campuran-bagora-rajagaluh-no-sumenep-brebes-1730949365786641432?extParam=ivf%3Dfalse%26keyword%3Dbawang+goreng+murni%26src%3Dsearch",,"Jakarta Timur","18467545","Gyatt toko","1","https://www.tokopedia.com/gyatttoko",,"https://www.tokopedia.com/search?q=bawang%20goreng%20murni&st=product","Brambang Premium Bawang Merah Goreng Krispi Garing 250g 250 gram 100 persen Asli Murni Tanpa Pengawet Campuran Bagora Rajagaluh No Sumenep Brebes"
"Kab. Probolinggo",,,"0",,"0","2026-08-01T00:33:11.708Z","https://p16-images-sign-sg.tokopedia-static.net/tos-alisg-i-aphluv4xwc-sg/b5bd8c340578400a818a41997b33cc6a~tplv-aphluv4xwc-white-pad-v1:300:300.jpeg?lk3s=97278606&x-expires=1785547991&x-signature=19W9Rj9z%2FQh30luOLIqa7DO3hZU%3D&x-signature-webp=2SUpkUMFSyG9vfcrCCEfFYO9p8Q%3D","false","false","bawang goreng murni",,"2","93","Rp90.000","90000","102022751818","https://www.tokopedia.com/bagor-asli-probolinggo/bawang-goreng-khas-probolinggo-murni-100-bawang-merah-premium-ukuran-toples-200-ml-1732088786398316243?extParam=ivf%3Dfalse%26keyword%3Dbawang+goreng+murni%26src%3Dsearch",,"Kab. Probolinggo","7496302829770083027","Bagor Asli Probolinggo","1","https://www.tokopedia.com/bagor-asli-probolinggo","1 terjual","https://www.tokopedia.com/search?q=bawang%20goreng%20murni&st=product","Bawang Goreng khas Probolinggo murni 100% Bawang Merah Premium ukuran toples 200 ml"
"Depok",,,"0",,"0","2026-08-01T00:33:11.708Z","https://p19-images-common-sign-sg.tokopedia-static.net/tos-maliva-i-o3syd03w52-us/dc3df9d05f2844fdb769b5fc3a59b3ae~tplv-o3syd03w52-resize-jpeg:300:300.jpeg?lk3s=97278606&x-expires=1785547991&x-signature=1fRW%2BP9VJpqHWjop6pC3L97ne1E%3D&x-signature-webp=Rj6M3cTYIb%2FMvnzi04yPueemenk%3D","false","false","bawang goreng murni",,"2","94","Rp21.000","21000","100344925696","https://www.tokopedia.com/bawanggoreng10-986/bawang-goreng-sumenep-murni-asli-tanpa-campuran-220-gram-200-gram-dan-120-gram-1729583774701750917?extParam=ivf%3Dfalse%26keyword%3Dbawang+goreng+murni%26src%3Dsearch",,"Depok","7494914252273191557","Bawanggoreng10","1","https://www.tokopedia.com/bawanggoreng10-986","3 terjual","https://www.tokopedia.com/search?q=bawang%20goreng%20murni&st=product","Bawang Goreng Sumenep Murni Asli Tanpa Campuran 220 Gram, 200 Gram dan 120 Gram"
"Jakarta Selatan",,"dapur/aksesoris-dapur/parutan","983","Dapur","0","2026-08-01T00:33:11.708Z","https://p19-images-sign-sg.tokopedia-static.net/tos-alisg-i-aphluv4xwc-sg/img/hDjmkQ/2025/3/12/fa4e09e1-04cf-498b-b15a-34bdbd200463.jpg~tplv-aphluv4xwc-white-pad-v1:300:300.jpeg?lk3s=97278606&x-expires=1785547991&x-signature=2B7THOQX6OOosLLrfZAgUq36fbg%3D&x-signature-webp=UQV1SkidTDDKz0B2gI%2B7hemJjUg%3D","false","false","bawang goreng murni",,"2","95","Rp92.000","92000","16433201402","https://www.tokopedia.com/andalansemuanya/brambang-premium-bawang-merah-goreng-krispi-garing-75g-75-gram-100-persen-asli-murni-tanpa-pengawet-campuran-bagora-rajagaluh-no-sumenep-brebes-1731004056153850986?extParam=ivf%3Dfalse%26keyword%3Dbawang+goreng+murni%26src%3Dsearch",,"Jakarta Selatan","18496982","Andalansemuanya","1","https://www.tokopedia.com/andalansemuanya",,"https://www.tokopedia.com/search?q=bawang%20goreng%20murni&st=product","Brambang Premium Bawang Merah Goreng Krispi Garing 75g 75 gram 100 persen Asli Murni Tanpa Pengawet Campuran Bagora Rajagaluh No Sumenep Brebes"
"Jakarta Timur",,"dapur/aksesoris-dapur/parutan","983","Dapur","0","2026-08-01T00:33:11.708Z","https://p16-images-sign-sg.tokopedia-static.net/tos-alisg-i-aphluv4xwc-sg/img/hDjmkQ/2025/3/3/cbd21c05-ef25-463e-8f8e-d04c72cea030.jpg~tplv-aphluv4xwc-white-pad-v1:300:300.jpeg?lk3s=97278606&x-expires=1785547991&x-signature=usQjiWO0MNy9e1LYyAVJ5lCN5zE%3D&x-signature-webp=5BNPfz38%2B611Z3BLp0nG3JxQ%2F8A%3D","false","false","bawang goreng murni",,"2","96","Rp89.000","89000","16365220944","https://www.tokopedia.com/gyatttoko/brambang-premium-bawang-merah-goreng-krispi-garing-75g-75-gram-100-persen-asli-murni-tanpa-pengawet-campuran-bagora-rajagaluh-no-sumenep-brebes-1730949382092063768?extParam=ivf%3Dfalse%26keyword%3Dbawang+goreng+murni%26src%3Dsearch",,"Jakarta Timur","18467545","Gyatt toko","1","https://www.tokopedia.com/gyatttoko",,"https://www.tokopedia.com/search?q=bawang%20goreng%20murni&st=product","Brambang Premium Bawang Merah Goreng Krispi Garing 75g 75 gram 100 persen Asli Murni Tanpa Pengawet Campuran Bagora Rajagaluh No Sumenep Brebes"
"Kab. Brebes",,,"0",,"0","2026-08-01T00:33:11.708Z","https://p16-images-sign-sg.tokopedia-static.net/tos-alisg-i-aphluv4xwc-sg/1ba12670f4a742489d5200a7e59702a3~tplv-aphluv4xwc-white-pad-v1:300:300.jpeg?lk3s=97278606&x-expires=1785547991&x-signature=qQRSnTt23Jn2IZfqYnHQSAidzTA%3D&x-signature-webp=fDsfE4pqLHcLwXFaUNkPvv66c7A%3D","false","false","bawang goreng murni",,"2","97","Rp95.000","95000","103234313223","https://www.tokopedia.com/arsya-shop-66/bawang-goreng-murni-asli-brebes-1735069748328891623?extParam=ivf%3Dfalse%26keyword%3Dbawang+goreng+murni%26src%3Dsearch",,"Kab. Brebes","7494557452449383655","ARSYA SHOP 6,6","1","https://www.tokopedia.com/arsya-shop-66",,"https://www.tokopedia.com/search?q=bawang%20goreng%20murni&st=product","bawang goreng murni asli brebes"
"Depok",,"rumah-tangga/tempat-penyimpanan/lainnya","984","Rumah Tangga","0","2026-08-01T00:33:11.708Z","https://p16-images-sign-sg.tokopedia-static.net/tos-alisg-i-aphluv4xwc-sg/img/hDjmkQ/2025/3/15/ebdbc5ce-e274-427d-9f7a-86914ba6c1c1.jpg~tplv-aphluv4xwc-white-pad-v1:300:300.jpeg?lk3s=97278606&x-expires=1785547991&x-signature=VAyHag8T9YCDv2evYDFDQtIICko%3D&x-signature-webp=%2FQL0ynhe4fEgUbybIRsapa14oIw%3D","false","false","bawang goreng murni",,"2","98","Rp134.000","134000","16452976313","https://www.tokopedia.com/bungabuir/bawang-goreng-murni-500-gr-tanpa-tepung-1731019542166669109?extParam=ivf%3Dfalse%26keyword%3Dbawang+goreng+murni%26src%3Dsearch",,"Depok","18456435","bungabuir","1","https://www.tokopedia.com/bungabuir",,"https://www.tokopedia.com/search?q=bawang%20goreng%20murni&st=product","Bawang Goreng Murni 500 Gr / Tanpa Tepung"
"Kab. Tangerang",,"fashion-wanita/tas-wanita/shoulder-bag-wanita","1758","Fashion Wanita","0","2026-08-01T00:33:11.708Z","https://p16-images-sign-sg.tokopedia-static.net/tos-alisg-i-aphluv4xwc-sg/8700db5520144abf9ad22bd117266b22~tplv-aphluv4xwc-white-pad-v1:300:300.jpeg?lk3s=97278606&x-expires=1785547991&x-signature=B%2FTcxkwgB9bXhfw%2FKCjaomgWEak%3D&x-signature-webp=qsd%2FJ%2BCAPfaMERemNZOom7Rwros%3D","false","false","bawang goreng murni",,"2","99","Rp90.000","90000","102587274997","https://www.tokopedia.com/surya-nani1/paket-best-seller-goreng-garem-mindo-nyok-100-bawang-murni-1733279940890625790?extParam=ivf%3Dfalse%26keyword%3Dbawang+goreng+murni%26src%3Dsearch",,"Kab. Tangerang","7494180960374916862","SURYA NANI1.","1","https://www.tokopedia.com/surya-nani1",,"https://www.tokopedia.com/search?q=bawang%20goreng%20murni&st=product","Paket BEST SELLER goreng garem Mindo Nyok 100% Bawang Murni"
"Bekasi",,,"0",,"0","2026-08-01T00:33:11.708Z","https://p16-images-sign-sg.tokopedia-static.net/tos-alisg-i-aphluv4xwc-sg/b391203f6d514c5bb277129cd6f4f2c0~tplv-aphluv4xwc-white-pad-v1:300:300.jpeg?lk3s=97278606&x-expires=1785547991&x-signature=hX%2BumXIY%2FKrpIuDC07DcU0%2FGUCQ%3D&x-signature-webp=HQAZz8kW3tGHhvuBugRIJ46ETvI%3D","false","false","bawang goreng murni",,"2","100","Rp60.000","60000","103201729286","https://www.tokopedia.com/bawang-goreng-bekasi/bawang-goreng-murni-kemasan-toples-plastik-kualitas-terbaik-1735000222739891794-1735000314870335058?extParam=ivf%3Dfalse%26keyword%3Dbawang+goreng+murni%26src%3Dsearch",,"Bekasi","7494552787413730898","bawang goreng bekasi","1","https://www.tokopedia.com/bawang-goreng-bekasi",,"https://www.tokopedia.com/search?q=bawang%20goreng%20murni&st=product","bawang goreng murni kemasan toples plastik - kualitas terbaik"
